
  ___  ____  ____  ____  ____ ©
 /__    /   ____/   /   ____/      17.0
___/   /   /___/   /   /___/       MP—Parallel Edition

 Statistics and Data Science       Copyright 1985-2021 StataCorp LLC
                                   StataCorp
                                   4905 Lakeway Drive
                                   College Station, Texas 77845 USA
                                   800-STATA-PC        https://www.stata.com
                                   979-696-4600        stata@stata.com

Stata license: Single-user 2-core  perpetual
Serial number: 501806366047
  Licensed to: Sam Xie
               samxie

Notes:
      1. Stata is running in batch mode.
      2. Unicode is supported; see help unicode_advice.
      3. More than 2 billion observations are allowed; see help obs_advice.
      4. Maximum number of variables is set to 5,000; see help set_maxvar.


Running /Applications/Stata/profile.do ...
command window is unrecognized
r(199);

. do scripts/stata/run_event_month_pool_gt100_full_replication_260711.do 

. version 17.0

. clear all

. set more off

. local project "/Users/samxie/Research/ReviewSimi_Sales/Code"

. do "`project'/scripts/stata/run_event_month_pool_gt100_market_boundaries_2607
> 11.do"

. *******************************************************
. * Route A market boundaries, rebuilt pooled-ARS panel.
. * Self-contained: load, prepare, all specifications explicit.
. *******************************************************
. version 17.0

. clear all

. set more off

. set linesize 255

. capture log close

. local p "/Users/samxie/Research/ReviewSimi_Sales/Code"

. use "`p'/outputs/core_simi_260501/data/event_month_pool_allreviews_gt100_panel_260711.dta", clear

. log using "`p'/stata-log/run_event_month_pool_gt100_market_boundaries_260711.log", text replace
---------------------------------------------------------------------------------------------------------------------------------------------------------------------------------------------------------------------------------------------------------------
      name:  <unnamed>
       log:  /Users/samxie/Research/ReviewSimi_Sales/Code/stata-log/run_event_month_pool_gt100_market_boundaries_260711.log
  log type:  text
 opened on:  12 Jul 2026, 19:31:30

. estimates clear

. 
. * M0.1 pooled-ARS baseline.
. reghdfe ln_RevPAR_clean_w199 sim_mean ln_recent_volumn recent_rating recent_sd ln_lag_volumn_acc lag_avg_rating_acc lag_sd_acc ln_avg_com_RevPAR ln_lag_RevPAR_clean_w199 if !missing(sim_mean), absorb(hotel_id_num ym) vce(cluster hotel_id_num)
(dropped 2 singleton observations)
(MWFE estimator converged in 7 iterations)

HDFE Linear regression                            Number of obs   =     33,317
Absorbing 2 HDFE groups                           F(   9,    555) =     143.12
Statistics robust to heteroskedasticity           Prob > F        =     0.0000
                                                  R-squared       =     0.8777
                                                  Adj R-squared   =     0.8750
                                                  Within R-sq.    =     0.3040
Number of clusters (hotel_id_num) =        556    Root MSE        =     0.2290

                                     (Std. err. adjusted for 556 clusters in hotel_id_num)
------------------------------------------------------------------------------------------
                         |               Robust
    ln_RevPAR_clean_w199 | Coefficient  std. err.      t    P>|t|     [95% conf. interval]
-------------------------+----------------------------------------------------------------
                sim_mean |  -.0787558   .0253303    -3.11   0.002    -.1285108   -.0290008
        ln_recent_volumn |   .0784068   .0087863     8.92   0.000     .0611482    .0956653
           recent_rating |   .0207013   .0059783     3.46   0.001     .0089584    .0324441
               recent_sd |   .0023682   .0074413     0.32   0.750    -.0122483    .0169848
       ln_lag_volumn_acc |   .0280486   .0071083     3.95   0.000     .0140862    .0420111
      lag_avg_rating_acc |   .0040613   .0277367     0.15   0.884    -.0504204    .0585429
              lag_sd_acc |  -.0132234   .0343856    -0.38   0.701    -.0807652    .0543183
       ln_avg_com_RevPAR |   .1202625   .0119895    10.03   0.000     .0967122    .1438127
ln_lag_RevPAR_clean_w199 |   .4398377   .0176841    24.87   0.000     .4051017    .4745737
                   _cons |   1.447069   .1499439     9.65   0.000     1.152542    1.741595
------------------------------------------------------------------------------------------

Absorbed degrees of freedom:
------------------------------------------------------+
  Absorbed FE | Categories  - Redundant  = Num. Coefs |
--------------+---------------------------------------|
 hotel_id_num |       556         556           0    *|
           ym |       135           1         134     |
------------------------------------------------------+
* = FE nested within cluster; treated as redundant for DoF computation

. estimates store M01

. 
. * M0.2 competitor RevPAR level.
. reghdfe ln_RevPAR_clean_w199 c.sim_mean##c.ln_avg_com_RevPAR ln_recent_volumn recent_rating recent_sd ln_lag_volumn_acc lag_avg_rating_acc lag_sd_acc ln_lag_RevPAR_clean_w199 if !missing(sim_mean, ln_avg_com_RevPAR), absorb(hotel_id_num ym) vce(cluster 
> hotel_id_num)
(dropped 2 singleton observations)
(MWFE estimator converged in 7 iterations)

HDFE Linear regression                            Number of obs   =     33,317
Absorbing 2 HDFE groups                           F(  10,    555) =     129.21
Statistics robust to heteroskedasticity           Prob > F        =     0.0000
                                                  R-squared       =     0.8777
                                                  Adj R-squared   =     0.8751
                                                  Within R-sq.    =     0.3043
Number of clusters (hotel_id_num) =        556    Root MSE        =     0.2290

                                           (Std. err. adjusted for 556 clusters in hotel_id_num)
------------------------------------------------------------------------------------------------
                               |               Robust
          ln_RevPAR_clean_w199 | Coefficient  std. err.      t    P>|t|     [95% conf. interval]
-------------------------------+----------------------------------------------------------------
                      sim_mean |   .3336338   .1651448     2.02   0.044     .0092485    .6580191
             ln_avg_com_RevPAR |   .1500081   .0167471     8.96   0.000     .1171127    .1829034
                               |
c.sim_mean#c.ln_avg_com_RevPAR |  -.0996845   .0385328    -2.59   0.010    -.1753724   -.0239965
                               |
              ln_recent_volumn |   .0792581   .0087698     9.04   0.000      .062032    .0964842
                 recent_rating |   .0211331   .0059813     3.53   0.000     .0093844    .0328818
                     recent_sd |   .0021236   .0074245     0.29   0.775      -.01246    .0167073
             ln_lag_volumn_acc |   .0281665    .007116     3.96   0.000     .0141889    .0421441
            lag_avg_rating_acc |   .0033792   .0276566     0.12   0.903    -.0509451    .0577035
                    lag_sd_acc |  -.0139191   .0343253    -0.41   0.685    -.0813425    .0535043
      ln_lag_RevPAR_clean_w199 |   .4397772   .0176647    24.90   0.000     .4050793     .474475
                         _cons |   1.323122   .1614651     8.19   0.000     1.005964    1.640279
------------------------------------------------------------------------------------------------

Absorbed degrees of freedom:
------------------------------------------------------+
  Absorbed FE | Categories  - Redundant  = Num. Coefs |
--------------+---------------------------------------|
 hotel_id_num |       556         556           0    *|
           ym |       135           1         134     |
------------------------------------------------------+
* = FE nested within cluster; treated as redundant for DoF computation

. estimates store M02

. 
. * M1-M9 market-boundary interactions.
. reghdfe ln_RevPAR_clean_w199 c.sim_mean##i.high_comp_zip_focus100 ln_recent_volumn recent_rating recent_sd ln_lag_volumn_acc lag_avg_rating_acc lag_sd_acc ln_avg_com_RevPAR ln_lag_RevPAR_clean_w199 if !missing(sim_mean, high_comp_zip_focus100), absorb(h
> otel_id_num ym) vce(cluster hotel_id_num)
(dropped 2 singleton observations)
(MWFE estimator converged in 7 iterations)

HDFE Linear regression                            Number of obs   =     33,247
Absorbing 2 HDFE groups                           F(  11,    555) =     114.03
Statistics robust to heteroskedasticity           Prob > F        =     0.0000
                                                  R-squared       =     0.8802
                                                  Adj R-squared   =     0.8776
                                                  Within R-sq.    =     0.2932
Number of clusters (hotel_id_num) =        556    Root MSE        =     0.2247

                                              (Std. err. adjusted for 556 clusters in hotel_id_num)
---------------------------------------------------------------------------------------------------
                                  |               Robust
             ln_RevPAR_clean_w199 | Coefficient  std. err.      t    P>|t|     [95% conf. interval]
----------------------------------+----------------------------------------------------------------
                         sim_mean |  -.0981686   .0355635    -2.76   0.006    -.1680242    -.028313
         1.high_comp_zip_focus100 |  -.0176971   .0180802    -0.98   0.328    -.0532111    .0178168
                                  |
high_comp_zip_focus100#c.sim_mean |
                               1  |    .047804   .0506665     0.94   0.346    -.0517175    .1473255
                                  |
                 ln_recent_volumn |   .0806003    .008841     9.12   0.000     .0632344    .0979662
                    recent_rating |   .0183254   .0059368     3.09   0.002     .0066639    .0299868
                        recent_sd |   .0009846   .0074444     0.13   0.895     -.013638    .0156072
                ln_lag_volumn_acc |   .0295064   .0072701     4.06   0.000     .0152262    .0437866
               lag_avg_rating_acc |   .0124299   .0266408     0.47   0.641    -.0398991     .064759
                       lag_sd_acc |  -.0049749   .0344763    -0.14   0.885    -.0726948     .062745
                ln_avg_com_RevPAR |   .1213355    .012203     9.94   0.000     .0973657    .1453053
         ln_lag_RevPAR_clean_w199 |   .4199375   .0171706    24.46   0.000     .3862102    .4536649
                            _cons |   1.492219   .1493435     9.99   0.000     1.198872    1.785567
---------------------------------------------------------------------------------------------------

Absorbed degrees of freedom:
------------------------------------------------------+
  Absorbed FE | Categories  - Redundant  = Num. Coefs |
--------------+---------------------------------------|
 hotel_id_num |       556         556           0    *|
           ym |       135           1         134     |
------------------------------------------------------+
* = FE nested within cluster; treated as redundant for DoF computation

. estimates store M1_zipcomp

. reghdfe ln_RevPAR_clean_w199 c.sim_mean##i.high_comp_city_focus100 ln_recent_volumn recent_rating recent_sd ln_lag_volumn_acc lag_avg_rating_acc lag_sd_acc ln_avg_com_RevPAR ln_lag_RevPAR_clean_w199 if !missing(sim_mean, high_comp_city_focus100), absorb
> (hotel_id_num ym) vce(cluster hotel_id_num)
(dropped 2 singleton observations)
(MWFE estimator converged in 7 iterations)

HDFE Linear regression                            Number of obs   =     33,247
Absorbing 2 HDFE groups                           F(  11,    555) =     114.45
Statistics robust to heteroskedasticity           Prob > F        =     0.0000
                                                  R-squared       =     0.8802
                                                  Adj R-squared   =     0.8777
                                                  Within R-sq.    =     0.2934
Number of clusters (hotel_id_num) =        556    Root MSE        =     0.2247

                                               (Std. err. adjusted for 556 clusters in hotel_id_num)
----------------------------------------------------------------------------------------------------
                                   |               Robust
              ln_RevPAR_clean_w199 | Coefficient  std. err.      t    P>|t|     [95% conf. interval]
-----------------------------------+----------------------------------------------------------------
                          sim_mean |  -.0684371   .0371289    -1.84   0.066    -.1413674    .0044931
         1.high_comp_city_focus100 |   .0214567   .0166053     1.29   0.197    -.0111601    .0540736
                                   |
high_comp_city_focus100#c.sim_mean |
                                1  |  -.0113701   .0475738    -0.24   0.811    -.1048167    .0820766
                                   |
                  ln_recent_volumn |   .0806211     .00887     9.09   0.000     .0631982    .0980439
                     recent_rating |   .0187208   .0059094     3.17   0.002     .0071133    .0303282
                         recent_sd |   .0011916   .0074691     0.16   0.873    -.0134797    .0158629
                 ln_lag_volumn_acc |   .0294531   .0072948     4.04   0.000     .0151244    .0437818
                lag_avg_rating_acc |   .0115736   .0268953     0.43   0.667    -.0412555    .0644026
                        lag_sd_acc |  -.0044264   .0347904    -0.13   0.899    -.0727634    .0639105
                 ln_avg_com_RevPAR |   .1209162   .0121316     9.97   0.000     .0970867    .1447457
          ln_lag_RevPAR_clean_w199 |   .4192926   .0172541    24.30   0.000     .3854012    .4531839
                             _cons |   1.478443   .1512504     9.77   0.000      1.18135    1.775536
----------------------------------------------------------------------------------------------------

Absorbed degrees of freedom:
------------------------------------------------------+
  Absorbed FE | Categories  - Redundant  = Num. Coefs |
--------------+---------------------------------------|
 hotel_id_num |       556         556           0    *|
           ym |       135           1         134     |
------------------------------------------------------+
* = FE nested within cluster; treated as redundant for DoF computation

. estimates store M2_citycomp

. reghdfe ln_RevPAR_clean_w199 c.sim_mean##c.zip_n_full_c ln_recent_volumn recent_rating recent_sd ln_lag_volumn_acc lag_avg_rating_acc lag_sd_acc ln_avg_com_RevPAR ln_lag_RevPAR_clean_w199 if !missing(sim_mean, zip_n_full_c), absorb(hotel_id_num ym) vce(
> cluster hotel_id_num)
(dropped 2 singleton observations)
(MWFE estimator converged in 7 iterations)

HDFE Linear regression                            Number of obs   =     33,247
Absorbing 2 HDFE groups                           F(  11,    555) =     113.01
Statistics robust to heteroskedasticity           Prob > F        =     0.0000
                                                  R-squared       =     0.8802
                                                  Adj R-squared   =     0.8776
                                                  Within R-sq.    =     0.2932
Number of clusters (hotel_id_num) =        556    Root MSE        =     0.2247

                                      (Std. err. adjusted for 556 clusters in hotel_id_num)
-------------------------------------------------------------------------------------------
                          |               Robust
     ln_RevPAR_clean_w199 | Coefficient  std. err.      t    P>|t|     [95% conf. interval]
--------------------------+----------------------------------------------------------------
                 sim_mean |   -.075186   .0254974    -2.95   0.003    -.1252692   -.0251028
             zip_n_full_c |  -.0011787   .0015005    -0.79   0.432     -.004126    .0017686
                          |
c.sim_mean#c.zip_n_full_c |   .0007106   .0036066     0.20   0.844    -.0063735    .0077948
                          |
         ln_recent_volumn |   .0803175   .0087838     9.14   0.000      .063064     .097571
            recent_rating |   .0185705   .0059156     3.14   0.002     .0069508    .0301902
                recent_sd |   .0012192   .0074723     0.16   0.870    -.0134583    .0158967
        ln_lag_volumn_acc |   .0294354   .0072655     4.05   0.000     .0151641    .0437067
       lag_avg_rating_acc |   .0134863   .0265897     0.51   0.612    -.0387426    .0657151
               lag_sd_acc |   -.004258   .0343976    -0.12   0.902    -.0718234    .0633074
        ln_avg_com_RevPAR |     .12157   .0121308    10.02   0.000     .0977422    .1453978
 ln_lag_RevPAR_clean_w199 |   .4198415   .0171978    24.41   0.000     .3860609    .4536222
                    _cons |     1.4781   .1493326     9.90   0.000     1.184774    1.771426
-------------------------------------------------------------------------------------------

Absorbed degrees of freedom:
------------------------------------------------------+
  Absorbed FE | Categories  - Redundant  = Num. Coefs |
--------------+---------------------------------------|
 hotel_id_num |       556         556           0    *|
           ym |       135           1         134     |
------------------------------------------------------+
* = FE nested within cluster; treated as redundant for DoF computation

. estimates store M3_zipthick

. reghdfe ln_RevPAR_clean_w199 c.sim_mean##c.city_n_full_c ln_recent_volumn recent_rating recent_sd ln_lag_volumn_acc lag_avg_rating_acc lag_sd_acc ln_avg_com_RevPAR ln_lag_RevPAR_clean_w199 if !missing(sim_mean, city_n_full_c), absorb(hotel_id_num ym) vc
> e(cluster hotel_id_num)
(dropped 2 singleton observations)
(MWFE estimator converged in 7 iterations)

HDFE Linear regression                            Number of obs   =     33,247
Absorbing 2 HDFE groups                           F(  11,    555) =     139.37
Statistics robust to heteroskedasticity           Prob > F        =     0.0000
                                                  R-squared       =     0.8808
                                                  Adj R-squared   =     0.8782
                                                  Within R-sq.    =     0.2967
Number of clusters (hotel_id_num) =        556    Root MSE        =     0.2242

                                       (Std. err. adjusted for 556 clusters in hotel_id_num)
--------------------------------------------------------------------------------------------
                           |               Robust
      ln_RevPAR_clean_w199 | Coefficient  std. err.      t    P>|t|     [95% conf. interval]
---------------------------+----------------------------------------------------------------
                  sim_mean |  -.0799983   .0253477    -3.16   0.002    -.1297873   -.0302092
             city_n_full_c |   -.000798   .0001552    -5.14   0.000    -.0011029   -.0004931
                           |
c.sim_mean#c.city_n_full_c |   .0002558   .0002198     1.16   0.245     -.000176    .0006876
                           |
          ln_recent_volumn |   .0837078   .0088345     9.48   0.000     .0663546     .101061
             recent_rating |   .0194806   .0059293     3.29   0.001      .007834    .0311271
                 recent_sd |   .0037965   .0075104     0.51   0.613    -.0109558    .0185489
         ln_lag_volumn_acc |   .0314717   .0070428     4.47   0.000     .0176378    .0453056
        lag_avg_rating_acc |   .0089599   .0246627     0.36   0.717    -.0394839    .0574036
                lag_sd_acc |  -.0039042    .032664    -0.12   0.905    -.0680645     .060256
         ln_avg_com_RevPAR |    .115539   .0121848     9.48   0.000      .091605    .1394729
  ln_lag_RevPAR_clean_w199 |   .4132603   .0179731    22.99   0.000     .3779566     .448564
                     _cons |   1.524192   .1457978    10.45   0.000     1.237809    1.810575
--------------------------------------------------------------------------------------------

Absorbed degrees of freedom:
------------------------------------------------------+
  Absorbed FE | Categories  - Redundant  = Num. Coefs |
--------------+---------------------------------------|
 hotel_id_num |       556         556           0    *|
           ym |       135           1         134     |
------------------------------------------------------+
* = FE nested within cluster; treated as redundant for DoF computation

. estimates store M4_citythick

. reghdfe ln_RevPAR_clean_w199 c.sim_mean##c.ln_comp_zip_mean_excl_full ln_recent_volumn recent_rating recent_sd ln_lag_volumn_acc lag_avg_rating_acc lag_sd_acc ln_avg_com_RevPAR ln_lag_RevPAR_clean_w199 if !missing(sim_mean, ln_comp_zip_mean_excl_full), 
> absorb(hotel_id_num ym) vce(cluster hotel_id_num)
(dropped 2 singleton observations)
(MWFE estimator converged in 7 iterations)

HDFE Linear regression                            Number of obs   =     32,168
Absorbing 2 HDFE groups                           F(  11,    548) =     123.45
Statistics robust to heteroskedasticity           Prob > F        =     0.0000
                                                  R-squared       =     0.8850
                                                  Adj R-squared   =     0.8824
                                                  Within R-sq.    =     0.3182
Number of clusters (hotel_id_num) =        549    Root MSE        =     0.2212

                                                    (Std. err. adjusted for 549 clusters in hotel_id_num)
---------------------------------------------------------------------------------------------------------
                                        |               Robust
                   ln_RevPAR_clean_w199 | Coefficient  std. err.      t    P>|t|     [95% conf. interval]
----------------------------------------+----------------------------------------------------------------
                               sim_mean |   .4000831   .2406406     1.66   0.097    -.0726079     .872774
             ln_comp_zip_mean_excl_full |   .1811604   .0269976     6.71   0.000     .1281289    .2341918
                                        |
c.sim_mean#c.ln_comp_zip_mean_excl_full |  -.1128043   .0577845    -1.95   0.051    -.2263105    .0007018
                                        |
                       ln_recent_volumn |   .0733229   .0093713     7.82   0.000     .0549149     .091731
                          recent_rating |   .0205576   .0059559     3.45   0.001     .0088585    .0322567
                              recent_sd |   .0012068   .0076508     0.16   0.875    -.0138216    .0162353
                      ln_lag_volumn_acc |   .0295856   .0075316     3.93   0.000     .0147912      .04438
                     lag_avg_rating_acc |   .0124449    .027902     0.45   0.656    -.0423631    .0672528
                             lag_sd_acc |  -.0124979   .0349604    -0.36   0.721    -.0811707    .0561749
                      ln_avg_com_RevPAR |   .0607444   .0145666     4.17   0.000     .0321312    .0893576
               ln_lag_RevPAR_clean_w199 |   .4077687   .0182462    22.35   0.000     .3719275    .4436098
                                  _cons |    1.04123   .1755988     5.93   0.000     .6963011    1.386159
---------------------------------------------------------------------------------------------------------

Absorbed degrees of freedom:
------------------------------------------------------+
  Absorbed FE | Categories  - Redundant  = Num. Coefs |
--------------+---------------------------------------|
 hotel_id_num |       549         549           0    *|
           ym |       135           1         134     |
------------------------------------------------------+
* = FE nested within cluster; treated as redundant for DoF computation

. estimates store M5_ziprev

. reghdfe ln_RevPAR_clean_w199 c.sim_mean##c.ln_comp_city_mean_excl_full ln_recent_volumn recent_rating recent_sd ln_lag_volumn_acc lag_avg_rating_acc lag_sd_acc ln_avg_com_RevPAR ln_lag_RevPAR_clean_w199 if !missing(sim_mean, ln_comp_city_mean_excl_full)
> , absorb(hotel_id_num ym) vce(cluster hotel_id_num)
(dropped 2 singleton observations)
(MWFE estimator converged in 7 iterations)

HDFE Linear regression                            Number of obs   =     33,247
Absorbing 2 HDFE groups                           F(  11,    555) =     199.18
Statistics robust to heteroskedasticity           Prob > F        =     0.0000
                                                  R-squared       =     0.8854
                                                  Adj R-squared   =     0.8830
                                                  Within R-sq.    =     0.3241
Number of clusters (hotel_id_num) =        556    Root MSE        =     0.2197

                                                     (Std. err. adjusted for 556 clusters in hotel_id_num)
----------------------------------------------------------------------------------------------------------
                                         |               Robust
                    ln_RevPAR_clean_w199 | Coefficient  std. err.      t    P>|t|     [95% conf. interval]
-----------------------------------------+----------------------------------------------------------------
                                sim_mean |    .112423   .3839194     0.29   0.770    -.6416897    .8665358
             ln_comp_city_mean_excl_full |   .3303381   .0338835     9.75   0.000     .2637825    .3968936
                                         |
c.sim_mean#c.ln_comp_city_mean_excl_full |  -.0411294   .0870768    -0.47   0.637    -.2121698    .1299109
                                         |
                        ln_recent_volumn |   .0817632   .0087547     9.34   0.000     .0645669    .0989596
                           recent_rating |   .0225796   .0059152     3.82   0.000     .0109607    .0341986
                               recent_sd |   .0025751   .0074456     0.35   0.730    -.0120499    .0172001
                       ln_lag_volumn_acc |   .0343388   .0075823     4.53   0.000     .0194452    .0492324
                      lag_avg_rating_acc |   .0007008   .0286404     0.02   0.980     -.055556    .0569576
                              lag_sd_acc |  -.0043177   .0375147    -0.12   0.908    -.0780058    .0693704
                       ln_avg_com_RevPAR |   .0917426   .0123209     7.45   0.000     .0675413     .115944
                ln_lag_RevPAR_clean_w199 |   .4029193   .0187985    21.43   0.000     .3659945    .4398442
                                   _cons |   .2267229   .1885469     1.20   0.230    -.1436298    .5970757
----------------------------------------------------------------------------------------------------------

Absorbed degrees of freedom:
------------------------------------------------------+
  Absorbed FE | Categories  - Redundant  = Num. Coefs |
--------------+---------------------------------------|
 hotel_id_num |       556         556           0    *|
           ym |       135           1         134     |
------------------------------------------------------+
* = FE nested within cluster; treated as redundant for DoF computation

. estimates store M6_cityrev

. reghdfe ln_RevPAR_clean_w199 c.sim_mean##c.gap_zip_mean_full_c ln_recent_volumn recent_rating recent_sd ln_lag_volumn_acc lag_avg_rating_acc lag_sd_acc ln_avg_com_RevPAR ln_lag_RevPAR_clean_w199 if !missing(sim_mean, gap_zip_mean_full_c), absorb(hotel_i
> d_num ym) vce(cluster hotel_id_num)
(dropped 2 singleton observations)
(MWFE estimator converged in 7 iterations)

HDFE Linear regression                            Number of obs   =     32,168
Absorbing 2 HDFE groups                           F(  11,    548) =     163.76
Statistics robust to heteroskedasticity           Prob > F        =     0.0000
                                                  R-squared       =     0.9159
                                                  Adj R-squared   =     0.9141
                                                  Within R-sq.    =     0.5016
Number of clusters (hotel_id_num) =        549    Root MSE        =     0.1891

                                             (Std. err. adjusted for 549 clusters in hotel_id_num)
--------------------------------------------------------------------------------------------------
                                 |               Robust
            ln_RevPAR_clean_w199 | Coefficient  std. err.      t    P>|t|     [95% conf. interval]
---------------------------------+----------------------------------------------------------------
                        sim_mean |  -.0567271   .0222484    -2.55   0.011    -.1004297   -.0130246
             gap_zip_mean_full_c |   .3040686   .0636681     4.78   0.000     .1790052     .429132
                                 |
c.sim_mean#c.gap_zip_mean_full_c |   .0245097   .0885711     0.28   0.782    -.1494707    .1984901
                                 |
                ln_recent_volumn |    .069799   .0094928     7.35   0.000     .0511524    .0884457
                   recent_rating |   .0093663   .0064136     1.46   0.145    -.0032319    .0219645
                       recent_sd |    .003231   .0073121     0.44   0.659    -.0111321    .0175941
               ln_lag_volumn_acc |    .029279   .0078511     3.73   0.000     .0138571    .0447008
              lag_avg_rating_acc |  -.0296424   .0263804    -1.12   0.262    -.0814616    .0221767
                      lag_sd_acc |  -.0662156   .0365835    -1.81   0.071    -.1380767    .0056456
               ln_avg_com_RevPAR |   .2289415   .0241404     9.48   0.000     .1815225    .2763605
        ln_lag_RevPAR_clean_w199 |   .2972557   .0167268    17.77   0.000     .2643993    .3301121
                           _cons |   1.832862   .1383807    13.25   0.000      1.56104    2.104683
--------------------------------------------------------------------------------------------------

Absorbed degrees of freedom:
------------------------------------------------------+
  Absorbed FE | Categories  - Redundant  = Num. Coefs |
--------------+---------------------------------------|
 hotel_id_num |       549         549           0    *|
           ym |       135           1         134     |
------------------------------------------------------+
* = FE nested within cluster; treated as redundant for DoF computation

. estimates store M7_zipgap

. reghdfe ln_RevPAR_clean_w199 c.sim_mean##c.gap_city_mean_full_c ln_recent_volumn recent_rating recent_sd ln_lag_volumn_acc lag_avg_rating_acc lag_sd_acc ln_avg_com_RevPAR ln_lag_RevPAR_clean_w199 if !missing(sim_mean, gap_city_mean_full_c), absorb(hotel
> _id_num ym) vce(cluster hotel_id_num)
(dropped 2 singleton observations)
(MWFE estimator converged in 7 iterations)

HDFE Linear regression                            Number of obs   =     33,247
Absorbing 2 HDFE groups                           F(  11,    555) =     240.60
Statistics robust to heteroskedasticity           Prob > F        =     0.0000
                                                  R-squared       =     0.9348
                                                  Adj R-squared   =     0.9334
                                                  Within R-sq.    =     0.6155
Number of clusters (hotel_id_num) =        556    Root MSE        =     0.1657

                                              (Std. err. adjusted for 556 clusters in hotel_id_num)
---------------------------------------------------------------------------------------------------
                                  |               Robust
             ln_RevPAR_clean_w199 | Coefficient  std. err.      t    P>|t|     [95% conf. interval]
----------------------------------+----------------------------------------------------------------
                         sim_mean |  -.0386137   .0236355    -1.63   0.103    -.0850396    .0078122
             gap_city_mean_full_c |   .4242142    .124565     3.41   0.001     .1795378    .6688906
                                  |
c.sim_mean#c.gap_city_mean_full_c |   .1211039   .1473551     0.82   0.412     -.168338    .4105457
                                  |
                 ln_recent_volumn |   .0475824   .0106904     4.45   0.000     .0265839     .068581
                    recent_rating |   .0014161   .0048882     0.29   0.772    -.0081855    .0110178
                        recent_sd |   .0020622   .0059414     0.35   0.729    -.0096083    .0137327
                ln_lag_volumn_acc |   .0096705   .0072452     1.33   0.183    -.0045609    .0239019
               lag_avg_rating_acc |   .0186656   .0200237     0.93   0.352    -.0206659     .057997
                       lag_sd_acc |  -.0051366   .0243316    -0.21   0.833    -.0529299    .0426567
                ln_avg_com_RevPAR |   .1033116   .0096345    10.72   0.000      .084387    .1222362
         ln_lag_RevPAR_clean_w199 |   .2226198   .0272363     8.17   0.000     .1691209    .2761187
                            _cons |    2.62959   .2239069    11.74   0.000     2.189781    3.069399
---------------------------------------------------------------------------------------------------

Absorbed degrees of freedom:
------------------------------------------------------+
  Absorbed FE | Categories  - Redundant  = Num. Coefs |
--------------+---------------------------------------|
 hotel_id_num |       556         556           0    *|
           ym |       135           1         134     |
------------------------------------------------------+
* = FE nested within cluster; treated as redundant for DoF computation

. estimates store M8_citygap

. reghdfe ln_RevPAR_clean_w199 c.sim_mean##c.price_gap_c ln_recent_volumn recent_rating recent_sd ln_lag_volumn_acc lag_avg_rating_acc lag_sd_acc ln_avg_com_RevPAR ln_lag_RevPAR_clean_w199 if !missing(sim_mean, price_gap_c), absorb(hotel_id_num ym) vce(cl
> uster hotel_id_num)
(dropped 2 singleton observations)
(MWFE estimator converged in 7 iterations)

HDFE Linear regression                            Number of obs   =     33,317
Absorbing 2 HDFE groups                           F(  11,    555) =     120.74
Statistics robust to heteroskedasticity           Prob > F        =     0.0000
                                                  R-squared       =     0.8814
                                                  Adj R-squared   =     0.8789
                                                  Within R-sq.    =     0.3252
Number of clusters (hotel_id_num) =        556    Root MSE        =     0.2255

                                     (Std. err. adjusted for 556 clusters in hotel_id_num)
------------------------------------------------------------------------------------------
                         |               Robust
    ln_RevPAR_clean_w199 | Coefficient  std. err.      t    P>|t|     [95% conf. interval]
-------------------------+----------------------------------------------------------------
                sim_mean |  -.0750775   .0247224    -3.04   0.003    -.1236384   -.0265165
             price_gap_c |    .133072   .0228919     5.81   0.000     .0881065    .1780374
                         |
c.sim_mean#c.price_gap_c |   .0110141    .048749     0.23   0.821     -.084741    .1067692
                         |
        ln_recent_volumn |   .0776294   .0084163     9.22   0.000     .0610978    .0941611
           recent_rating |   .0187888   .0056383     3.33   0.001     .0077138    .0298638
               recent_sd |   .0022403   .0071005     0.32   0.752    -.0117069    .0161875
       ln_lag_volumn_acc |   .0261302   .0068742     3.80   0.000     .0126276    .0396328
      lag_avg_rating_acc |   .0018756   .0267656     0.07   0.944    -.0506986    .0544499
              lag_sd_acc |  -.0179786   .0327636    -0.55   0.583    -.0823344    .0463772
       ln_avg_com_RevPAR |   .2149193   .0180074    11.94   0.000     .1795484    .2502903
ln_lag_RevPAR_clean_w199 |    .331177   .0190076    17.42   0.000     .2938415    .3685126
                   _cons |    1.53742    .145823    10.54   0.000     1.250987    1.823852
------------------------------------------------------------------------------------------

Absorbed degrees of freedom:
------------------------------------------------------+
  Absorbed FE | Categories  - Redundant  = Num. Coefs |
--------------+---------------------------------------|
 hotel_id_num |       556         556           0    *|
           ym |       135           1         134     |
------------------------------------------------------+
* = FE nested within cluster; treated as redundant for DoF computation

. estimates store M9_pricegap

. 
. * Grouped M1 slopes, following the Route A grouped-boundary convention.
. reghdfe ln_RevPAR_clean_w199 sim_mean ln_recent_volumn recent_rating recent_sd ln_lag_volumn_acc lag_avg_rating_acc lag_sd_acc ln_avg_com_RevPAR ln_lag_RevPAR_clean_w199 if high_comp_zip_focus100 == 0 & !missing(sim_mean), absorb(hotel_id_num ym) vce(cl
> uster hotel_id_num)
(dropped 8 singleton observations)
(MWFE estimator converged in 8 iterations)

HDFE Linear regression                            Number of obs   =     17,306
Absorbing 2 HDFE groups                           F(   9,    366) =      61.53
Statistics robust to heteroskedasticity           Prob > F        =     0.0000
                                                  R-squared       =     0.8802
                                                  Adj R-squared   =     0.8766
                                                  Within R-sq.    =     0.2631
Number of clusters (hotel_id_num) =        367    Root MSE        =     0.2226

                                     (Std. err. adjusted for 367 clusters in hotel_id_num)
------------------------------------------------------------------------------------------
                         |               Robust
    ln_RevPAR_clean_w199 | Coefficient  std. err.      t    P>|t|     [95% conf. interval]
-------------------------+----------------------------------------------------------------
                sim_mean |  -.0587274   .0344644    -1.70   0.089    -.1265005    .0090457
        ln_recent_volumn |   .0846024   .0119708     7.07   0.000     .0610623    .1081424
           recent_rating |   .0165008   .0080411     2.05   0.041     .0006882    .0323133
               recent_sd |   .0023102   .0091767     0.25   0.801    -.0157356    .0203559
       ln_lag_volumn_acc |   .0324464   .0097486     3.33   0.001     .0132762    .0516166
      lag_avg_rating_acc |  -.0198014   .0313841    -0.63   0.528    -.0815172    .0419145
              lag_sd_acc |   -.031132   .0441541    -0.71   0.481    -.1179597    .0556956
       ln_avg_com_RevPAR |    .093511   .0136551     6.85   0.000     .0666587    .1203634
ln_lag_RevPAR_clean_w199 |   .4060345   .0248806    16.32   0.000     .3571075    .4549615
                   _cons |   1.795253   .1830159     9.81   0.000     1.435358    2.155147
------------------------------------------------------------------------------------------

Absorbed degrees of freedom:
------------------------------------------------------+
  Absorbed FE | Categories  - Redundant  = Num. Coefs |
--------------+---------------------------------------|
 hotel_id_num |       367         367           0    *|
           ym |       135           1         134     |
------------------------------------------------------+
* = FE nested within cluster; treated as redundant for DoF computation

. estimates store M1_low

. reghdfe ln_RevPAR_clean_w199 sim_mean ln_recent_volumn recent_rating recent_sd ln_lag_volumn_acc lag_avg_rating_acc lag_sd_acc ln_avg_com_RevPAR ln_lag_RevPAR_clean_w199 if high_comp_zip_focus100 == 1 & !missing(sim_mean), absorb(hotel_id_num ym) vce(cl
> uster hotel_id_num)
(dropped 4 singleton observations)
(MWFE estimator converged in 8 iterations)

HDFE Linear regression                            Number of obs   =     15,931
Absorbing 2 HDFE groups                           F(   9,    374) =     104.58
Statistics robust to heteroskedasticity           Prob > F        =     0.0000
                                                  R-squared       =     0.8898
                                                  Adj R-squared   =     0.8861
                                                  Within R-sq.    =     0.2673
Number of clusters (hotel_id_num) =        375    Root MSE        =     0.2195

                                     (Std. err. adjusted for 375 clusters in hotel_id_num)
------------------------------------------------------------------------------------------
                         |               Robust
    ln_RevPAR_clean_w199 | Coefficient  std. err.      t    P>|t|     [95% conf. interval]
-------------------------+----------------------------------------------------------------
                sim_mean |  -.0750024    .036124    -2.08   0.039     -.146034   -.0039709
        ln_recent_volumn |   .0807483   .0139306     5.80   0.000     .0533561    .1081404
           recent_rating |   .0181833   .0077871     2.34   0.020     .0028713    .0334953
               recent_sd |  -.0038092   .0109388    -0.35   0.728    -.0253185    .0177001
       ln_lag_volumn_acc |   .0225946   .0112774     2.00   0.046     .0004195    .0447696
      lag_avg_rating_acc |   .0488613   .0457546     1.07   0.286    -.0411073    .1388299
              lag_sd_acc |   .0292882   .0483954     0.61   0.545    -.0658731    .1244494
       ln_avg_com_RevPAR |   .1938774   .0191149    10.14   0.000     .1562912    .2314635
ln_lag_RevPAR_clean_w199 |   .3759081    .016042    23.43   0.000     .3443643    .4074519
                   _cons |   1.218321   .2213103     5.51   0.000     .7831529     1.65349
------------------------------------------------------------------------------------------

Absorbed degrees of freedom:
------------------------------------------------------+
  Absorbed FE | Categories  - Redundant  = Num. Coefs |
--------------+---------------------------------------|
 hotel_id_num |       375         375           0    *|
           ym |       135           1         134     |
------------------------------------------------------+
* = FE nested within cluster; treated as redundant for DoF computation

. estimates store M1_high

. 
. * Grouped M5 and M6 slopes within ZIP-month and city-month cells.
. capture drop m5_cell_median m5_high m6_cell_median m6_high

. bysort Zip ym: egen double m5_cell_median = median(ln_comp_zip_mean_excl_full)
(1,833 missing values generated)

. gen byte m5_high = ln_comp_zip_mean_excl_full > m5_cell_median if !missing(ln_comp_zip_mean_excl_full, m5_cell_median)
(1,833 missing values generated)

. replace m5_high = 0 if !missing(ln_comp_zip_mean_excl_full, m5_cell_median) & m5_high == 0
(0 real changes made)

. bysort CityID ym: egen double m6_cell_median = median(ln_comp_city_mean_excl_full)

. gen byte m6_high = ln_comp_city_mean_excl_full > m6_cell_median if !missing(ln_comp_city_mean_excl_full, m6_cell_median)
(716 missing values generated)

. replace m6_high = 0 if !missing(ln_comp_city_mean_excl_full, m6_cell_median) & m6_high == 0
(0 real changes made)

. reghdfe ln_RevPAR_clean_w199 sim_mean ln_recent_volumn recent_rating recent_sd ln_lag_volumn_acc lag_avg_rating_acc lag_sd_acc ln_avg_com_RevPAR ln_lag_RevPAR_clean_w199 if m5_high == 0 & !missing(sim_mean), absorb(hotel_id_num ym) vce(cluster hotel_id_
> num)
(dropped 29 singleton observations)
(MWFE estimator converged in 8 iterations)

HDFE Linear regression                            Number of obs   =     16,138
Absorbing 2 HDFE groups                           F(   9,    488) =      65.47
Statistics robust to heteroskedasticity           Prob > F        =     0.0000
                                                  R-squared       =     0.8987
                                                  Adj R-squared   =     0.8946
                                                  Within R-sq.    =     0.2579
Number of clusters (hotel_id_num) =        489    Root MSE        =     0.1965

                                     (Std. err. adjusted for 489 clusters in hotel_id_num)
------------------------------------------------------------------------------------------
                         |               Robust
    ln_RevPAR_clean_w199 | Coefficient  std. err.      t    P>|t|     [95% conf. interval]
-------------------------+----------------------------------------------------------------
                sim_mean |  -.0568782   .0324586    -1.75   0.080    -.1206541    .0068976
        ln_recent_volumn |   .0365458   .0092658     3.94   0.000       .01834    .0547517
           recent_rating |   .0107692   .0076431     1.41   0.159    -.0042483    .0257867
               recent_sd |   .0034178   .0092522     0.37   0.712    -.0147614    .0215969
       ln_lag_volumn_acc |   .0357016   .0101149     3.53   0.000     .0158274    .0555758
      lag_avg_rating_acc |   -.070144   .0362913    -1.93   0.054    -.1414506    .0011626
              lag_sd_acc |   -.072384   .0463772    -1.56   0.119    -.1635077    .0187397
       ln_avg_com_RevPAR |   .1283472   .0167162     7.68   0.000     .0955027    .1611918
ln_lag_RevPAR_clean_w199 |   .3559888   .0221898    16.04   0.000     .3123894    .3995882
                   _cons |    2.39368   .2052986    11.66   0.000     1.990301    2.797058
------------------------------------------------------------------------------------------

Absorbed degrees of freedom:
------------------------------------------------------+
  Absorbed FE | Categories  - Redundant  = Num. Coefs |
--------------+---------------------------------------|
 hotel_id_num |       489         489           0    *|
           ym |       135           1         134     |
------------------------------------------------------+
* = FE nested within cluster; treated as redundant for DoF computation

. estimates store M5_low

. reghdfe ln_RevPAR_clean_w199 sim_mean ln_recent_volumn recent_rating recent_sd ln_lag_volumn_acc lag_avg_rating_acc lag_sd_acc ln_avg_com_RevPAR ln_lag_RevPAR_clean_w199 if m5_high == 1 & !missing(sim_mean), absorb(hotel_id_num ym) vce(cluster hotel_id_
> num)
(dropped 20 singleton observations)
(MWFE estimator converged in 8 iterations)

HDFE Linear regression                            Number of obs   =     15,983
Absorbing 2 HDFE groups                           F(   9,    515) =     135.56
Statistics robust to heteroskedasticity           Prob > F        =     0.0000
                                                  R-squared       =     0.8591
                                                  Adj R-squared   =     0.8531
                                                  Within R-sq.    =     0.2866
Number of clusters (hotel_id_num) =        516    Root MSE        =     0.2273

                                     (Std. err. adjusted for 516 clusters in hotel_id_num)
------------------------------------------------------------------------------------------
                         |               Robust
    ln_RevPAR_clean_w199 | Coefficient  std. err.      t    P>|t|     [95% conf. interval]
-------------------------+----------------------------------------------------------------
                sim_mean |  -.0849556    .034512    -2.46   0.014    -.1527572   -.0171541
        ln_recent_volumn |    .120022   .0118125    10.16   0.000     .0968155    .1432286
           recent_rating |   .0202191    .007459     2.71   0.007     .0055653    .0348729
               recent_sd |   .0010472    .010413     0.10   0.920      -.01941    .0215044
       ln_lag_volumn_acc |   .0215365   .0098569     2.18   0.029     .0021718    .0409012
      lag_avg_rating_acc |   .0242098   .0340754     0.71   0.478    -.0427342    .0911537
              lag_sd_acc |  -.0071109    .041725    -0.17   0.865    -.0890831    .0748613
       ln_avg_com_RevPAR |   .1374328   .0155226     8.85   0.000     .1069375    .1679282
ln_lag_RevPAR_clean_w199 |   .3912286   .0163043    24.00   0.000     .3591975    .4232597
                   _cons |   1.283661   .1735158     7.40   0.000     .9427752    1.624547
------------------------------------------------------------------------------------------

Absorbed degrees of freedom:
------------------------------------------------------+
  Absorbed FE | Categories  - Redundant  = Num. Coefs |
--------------+---------------------------------------|
 hotel_id_num |       516         516           0    *|
           ym |       135           1         134     |
------------------------------------------------------+
* = FE nested within cluster; treated as redundant for DoF computation

. estimates store M5_high

. reghdfe ln_RevPAR_clean_w199 sim_mean ln_recent_volumn recent_rating recent_sd ln_lag_volumn_acc lag_avg_rating_acc lag_sd_acc ln_avg_com_RevPAR ln_lag_RevPAR_clean_w199 if m6_high == 0 & !missing(sim_mean), absorb(hotel_id_num ym) vce(cluster hotel_id_
> num)
(dropped 41 singleton observations)
(MWFE estimator converged in 8 iterations)

HDFE Linear regression                            Number of obs   =     16,743
Absorbing 2 HDFE groups                           F(   9,    407) =      68.16
Statistics robust to heteroskedasticity           Prob > F        =     0.0000
                                                  R-squared       =     0.8776
                                                  Adj R-squared   =     0.8734
                                                  Within R-sq.    =     0.1965
Number of clusters (hotel_id_num) =        408    Root MSE        =     0.1741

                                     (Std. err. adjusted for 408 clusters in hotel_id_num)
------------------------------------------------------------------------------------------
                         |               Robust
    ln_RevPAR_clean_w199 | Coefficient  std. err.      t    P>|t|     [95% conf. interval]
-------------------------+----------------------------------------------------------------
                sim_mean |  -.0690862   .0327781    -2.11   0.036    -.1335218   -.0046507
        ln_recent_volumn |   .0455713   .0088436     5.15   0.000     .0281864    .0629561
           recent_rating |   .0112683   .0072407     1.56   0.120    -.0029655    .0255021
               recent_sd |    .001616    .008242     0.20   0.845    -.0145862    .0178183
       ln_lag_volumn_acc |   .0191038   .0093421     2.04   0.042      .000739    .0374687
      lag_avg_rating_acc |  -.0458643   .0348447    -1.32   0.189    -.1143624    .0226337
              lag_sd_acc |  -.0486901   .0427912    -1.14   0.256    -.1328095    .0354293
       ln_avg_com_RevPAR |   .1017885   .0110861     9.18   0.000     .0799954    .1235816
ln_lag_RevPAR_clean_w199 |   .2805858   .0153164    18.32   0.000     .2504767     .310695
                   _cons |   2.895772   .1794702    16.14   0.000     2.542968    3.248577
------------------------------------------------------------------------------------------

Absorbed degrees of freedom:
------------------------------------------------------+
  Absorbed FE | Categories  - Redundant  = Num. Coefs |
--------------+---------------------------------------|
 hotel_id_num |       408         408           0    *|
           ym |       135           1         134     |
------------------------------------------------------+
* = FE nested within cluster; treated as redundant for DoF computation

. estimates store M6_low

. reghdfe ln_RevPAR_clean_w199 sim_mean ln_recent_volumn recent_rating recent_sd ln_lag_volumn_acc lag_avg_rating_acc lag_sd_acc ln_avg_com_RevPAR ln_lag_RevPAR_clean_w199 if m6_high == 1 & !missing(sim_mean), absorb(hotel_id_num ym) vce(cluster hotel_id_
> num)
(dropped 34 singleton observations)
(MWFE estimator converged in 8 iterations)

HDFE Linear regression                            Number of obs   =     16,431
Absorbing 2 HDFE groups                           F(   9,    482) =      71.52
Statistics robust to heteroskedasticity           Prob > F        =     0.0000
                                                  R-squared       =     0.8119
                                                  Adj R-squared   =     0.8045
                                                  Within R-sq.    =     0.2465
Number of clusters (hotel_id_num) =        483    Root MSE        =     0.2173

                                     (Std. err. adjusted for 483 clusters in hotel_id_num)
------------------------------------------------------------------------------------------
                         |               Robust
    ln_RevPAR_clean_w199 | Coefficient  std. err.      t    P>|t|     [95% conf. interval]
-------------------------+----------------------------------------------------------------
                sim_mean |  -.0562979   .0299239    -1.88   0.061    -.1150952    .0024995
        ln_recent_volumn |   .1023396    .013889     7.37   0.000     .0750491    .1296301
           recent_rating |   .0160479   .0072304     2.22   0.027      .001841    .0302549
               recent_sd |   .0146341   .0102346     1.43   0.153    -.0054759    .0347442
       ln_lag_volumn_acc |   .0231524   .0123446     1.88   0.061    -.0011036    .0474083
      lag_avg_rating_acc |   .0333562   .0356995     0.93   0.351    -.0367897    .1035022
              lag_sd_acc |  -.0111234   .0448427    -0.25   0.804    -.0992347    .0769879
       ln_avg_com_RevPAR |   .1234328    .015737     7.84   0.000     .0925112    .1543544
ln_lag_RevPAR_clean_w199 |    .347366   .0171403    20.27   0.000     .3136871    .3810449
                   _cons |   1.441828   .1796944     8.02   0.000     1.088747    1.794909
------------------------------------------------------------------------------------------

Absorbed degrees of freedom:
------------------------------------------------------+
  Absorbed FE | Categories  - Redundant  = Num. Coefs |
--------------+---------------------------------------|
 hotel_id_num |       483         483           0    *|
           ym |       135           1         134     |
------------------------------------------------------+
* = FE nested within cluster; treated as redundant for DoF computation

. estimates store M6_high

. 
. estimates table M01 M02 M1_zipcomp M2_citycomp M3_zipthick M4_citythick M5_ziprev M6_cityrev M7_zipgap M8_citygap M9_pricegap M1_low M1_high M5_low M5_high M6_low M6_high, b(%9.4f) se stats(N r2_a)

--------------------------------------------------------------------------------------------------------------------------------------------------------------------------------------------------------------------------
    Variable |    M01         M02      M1_zipc~p   M2_city~p   M3_zipt~k   M4_city~k   M5_ziprev   M6_city~v   M7_zipgap   M8_city~p   M9_pric~p    M1_low      M1_high     M5_low      M5_high     M6_low      M6_high   
-------------+------------------------------------------------------------------------------------------------------------------------------------------------------------------------------------------------------------
    sim_mean |   -0.0788      0.3336     -0.0982     -0.0684     -0.0752     -0.0800      0.4001      0.1124     -0.0567     -0.0386     -0.0751     -0.0587     -0.0750     -0.0569     -0.0850     -0.0691     -0.0563  
             |    0.0253      0.1651      0.0356      0.0371      0.0255      0.0253      0.2406      0.3839      0.0222      0.0236      0.0247      0.0345      0.0361      0.0325      0.0345      0.0328      0.0299  
ln_recent_~n |    0.0784      0.0793      0.0806      0.0806      0.0803      0.0837      0.0733      0.0818      0.0698      0.0476      0.0776      0.0846      0.0807      0.0365      0.1200      0.0456      0.1023  
             |    0.0088      0.0088      0.0088      0.0089      0.0088      0.0088      0.0094      0.0088      0.0095      0.0107      0.0084      0.0120      0.0139      0.0093      0.0118      0.0088      0.0139  
recent_rat~g |    0.0207      0.0211      0.0183      0.0187      0.0186      0.0195      0.0206      0.0226      0.0094      0.0014      0.0188      0.0165      0.0182      0.0108      0.0202      0.0113      0.0160  
             |    0.0060      0.0060      0.0059      0.0059      0.0059      0.0059      0.0060      0.0059      0.0064      0.0049      0.0056      0.0080      0.0078      0.0076      0.0075      0.0072      0.0072  
   recent_sd |    0.0024      0.0021      0.0010      0.0012      0.0012      0.0038      0.0012      0.0026      0.0032      0.0021      0.0022      0.0023     -0.0038      0.0034      0.0010      0.0016      0.0146  
             |    0.0074      0.0074      0.0074      0.0075      0.0075      0.0075      0.0077      0.0074      0.0073      0.0059      0.0071      0.0092      0.0109      0.0093      0.0104      0.0082      0.0102  
ln_lag_vol~c |    0.0280      0.0282      0.0295      0.0295      0.0294      0.0315      0.0296      0.0343      0.0293      0.0097      0.0261      0.0324      0.0226      0.0357      0.0215      0.0191      0.0232  
             |    0.0071      0.0071      0.0073      0.0073      0.0073      0.0070      0.0075      0.0076      0.0079      0.0072      0.0069      0.0097      0.0113      0.0101      0.0099      0.0093      0.0123  
lag_avg_ra~c |    0.0041      0.0034      0.0124      0.0116      0.0135      0.0090      0.0124      0.0007     -0.0296      0.0187      0.0019     -0.0198      0.0489     -0.0701      0.0242     -0.0459      0.0334  
             |    0.0277      0.0277      0.0266      0.0269      0.0266      0.0247      0.0279      0.0286      0.0264      0.0200      0.0268      0.0314      0.0458      0.0363      0.0341      0.0348      0.0357  
  lag_sd_acc |   -0.0132     -0.0139     -0.0050     -0.0044     -0.0043     -0.0039     -0.0125     -0.0043     -0.0662     -0.0051     -0.0180     -0.0311      0.0293     -0.0724     -0.0071     -0.0487     -0.0111  
             |    0.0344      0.0343      0.0345      0.0348      0.0344      0.0327      0.0350      0.0375      0.0366      0.0243      0.0328      0.0442      0.0484      0.0464      0.0417      0.0428      0.0448  
ln_avg_com~R |    0.1203      0.1500      0.1213      0.1209      0.1216      0.1155      0.0607      0.0917      0.2289      0.1033      0.2149      0.0935      0.1939      0.1283      0.1374      0.1018      0.1234  
             |    0.0120      0.0167      0.0122      0.0121      0.0121      0.0122      0.0146      0.0123      0.0241      0.0096      0.0180      0.0137      0.0191      0.0167      0.0155      0.0111      0.0157  
ln_la~n_w199 |    0.4398      0.4398      0.4199      0.4193      0.4198      0.4133      0.4078      0.4029      0.2973      0.2226      0.3312      0.4060      0.3759      0.3560      0.3912      0.2806      0.3474  
             |    0.0177      0.0177      0.0172      0.0173      0.0172      0.0180      0.0182      0.0188      0.0167      0.0272      0.0190      0.0249      0.0160      0.0222      0.0163      0.0153      0.0171  
             |
  c.sim_mean#|
          c. |
ln_avg_com~R |               -0.0997                                                                                                                                                                                      
             |                0.0385                                                                                                                                                                                      
             |
h~p_focus100 |
          1  |                           -0.0177                                                                                                                                                                          
             |                            0.0181                                                                                                                                                                          
             |
h~p_focus100#|
  c.sim_mean |
          1  |                            0.0478                                                                                                                                                                          
             |                            0.0507                                                                                                                                                                          
             |
h~y_focus100 |
          1  |                                        0.0215                                                                                                                                                              
             |                                        0.0166                                                                                                                                                              
             |
h~y_focus100#|
  c.sim_mean |
          1  |                                       -0.0114                                                                                                                                                              
             |                                        0.0476                                                                                                                                                              
             |
zip_n_full_c |                                                   -0.0012                                                                                                                                                  
             |                                                    0.0015                                                                                                                                                  
             |
  c.sim_mean#|
          c. |
zip_n_full_c |                                                    0.0007                                                                                                                                                  
             |                                                    0.0036                                                                                                                                                  
             |
city_n_ful~c |                                                               -0.0008                                                                                                                                      
             |                                                                0.0002                                                                                                                                      
             |
  c.sim_mean#|
          c. |
city_n_ful~c |                                                                0.0003                                                                                                                                      
             |                                                                0.0002                                                                                                                                      
             |
ln_comp_zi~l |                                                                            0.1812                                                                                                                          
             |                                                                            0.0270                                                                                                                          
             |
  c.sim_mean#|
          c. |
ln_comp_zi~l |                                                                           -0.1128                                                                                                                          
             |                                                                            0.0578                                                                                                                          
             |
ln_comp_ci~l |                                                                                        0.3303                                                                                                              
             |                                                                                        0.0339                                                                                                              
             |
  c.sim_mean#|
          c. |
ln_comp_ci~l |                                                                                       -0.0411                                                                                                              
             |                                                                                        0.0871                                                                                                              
             |
gap_zip_me~c |                                                                                                    0.3041                                                                                                  
             |                                                                                                    0.0637                                                                                                  
             |
  c.sim_mean#|
          c. |
gap_zip_me~c |                                                                                                    0.0245                                                                                                  
             |                                                                                                    0.0886                                                                                                  
             |
gap_city_m~c |                                                                                                                0.4242                                                                                      
             |                                                                                                                0.1246                                                                                      
             |
  c.sim_mean#|
          c. |
gap_city_m~c |                                                                                                                0.1211                                                                                      
             |                                                                                                                0.1474                                                                                      
             |
 price_gap_c |                                                                                                                            0.1331                                                                          
             |                                                                                                                            0.0229                                                                          
             |
  c.sim_mean#|
          c. |
 price_gap_c |                                                                                                                            0.0110                                                                          
             |                                                                                                                            0.0487                                                                          
             |
       _cons |    1.4471      1.3231      1.4922      1.4784      1.4781      1.5242      1.0412      0.2267      1.8329      2.6296      1.5374      1.7953      1.2183      2.3937      1.2837      2.8958      1.4418  
             |    0.1499      0.1615      0.1493      0.1513      0.1493      0.1458      0.1756      0.1885      0.1384      0.2239      0.1458      0.1830      0.2213      0.2053      0.1735      0.1795      0.1797  
-------------+------------------------------------------------------------------------------------------------------------------------------------------------------------------------------------------------------------
           N |     33317       33317       33247       33247       33247       33247       32168       33247       32168       33247       33317       17306       15931       16138       15983       16743       16431  
        r2_a |    0.8750      0.8751      0.8776      0.8777      0.8776      0.8782      0.8824      0.8830      0.9141      0.9334      0.8789      0.8766      0.8861      0.8946      0.8531      0.8734      0.8045  
--------------------------------------------------------------------------------------------------------------------------------------------------------------------------------------------------------------------------
                                                                                                                                                                                                              Legend: b/se

. log close
      name:  <unnamed>
       log:  /Users/samxie/Research/ReviewSimi_Sales/Code/stata-log/run_event_month_pool_gt100_market_boundaries_260711.log
  log type:  text
 closed on:  12 Jul 2026, 19:31:32
---------------------------------------------------------------------------------------------------------------------------------------------------------------------------------------------------------------------------------------------------------------

. 
end of do-file

. do "`project'/scripts/stata/run_event_month_pool_gt100_organization_boundaries_260711.do"

. *******************************************************
. * Route A organization boundaries, rebuilt pooled-ARS panel.
. * Self-contained; every regression lists controls explicitly.
. *******************************************************
. version 17.0

. clear all

. set more off

. set linesize 255

. capture log close

. local p "/Users/samxie/Research/ReviewSimi_Sales/Code"

. use "`p'/outputs/core_simi_260501/data/event_month_pool_allreviews_gt100_panel_260711.dta", clear

. log using "`p'/stata-log/run_event_month_pool_gt100_organization_boundaries_260711.log", text replace
---------------------------------------------------------------------------------------------------------------------------------------------------------------------------------------------------------------------------------------------------------------
      name:  <unnamed>
       log:  /Users/samxie/Research/ReviewSimi_Sales/Code/stata-log/run_event_month_pool_gt100_organization_boundaries_260711.log
  log type:  text
 opened on:  12 Jul 2026, 19:31:33

. estimates clear

. 
. * O1-O4 chain form and size.
. reghdfe ln_RevPAR_clean_w199 c.sim_mean##i.chain ln_recent_volumn recent_rating recent_sd ln_lag_volumn_acc lag_avg_rating_acc lag_sd_acc ln_avg_com_RevPAR ln_lag_RevPAR_clean_w199 if !missing(sim_mean, chain), absorb(hotel_id_num ym) vce(cluster hotel_
> id_num)
(dropped 2 singleton observations)
(MWFE estimator converged in 7 iterations)
note: 1bn.chain is probably collinear with the fixed effects (all partialled-out values are close to zero; tol = 1.0e-09)

HDFE Linear regression                            Number of obs   =     33,317
Absorbing 2 HDFE groups                           F(  10,    555) =     128.84
Statistics robust to heteroskedasticity           Prob > F        =     0.0000
                                                  R-squared       =     0.8777
                                                  Adj R-squared   =     0.8750
                                                  Within R-sq.    =     0.3040
Number of clusters (hotel_id_num) =        556    Root MSE        =     0.2291

                                     (Std. err. adjusted for 556 clusters in hotel_id_num)
------------------------------------------------------------------------------------------
                         |               Robust
    ln_RevPAR_clean_w199 | Coefficient  std. err.      t    P>|t|     [95% conf. interval]
-------------------------+----------------------------------------------------------------
                sim_mean |  -.0568226   .0470718    -1.21   0.228    -.1492833    .0356382
                 1.chain |          0  (omitted)
                         |
        chain#c.sim_mean |
                      1  |  -.0315483   .0550736    -0.57   0.567    -.1397264    .0766298
                         |
        ln_recent_volumn |   .0783644   .0087937     8.91   0.000     .0610914    .0956375
           recent_rating |   .0207218   .0059787     3.47   0.001     .0089781    .0324655
               recent_sd |   .0024276   .0074454     0.33   0.745    -.0121971    .0170522
       ln_lag_volumn_acc |    .028098   .0071028     3.96   0.000     .0141464    .0420496
      lag_avg_rating_acc |   .0039969   .0277335     0.14   0.885    -.0504786    .0584723
              lag_sd_acc |  -.0130751   .0343728    -0.38   0.704    -.0805918    .0544417
       ln_avg_com_RevPAR |   .1202412   .0119912    10.03   0.000     .0966875    .1437948
ln_lag_RevPAR_clean_w199 |   .4398382   .0176853    24.87   0.000     .4050998    .4745765
                   _cons |   1.447024   .1499387     9.65   0.000     1.152507    1.741541
------------------------------------------------------------------------------------------

Absorbed degrees of freedom:
------------------------------------------------------+
  Absorbed FE | Categories  - Redundant  = Num. Coefs |
--------------+---------------------------------------|
 hotel_id_num |       556         556           0    *|
           ym |       135           1         134     |
------------------------------------------------------+
* = FE nested within cluster; treated as redundant for DoF computation

. estimates store O1_chain

. reghdfe ln_RevPAR_clean_w199 c.sim_mean##i.independent ln_recent_volumn recent_rating recent_sd ln_lag_volumn_acc lag_avg_rating_acc lag_sd_acc ln_avg_com_RevPAR ln_lag_RevPAR_clean_w199 if !missing(sim_mean, independent), absorb(hotel_id_num ym) vce(cl
> uster hotel_id_num)
(dropped 2 singleton observations)
(MWFE estimator converged in 7 iterations)
note: 1bn.independent is probably collinear with the fixed effects (all partialled-out values are close to zero; tol = 1.0e-09)

HDFE Linear regression                            Number of obs   =     33,317
Absorbing 2 HDFE groups                           F(  10,    555) =     128.84
Statistics robust to heteroskedasticity           Prob > F        =     0.0000
                                                  R-squared       =     0.8777
                                                  Adj R-squared   =     0.8750
                                                  Within R-sq.    =     0.3040
Number of clusters (hotel_id_num) =        556    Root MSE        =     0.2291

                                     (Std. err. adjusted for 556 clusters in hotel_id_num)
------------------------------------------------------------------------------------------
                         |               Robust
    ln_RevPAR_clean_w199 | Coefficient  std. err.      t    P>|t|     [95% conf. interval]
-------------------------+----------------------------------------------------------------
                sim_mean |  -.0883708   .0296398    -2.98   0.003    -.1465907    -.030151
           1.independent |          0  (omitted)
                         |
  independent#c.sim_mean |
                      1  |   .0315483   .0550736     0.57   0.567    -.0766298    .1397264
                         |
        ln_recent_volumn |   .0783644   .0087937     8.91   0.000     .0610914    .0956375
           recent_rating |   .0207218   .0059787     3.47   0.001     .0089781    .0324655
               recent_sd |   .0024276   .0074454     0.33   0.745    -.0121971    .0170522
       ln_lag_volumn_acc |    .028098   .0071028     3.96   0.000     .0141464    .0420496
      lag_avg_rating_acc |   .0039969   .0277335     0.14   0.885    -.0504786    .0584723
              lag_sd_acc |  -.0130751   .0343728    -0.38   0.704    -.0805918    .0544417
       ln_avg_com_RevPAR |   .1202412   .0119912    10.03   0.000     .0966875    .1437948
ln_lag_RevPAR_clean_w199 |   .4398382   .0176853    24.87   0.000     .4050998    .4745765
                   _cons |   1.447024   .1499387     9.65   0.000     1.152507    1.741541
------------------------------------------------------------------------------------------

Absorbed degrees of freedom:
------------------------------------------------------+
  Absorbed FE | Categories  - Redundant  = Num. Coefs |
--------------+---------------------------------------|
 hotel_id_num |       556         556           0    *|
           ym |       135           1         134     |
------------------------------------------------------+
* = FE nested within cluster; treated as redundant for DoF computation

. estimates store O2_independent

. reghdfe ln_RevPAR_clean_w199 c.sim_mean##i.chain_small ln_recent_volumn recent_rating recent_sd ln_lag_volumn_acc lag_avg_rating_acc lag_sd_acc ln_avg_com_RevPAR ln_lag_RevPAR_clean_w199 if !missing(sim_mean, chain_small), absorb(hotel_id_num ym) vce(cl
> uster hotel_id_num)
(dropped 2 singleton observations)
(MWFE estimator converged in 7 iterations)
note: 1bn.chain_small is probably collinear with the fixed effects (all partialled-out values are close to zero; tol = 1.0e-09)

HDFE Linear regression                            Number of obs   =     33,317
Absorbing 2 HDFE groups                           F(  10,    555) =     128.84
Statistics robust to heteroskedasticity           Prob > F        =     0.0000
                                                  R-squared       =     0.8777
                                                  Adj R-squared   =     0.8750
                                                  Within R-sq.    =     0.3040
Number of clusters (hotel_id_num) =        556    Root MSE        =     0.2291

                                     (Std. err. adjusted for 556 clusters in hotel_id_num)
------------------------------------------------------------------------------------------
                         |               Robust
    ln_RevPAR_clean_w199 | Coefficient  std. err.      t    P>|t|     [95% conf. interval]
-------------------------+----------------------------------------------------------------
                sim_mean |  -.0568226   .0470718    -1.21   0.228    -.1492833    .0356382
           1.chain_small |          0  (omitted)
                         |
  chain_small#c.sim_mean |
                      1  |  -.0315483   .0550736    -0.57   0.567    -.1397264    .0766298
                         |
        ln_recent_volumn |   .0783644   .0087937     8.91   0.000     .0610914    .0956375
           recent_rating |   .0207218   .0059787     3.47   0.001     .0089781    .0324655
               recent_sd |   .0024276   .0074454     0.33   0.745    -.0121971    .0170522
       ln_lag_volumn_acc |    .028098   .0071028     3.96   0.000     .0141464    .0420496
      lag_avg_rating_acc |   .0039969   .0277335     0.14   0.885    -.0504786    .0584723
              lag_sd_acc |  -.0130751   .0343728    -0.38   0.704    -.0805918    .0544417
       ln_avg_com_RevPAR |   .1202412   .0119912    10.03   0.000     .0966875    .1437948
ln_lag_RevPAR_clean_w199 |   .4398382   .0176853    24.87   0.000     .4050998    .4745765
                   _cons |   1.447024   .1499387     9.65   0.000     1.152507    1.741541
------------------------------------------------------------------------------------------

Absorbed degrees of freedom:
------------------------------------------------------+
  Absorbed FE | Categories  - Redundant  = Num. Coefs |
--------------+---------------------------------------|
 hotel_id_num |       556         556           0    *|
           ym |       135           1         134     |
------------------------------------------------------+
* = FE nested within cluster; treated as redundant for DoF computation

. estimates store O3_smallchain

. reghdfe ln_RevPAR_clean_w199 c.sim_mean##i.chain3_small ln_recent_volumn recent_rating recent_sd ln_lag_volumn_acc lag_avg_rating_acc lag_sd_acc ln_avg_com_RevPAR ln_lag_RevPAR_clean_w199 if !missing(sim_mean, chain3_small), absorb(hotel_id_num ym) vce(
> cluster hotel_id_num)
(dropped 2 singleton observations)
(MWFE estimator converged in 7 iterations)
note: 1bn.chain3_small is probably collinear with the fixed effects (all partialled-out values are close to zero; tol = 1.0e-09)

HDFE Linear regression                            Number of obs   =     33,317
Absorbing 2 HDFE groups                           F(  10,    555) =     128.84
Statistics robust to heteroskedasticity           Prob > F        =     0.0000
                                                  R-squared       =     0.8777
                                                  Adj R-squared   =     0.8750
                                                  Within R-sq.    =     0.3040
Number of clusters (hotel_id_num) =        556    Root MSE        =     0.2291

                                     (Std. err. adjusted for 556 clusters in hotel_id_num)
------------------------------------------------------------------------------------------
                         |               Robust
    ln_RevPAR_clean_w199 | Coefficient  std. err.      t    P>|t|     [95% conf. interval]
-------------------------+----------------------------------------------------------------
                sim_mean |  -.0566029   .0466846    -1.21   0.226     -.148303    .0350973
          1.chain3_small |          0  (omitted)
                         |
 chain3_small#c.sim_mean |
                      1  |  -.0319905   .0548083    -0.58   0.560    -.1396475    .0756666
                         |
        ln_recent_volumn |   .0783652   .0087935     8.91   0.000     .0610927    .0956377
           recent_rating |   .0207258    .005979     3.47   0.001     .0089815      .03247
               recent_sd |   .0024292   .0074453     0.33   0.744    -.0121952    .0170536
       ln_lag_volumn_acc |   .0280962   .0071028     3.96   0.000     .0141446    .0420478
      lag_avg_rating_acc |    .003994   .0277335     0.14   0.886    -.0504814    .0584695
              lag_sd_acc |  -.0130819   .0343726    -0.38   0.704    -.0805982    .0544344
       ln_avg_com_RevPAR |   .1202421   .0119912    10.03   0.000     .0966884    .1437958
ln_lag_RevPAR_clean_w199 |   .4398366   .0176851    24.87   0.000     .4050987    .4745746
                   _cons |   1.447037   .1499369     9.65   0.000     1.152523     1.74155
------------------------------------------------------------------------------------------

Absorbed degrees of freedom:
------------------------------------------------------+
  Absorbed FE | Categories  - Redundant  = Num. Coefs |
--------------+---------------------------------------|
 hotel_id_num |       556         556           0    *|
           ym |       135           1         134     |
------------------------------------------------------+
* = FE nested within cluster; treated as redundant for DoF computation

. estimates store O4_chain3

. 
. * O5-O7 star-class boundaries.
. reghdfe ln_RevPAR_clean_w199 c.sim_mean##i.star_class_final ln_recent_volumn recent_rating recent_sd ln_lag_volumn_acc lag_avg_rating_acc lag_sd_acc ln_avg_com_RevPAR ln_lag_RevPAR_clean_w199 if !missing(sim_mean, star_class_final), absorb(hotel_id_num 
> ym) vce(cluster hotel_id_num)
(dropped 2 singleton observations)
(MWFE estimator converged in 7 iterations)
note: 3bn.star_class_final is probably collinear with the fixed effects (all partialled-out values are close to zero; tol = 1.0e-09)
note: 4bn.star_class_final is probably collinear with the fixed effects (all partialled-out values are close to zero; tol = 1.0e-09)
note: 5bn.star_class_final is probably collinear with the fixed effects (all partialled-out values are close to zero; tol = 1.0e-09)
note: 6bn.star_class_final is probably collinear with the fixed effects (all partialled-out values are close to zero; tol = 1.0e-09)
note: 7bn.star_class_final is probably collinear with the fixed effects (all partialled-out values are close to zero; tol = 1.0e-09)
note: 8bn.star_class_final is probably collinear with the fixed effects (all partialled-out values are close to zero; tol = 1.0e-09)
note: 9bn.star_class_final is probably collinear with the fixed effects (all partialled-out values are close to zero; tol = 1.0e-09)

HDFE Linear regression                            Number of obs   =     32,614
Absorbing 2 HDFE groups                           F(  16,    544) =      87.96
Statistics robust to heteroskedasticity           Prob > F        =     0.0000
                                                  R-squared       =     0.8769
                                                  Adj R-squared   =     0.8742
                                                  Within R-sq.    =     0.3144
Number of clusters (hotel_id_num) =        545    Root MSE        =     0.2244

                                        (Std. err. adjusted for 545 clusters in hotel_id_num)
---------------------------------------------------------------------------------------------
                            |               Robust
       ln_RevPAR_clean_w199 | Coefficient  std. err.      t    P>|t|     [95% conf. interval]
----------------------------+----------------------------------------------------------------
                   sim_mean |    .292804   .0412904     7.09   0.000     .2116958    .3739122
                            |
           star_class_final |
                         3  |          0  (omitted)
                         4  |          0  (omitted)
                         5  |          0  (omitted)
                         6  |          0  (omitted)
                         7  |          0  (omitted)
                         8  |          0  (omitted)
                         9  |          0  (omitted)
                            |
star_class_final#c.sim_mean |
                         3  |  -.3073644   .0816816    -3.76   0.000    -.4678144   -.1469144
                         4  |  -.3952558   .0594667    -6.65   0.000    -.5120682   -.2784433
                         5  |  -.3560257    .054352    -6.55   0.000    -.4627913   -.2492602
                         6  |  -.5349986   .1061839    -5.04   0.000    -.7435792    -.326418
                         7  |  -.2847912   .1239509    -2.30   0.022    -.5282723   -.0413102
                         8  |  -.5886733   .2474038    -2.38   0.018    -1.074657   -.1026896
                         9  |  -.3628373    .224887    -1.61   0.107    -.8045905     .078916
                            |
           ln_recent_volumn |   .0758528   .0089141     8.51   0.000     .0583426     .093363
              recent_rating |   .0213824   .0059901     3.57   0.000     .0096159     .033149
                  recent_sd |   .0028808   .0075112     0.38   0.701    -.0118737    .0176353
          ln_lag_volumn_acc |   .0261305   .0072203     3.62   0.000     .0119474    .0403135
         lag_avg_rating_acc |   .0064441   .0274517     0.23   0.814    -.0474803    .0603686
                 lag_sd_acc |  -.0107303   .0344472    -0.31   0.756    -.0783961    .0569355
          ln_avg_com_RevPAR |   .1183086   .0118487     9.98   0.000     .0950338    .1415834
   ln_lag_RevPAR_clean_w199 |   .4484222   .0175456    25.56   0.000     .4139567    .4828877
                      _cons |   1.415142   .1498752     9.44   0.000     1.120737    1.709547
---------------------------------------------------------------------------------------------

Absorbed degrees of freedom:
------------------------------------------------------+
  Absorbed FE | Categories  - Redundant  = Num. Coefs |
--------------+---------------------------------------|
 hotel_id_num |       545         545           0    *|
           ym |       135           1         134     |
------------------------------------------------------+
* = FE nested within cluster; treated as redundant for DoF computation

. estimates store O5_starclass

. reghdfe ln_RevPAR_clean_w199 c.sim_mean##ib2.star_class_bucket3 ln_recent_volumn recent_rating recent_sd ln_lag_volumn_acc lag_avg_rating_acc lag_sd_acc ln_avg_com_RevPAR ln_lag_RevPAR_clean_w199 if !missing(sim_mean, star_class_bucket3), absorb(hotel_i
> d_num ym) vce(cluster hotel_id_num)
(dropped 2 singleton observations)
(MWFE estimator converged in 7 iterations)
note: 1bn.star_class_bucket3 is probably collinear with the fixed effects (all partialled-out values are close to zero; tol = 1.0e-09)
note: 3bn.star_class_bucket3 is probably collinear with the fixed effects (all partialled-out values are close to zero; tol = 1.0e-09)

HDFE Linear regression                            Number of obs   =     32,614
Absorbing 2 HDFE groups                           F(  11,    544) =     127.84
Statistics robust to heteroskedasticity           Prob > F        =     0.0000
                                                  R-squared       =     0.8769
                                                  Adj R-squared   =     0.8742
                                                  Within R-sq.    =     0.3143
Number of clusters (hotel_id_num) =        545    Root MSE        =     0.2244

                                          (Std. err. adjusted for 545 clusters in hotel_id_num)
-----------------------------------------------------------------------------------------------
                              |               Robust
         ln_RevPAR_clean_w199 | Coefficient  std. err.      t    P>|t|     [95% conf. interval]
------------------------------+----------------------------------------------------------------
                     sim_mean |  -.0151599   .0715036    -0.21   0.832    -.1556169    .1252972
                              |
           star_class_bucket3 |
                           1  |          0  (omitted)
                           3  |          0  (omitted)
                              |
star_class_bucket3#c.sim_mean |
                           1  |   .3077351   .0815626     3.77   0.000     .1475188    .4679514
                           3  |  -.0701498   .0765947    -0.92   0.360    -.2206075    .0803078
                              |
             ln_recent_volumn |     .07664   .0088704     8.64   0.000     .0592155    .0940644
                recent_rating |   .0214883   .0059881     3.59   0.000     .0097257    .0332508
                    recent_sd |   .0027165   .0075286     0.36   0.718    -.0120722    .0175053
            ln_lag_volumn_acc |   .0259297   .0071779     3.61   0.000       .01183    .0400294
           lag_avg_rating_acc |   .0065901   .0274233     0.24   0.810    -.0472784    .0604586
                   lag_sd_acc |  -.0110509   .0344421    -0.32   0.748    -.0787067     .056605
            ln_avg_com_RevPAR |   .1182175   .0118479     9.98   0.000     .0949443    .1414907
     ln_lag_RevPAR_clean_w199 |   .4485545   .0175496    25.56   0.000     .4140812    .4830277
                        _cons |   1.414362   .1498095     9.44   0.000     1.120086    1.708638
-----------------------------------------------------------------------------------------------

Absorbed degrees of freedom:
------------------------------------------------------+
  Absorbed FE | Categories  - Redundant  = Num. Coefs |
--------------+---------------------------------------|
 hotel_id_num |       545         545           0    *|
           ym |       135           1         134     |
------------------------------------------------------+
* = FE nested within cluster; treated as redundant for DoF computation

. estimates store O6_starbucket

. reghdfe ln_RevPAR_clean_w199 c.sim_mean##i.high_star4 ln_recent_volumn recent_rating recent_sd ln_lag_volumn_acc lag_avg_rating_acc lag_sd_acc ln_avg_com_RevPAR ln_lag_RevPAR_clean_w199 if !missing(sim_mean, high_star4), absorb(hotel_id_num ym) vce(clus
> ter hotel_id_num)
(dropped 2 singleton observations)
(MWFE estimator converged in 7 iterations)
note: 1bn.high_star4 is probably collinear with the fixed effects (all partialled-out values are close to zero; tol = 1.0e-09)

HDFE Linear regression                            Number of obs   =     32,614
Absorbing 2 HDFE groups                           F(  10,    544) =     128.81
Statistics robust to heteroskedasticity           Prob > F        =     0.0000
                                                  R-squared       =     0.8769
                                                  Adj R-squared   =     0.8742
                                                  Within R-sq.    =     0.3143
Number of clusters (hotel_id_num) =        545    Root MSE        =     0.2244

                                     (Std. err. adjusted for 545 clusters in hotel_id_num)
------------------------------------------------------------------------------------------
                         |               Robust
    ln_RevPAR_clean_w199 | Coefficient  std. err.      t    P>|t|     [95% conf. interval]
-------------------------+----------------------------------------------------------------
                sim_mean |  -.0133889   .0711247    -0.19   0.851    -.1531016    .1263238
            1.high_star4 |          0  (omitted)
                         |
   high_star4#c.sim_mean |
                      1  |   -.071923   .0762334    -0.94   0.346    -.2216708    .0778248
                         |
        ln_recent_volumn |   .0766576   .0088724     8.64   0.000     .0592291     .094086
           recent_rating |    .021494    .005988     3.59   0.000     .0097314    .0332565
               recent_sd |   .0027276   .0075291     0.36   0.717    -.0120621    .0175174
       ln_lag_volumn_acc |   .0259525    .007176     3.62   0.000     .0118565    .0400484
      lag_avg_rating_acc |   .0065947   .0274219     0.24   0.810    -.0472711    .0604604
              lag_sd_acc |  -.0109818   .0344409    -0.32   0.750    -.0786351    .0566716
       ln_avg_com_RevPAR |   .1182233   .0118477     9.98   0.000     .0949504    .1414961
ln_lag_RevPAR_clean_w199 |   .4485455   .0175492    25.56   0.000     .4140731    .4830179
                   _cons |   1.414252   .1498214     9.44   0.000     1.119953    1.708552
------------------------------------------------------------------------------------------

Absorbed degrees of freedom:
------------------------------------------------------+
  Absorbed FE | Categories  - Redundant  = Num. Coefs |
--------------+---------------------------------------|
 hotel_id_num |       545         545           0    *|
           ym |       135           1         134     |
------------------------------------------------------+
* = FE nested within cluster; treated as redundant for DoF computation

. estimates store O7_highstar

. 
. * O8-O10 quality level and local quality status.
. reghdfe ln_RevPAR_clean_w199 c.sim_mean##c.lag_avg_rating_acc ln_recent_volumn recent_rating recent_sd ln_lag_volumn_acc lag_sd_acc ln_avg_com_RevPAR ln_lag_RevPAR_clean_w199 if !missing(sim_mean, lag_avg_rating_acc), absorb(hotel_id_num ym) vce(cluster
>  hotel_id_num)
(dropped 2 singleton observations)
(MWFE estimator converged in 7 iterations)

HDFE Linear regression                            Number of obs   =     33,317
Absorbing 2 HDFE groups                           F(  10,    555) =     134.18
Statistics robust to heteroskedasticity           Prob > F        =     0.0000
                                                  R-squared       =     0.8777
                                                  Adj R-squared   =     0.8751
                                                  Within R-sq.    =     0.3041
Number of clusters (hotel_id_num) =        556    Root MSE        =     0.2290

                                            (Std. err. adjusted for 556 clusters in hotel_id_num)
-------------------------------------------------------------------------------------------------
                                |               Robust
           ln_RevPAR_clean_w199 | Coefficient  std. err.      t    P>|t|     [95% conf. interval]
--------------------------------+----------------------------------------------------------------
                       sim_mean |   .1733281   .2040677     0.85   0.396    -.2275114    .5741676
             lag_avg_rating_acc |   .0230032   .0299624     0.77   0.443    -.0358503    .0818568
                                |
c.sim_mean#c.lag_avg_rating_acc |  -.0648211   .0514645    -1.26   0.208    -.1659101    .0362678
                                |
               ln_recent_volumn |   .0785762   .0087667     8.96   0.000     .0613563    .0957961
                  recent_rating |    .020899   .0059771     3.50   0.001     .0091584    .0326396
                      recent_sd |   .0020084   .0074202     0.27   0.787    -.0125666    .0165834
              ln_lag_volumn_acc |   .0280635   .0071049     3.95   0.000     .0141078    .0420193
                     lag_sd_acc |  -.0130244   .0344603    -0.38   0.706    -.0807129    .0546641
              ln_avg_com_RevPAR |   .1202414   .0119882    10.03   0.000     .0966937    .1437892
       ln_lag_RevPAR_clean_w199 |   .4397807   .0176875    24.86   0.000     .4050381    .4745234
                          _cons |   1.372762   .1508627     9.10   0.000      1.07643    1.669093
-------------------------------------------------------------------------------------------------

Absorbed degrees of freedom:
------------------------------------------------------+
  Absorbed FE | Categories  - Redundant  = Num. Coefs |
--------------+---------------------------------------|
 hotel_id_num |       556         556           0    *|
           ym |       135           1         134     |
------------------------------------------------------+
* = FE nested within cluster; treated as redundant for DoF computation

. estimates store O8_qualitylevel

. reghdfe ln_RevPAR_clean_w199 c.sim_mean##i.high_quality_ym ln_recent_volumn recent_rating recent_sd ln_lag_volumn_acc lag_avg_rating_acc lag_sd_acc ln_avg_com_RevPAR ln_lag_RevPAR_clean_w199 if !missing(sim_mean, high_quality_ym), absorb(hotel_id_num ym
> ) vce(cluster hotel_id_num)
(dropped 2 singleton observations)
(MWFE estimator converged in 7 iterations)

HDFE Linear regression                            Number of obs   =     33,317
Absorbing 2 HDFE groups                           F(  11,    555) =     119.14
Statistics robust to heteroskedasticity           Prob > F        =     0.0000
                                                  R-squared       =     0.8777
                                                  Adj R-squared   =     0.8751
                                                  Within R-sq.    =     0.3043
Number of clusters (hotel_id_num) =        556    Root MSE        =     0.2290

                                       (Std. err. adjusted for 556 clusters in hotel_id_num)
--------------------------------------------------------------------------------------------
                           |               Robust
      ln_RevPAR_clean_w199 | Coefficient  std. err.      t    P>|t|     [95% conf. interval]
---------------------------+----------------------------------------------------------------
                  sim_mean |  -.0502698   .0354953    -1.42   0.157    -.1199914    .0194518
         1.high_quality_ym |    -.00344   .0170604    -0.20   0.840    -.0369509    .0300709
                           |
high_quality_ym#c.sim_mean |
                        1  |   -.059382    .049192    -1.21   0.228    -.1560072    .0372432
                           |
          ln_recent_volumn |     .07817   .0087929     8.89   0.000     .0608987    .0954414
             recent_rating |   .0207105   .0059676     3.47   0.001     .0089888    .0324323
                 recent_sd |    .002003   .0074529     0.27   0.788    -.0126364    .0166424
         ln_lag_volumn_acc |   .0284871   .0070783     4.02   0.000     .0145834    .0423907
        lag_avg_rating_acc |   .0158944     .02771     0.57   0.566    -.0385349    .0703237
                lag_sd_acc |  -.0167519   .0342102    -0.49   0.625    -.0839492    .0504454
         ln_avg_com_RevPAR |   .1204923   .0119693    10.07   0.000     .0969817    .1440029
  ln_lag_RevPAR_clean_w199 |   .4395284   .0176506    24.90   0.000     .4048583    .4741985
                     _cons |   1.405681   .1478662     9.51   0.000     1.115235    1.696127
--------------------------------------------------------------------------------------------

Absorbed degrees of freedom:
------------------------------------------------------+
  Absorbed FE | Categories  - Redundant  = Num. Coefs |
--------------+---------------------------------------|
 hotel_id_num |       556         556           0    *|
           ym |       135           1         134     |
------------------------------------------------------+
* = FE nested within cluster; treated as redundant for DoF computation

. estimates store O8_qualityym

. reghdfe ln_RevPAR_clean_w199 c.sim_mean##i.high_quality_cityym ln_recent_volumn recent_rating recent_sd ln_lag_volumn_acc lag_avg_rating_acc lag_sd_acc ln_avg_com_RevPAR ln_lag_RevPAR_clean_w199 if !missing(sim_mean, high_quality_cityym), absorb(hotel_i
> d_num ym) vce(cluster hotel_id_num)
(dropped 2 singleton observations)
(MWFE estimator converged in 7 iterations)

HDFE Linear regression                            Number of obs   =     33,317
Absorbing 2 HDFE groups                           F(  11,    555) =     119.08
Statistics robust to heteroskedasticity           Prob > F        =     0.0000
                                                  R-squared       =     0.8777
                                                  Adj R-squared   =     0.8751
                                                  Within R-sq.    =     0.3044
Number of clusters (hotel_id_num) =        556    Root MSE        =     0.2290

                                           (Std. err. adjusted for 556 clusters in hotel_id_num)
------------------------------------------------------------------------------------------------
                               |               Robust
          ln_RevPAR_clean_w199 | Coefficient  std. err.      t    P>|t|     [95% conf. interval]
-------------------------------+----------------------------------------------------------------
                      sim_mean |  -.0401144   .0356654    -1.12   0.261      -.11017    .0299413
         1.high_quality_cityym |  -.0003385   .0163844    -0.02   0.984    -.0325214    .0318444
                               |
high_quality_cityym#c.sim_mean |
                            1  |  -.0802515   .0494663    -1.62   0.105    -.1774155    .0169125
                               |
              ln_recent_volumn |   .0787351   .0087526     9.00   0.000     .0615428    .0959273
                 recent_rating |   .0208894   .0059782     3.49   0.001     .0091467    .0326321
                     recent_sd |   .0020136    .007443     0.27   0.787    -.0126062    .0166334
             ln_lag_volumn_acc |   .0286015   .0070551     4.05   0.000     .0147435    .0424595
            lag_avg_rating_acc |   .0175092   .0277069     0.63   0.528     -.036914    .0719324
                    lag_sd_acc |  -.0183237   .0340563    -0.54   0.591    -.0852187    .0485713
             ln_avg_com_RevPAR |   .1202194   .0119867    10.03   0.000     .0966746    .1437642
      ln_lag_RevPAR_clean_w199 |   .4395937    .017633    24.93   0.000     .4049581    .4742292
                         _cons |   1.397584   .1484086     9.42   0.000     1.106072    1.689095
------------------------------------------------------------------------------------------------

Absorbed degrees of freedom:
------------------------------------------------------+
  Absorbed FE | Categories  - Redundant  = Num. Coefs |
--------------+---------------------------------------|
 hotel_id_num |       556         556           0    *|
           ym |       135           1         134     |
------------------------------------------------------+
* = FE nested within cluster; treated as redundant for DoF computation

. estimates store O9_qualitycity

. reghdfe ln_RevPAR_clean_w199 c.sim_mean##i.high_quality_zipym ln_recent_volumn recent_rating recent_sd ln_lag_volumn_acc lag_avg_rating_acc lag_sd_acc ln_avg_com_RevPAR ln_lag_RevPAR_clean_w199 if !missing(sim_mean, high_quality_zipym), absorb(hotel_id_
> num ym) vce(cluster hotel_id_num)
(dropped 2 singleton observations)
(MWFE estimator converged in 7 iterations)

HDFE Linear regression                            Number of obs   =     33,317
Absorbing 2 HDFE groups                           F(  11,    555) =     118.38
Statistics robust to heteroskedasticity           Prob > F        =     0.0000
                                                  R-squared       =     0.8777
                                                  Adj R-squared   =     0.8750
                                                  Within R-sq.    =     0.3040
Number of clusters (hotel_id_num) =        556    Root MSE        =     0.2291

                                          (Std. err. adjusted for 556 clusters in hotel_id_num)
-----------------------------------------------------------------------------------------------
                              |               Robust
         ln_RevPAR_clean_w199 | Coefficient  std. err.      t    P>|t|     [95% conf. interval]
------------------------------+----------------------------------------------------------------
                     sim_mean |  -.0813238   .0335799    -2.42   0.016     -.147283   -.0153646
         1.high_quality_zipym |  -.0050555   .0153309    -0.33   0.742    -.0351692    .0250581
                              |
high_quality_zipym#c.sim_mean |
                           1  |   .0077296   .0471942     0.16   0.870    -.0849715    .1004308
                              |
             ln_recent_volumn |   .0782533   .0087679     8.93   0.000     .0610311    .0954756
                recent_rating |   .0207363   .0059876     3.46   0.001     .0089752    .0324975
                    recent_sd |   .0023751   .0074471     0.32   0.750    -.0122528     .017003
            ln_lag_volumn_acc |   .0280634   .0071058     3.95   0.000     .0141058     .042021
           lag_avg_rating_acc |   .0052837   .0276706     0.19   0.849    -.0490683    .0596357
                   lag_sd_acc |  -.0135687     .03448    -0.39   0.694    -.0812959    .0541585
            ln_avg_com_RevPAR |    .120325   .0119676    10.05   0.000     .0968177    .1438324
     ln_lag_RevPAR_clean_w199 |   .4398473   .0176851    24.87   0.000     .4051095    .4745851
                        _cons |   1.444375   .1482966     9.74   0.000     1.153083    1.735666
-----------------------------------------------------------------------------------------------

Absorbed degrees of freedom:
------------------------------------------------------+
  Absorbed FE | Categories  - Redundant  = Num. Coefs |
--------------+---------------------------------------|
 hotel_id_num |       556         556           0    *|
           ym |       135           1         134     |
------------------------------------------------------+
* = FE nested within cluster; treated as redundant for DoF computation

. estimates store O10_qualityzip

. 
. * O11-O13 rank, evaluation category, and accumulated popularity.
. reghdfe ln_RevPAR_clean_w199 c.sim_mean##i.high_rank_status ln_recent_volumn recent_rating recent_sd ln_lag_volumn_acc lag_avg_rating_acc lag_sd_acc ln_avg_com_RevPAR ln_lag_RevPAR_clean_w199 if !missing(sim_mean, high_rank_status), absorb(hotel_id_num 
> ym) vce(cluster hotel_id_num)
(dropped 2 singleton observations)
(MWFE estimator converged in 7 iterations)
note: 1bn.high_rank_status is probably collinear with the fixed effects (all partialled-out values are close to zero; tol = 1.0e-09)

HDFE Linear regression                            Number of obs   =     33,317
Absorbing 2 HDFE groups                           F(  10,    555) =     130.28
Statistics robust to heteroskedasticity           Prob > F        =     0.0000
                                                  R-squared       =     0.8777
                                                  Adj R-squared   =     0.8750
                                                  Within R-sq.    =     0.3040
Number of clusters (hotel_id_num) =        556    Root MSE        =     0.2290

                                        (Std. err. adjusted for 556 clusters in hotel_id_num)
---------------------------------------------------------------------------------------------
                            |               Robust
       ln_RevPAR_clean_w199 | Coefficient  std. err.      t    P>|t|     [95% conf. interval]
----------------------------+----------------------------------------------------------------
                   sim_mean |   -.062599   .0317328    -1.97   0.049    -.1249301    -.000268
         1.high_rank_status |          0  (omitted)
                            |
high_rank_status#c.sim_mean |
                         1  |   -.041339   .0496881    -0.83   0.406    -.1389387    .0562606
                            |
           ln_recent_volumn |   .0789025   .0088075     8.96   0.000     .0616024    .0962026
              recent_rating |   .0208366   .0059643     3.49   0.001     .0091213     .032552
                  recent_sd |   .0020732   .0074393     0.28   0.781    -.0125394    .0166857
          ln_lag_volumn_acc |   .0280969   .0071115     3.95   0.000     .0141282    .0420656
         lag_avg_rating_acc |   .0040367   .0277494     0.15   0.884    -.0504701    .0585434
                 lag_sd_acc |  -.0132781   .0343986    -0.39   0.700    -.0808454    .0542892
          ln_avg_com_RevPAR |   .1202823   .0119887    10.03   0.000     .0967334    .1438311
   ln_lag_RevPAR_clean_w199 |   .4398092   .0176887    24.86   0.000     .4050642    .4745543
                      _cons |   1.446979   .1499802     9.65   0.000     1.152381    1.741578
---------------------------------------------------------------------------------------------

Absorbed degrees of freedom:
------------------------------------------------------+
  Absorbed FE | Categories  - Redundant  = Num. Coefs |
--------------+---------------------------------------|
 hotel_id_num |       556         556           0    *|
           ym |       135           1         134     |
------------------------------------------------------+
* = FE nested within cluster; treated as redundant for DoF computation

. estimates store O11_rank

. reghdfe ln_RevPAR_clean_w199 c.sim_mean##i.hotel_evaluation_factor ln_recent_volumn recent_rating recent_sd ln_lag_volumn_acc lag_avg_rating_acc lag_sd_acc ln_avg_com_RevPAR ln_lag_RevPAR_clean_w199 if !missing(sim_mean, hotel_evaluation_factor), absorb
> (hotel_id_num ym) vce(cluster hotel_id_num)
(dropped 2 singleton observations)
(MWFE estimator converged in 7 iterations)
note: 2bn.hotel_evaluation_factor is probably collinear with the fixed effects (all partialled-out values are close to zero; tol = 1.0e-09)
note: 3bn.hotel_evaluation_factor is probably collinear with the fixed effects (all partialled-out values are close to zero; tol = 1.0e-09)
note: 4bn.hotel_evaluation_factor is probably collinear with the fixed effects (all partialled-out values are close to zero; tol = 1.0e-09)
note: 5bn.hotel_evaluation_factor is probably collinear with the fixed effects (all partialled-out values are close to zero; tol = 1.0e-09)

HDFE Linear regression                            Number of obs   =     33,317
Absorbing 2 HDFE groups                           F(  13,    555) =     103.09
Statistics robust to heteroskedasticity           Prob > F        =     0.0000
                                                  R-squared       =     0.8777
                                                  Adj R-squared   =     0.8751
                                                  Within R-sq.    =     0.3042
Number of clusters (hotel_id_num) =        556    Root MSE        =     0.2290

                                               (Std. err. adjusted for 556 clusters in hotel_id_num)
----------------------------------------------------------------------------------------------------
                                   |               Robust
              ln_RevPAR_clean_w199 | Coefficient  std. err.      t    P>|t|     [95% conf. interval]
-----------------------------------+----------------------------------------------------------------
                          sim_mean |  -.0249464    .044124    -0.57   0.572    -.1116169    .0617241
                                   |
           hotel_evaluation_factor |
                        Excellent  |          0  (omitted)
                             Good  |          0  (omitted)
                             Poor  |          0  (omitted)
                        Very Good  |          0  (omitted)
                                   |
hotel_evaluation_factor#c.sim_mean |
                        Excellent  |  -.1958222   .1804964    -1.08   0.278    -.5503618    .1587173
                             Good  |  -.0760665   .0584048    -1.30   0.193    -.1907879    .0386549
                             Poor  |   .1222871   .1552086     0.79   0.431     -.182581    .4271552
                        Very Good  |  -.0846956   .0644738    -1.31   0.190    -.2113381    .0419468
                                   |
                  ln_recent_volumn |   .0787938   .0087843     8.97   0.000     .0615393    .0960483
                     recent_rating |   .0211758     .00597     3.55   0.000     .0094492    .0329023
                         recent_sd |   .0020491    .007441     0.28   0.783    -.0125668    .0166649
                 ln_lag_volumn_acc |   .0281177   .0071169     3.95   0.000     .0141384    .0420971
                lag_avg_rating_acc |   .0042053   .0277096     0.15   0.879    -.0502231    .0586337
                        lag_sd_acc |  -.0131658   .0343109    -0.38   0.701     -.080561    .0542293
                 ln_avg_com_RevPAR |   .1203563   .0119841    10.04   0.000     .0968166     .143896
          ln_lag_RevPAR_clean_w199 |   .4397578   .0176781    24.88   0.000     .4050336     .474482
                             _cons |   1.445214   .1496708     9.66   0.000     1.151223    1.739204
----------------------------------------------------------------------------------------------------

Absorbed degrees of freedom:
------------------------------------------------------+
  Absorbed FE | Categories  - Redundant  = Num. Coefs |
--------------+---------------------------------------|
 hotel_id_num |       556         556           0    *|
           ym |       135           1         134     |
------------------------------------------------------+
* = FE nested within cluster; treated as redundant for DoF computation

. estimates store O12_evaluation

. reghdfe ln_RevPAR_clean_w199 c.sim_mean##c.ln_lag_volumn_acc ln_recent_volumn recent_rating recent_sd lag_avg_rating_acc lag_sd_acc ln_avg_com_RevPAR ln_lag_RevPAR_clean_w199 if !missing(sim_mean, ln_lag_volumn_acc), absorb(hotel_id_num ym) vce(cluster 
> hotel_id_num)
(dropped 2 singleton observations)
(MWFE estimator converged in 7 iterations)

HDFE Linear regression                            Number of obs   =     33,317
Absorbing 2 HDFE groups                           F(  10,    555) =     128.91
Statistics robust to heteroskedasticity           Prob > F        =     0.0000
                                                  R-squared       =     0.8777
                                                  Adj R-squared   =     0.8750
                                                  Within R-sq.    =     0.3040
Number of clusters (hotel_id_num) =        556    Root MSE        =     0.2291

                                           (Std. err. adjusted for 556 clusters in hotel_id_num)
------------------------------------------------------------------------------------------------
                               |               Robust
          ln_RevPAR_clean_w199 | Coefficient  std. err.      t    P>|t|     [95% conf. interval]
-------------------------------+----------------------------------------------------------------
                      sim_mean |  -.0921359   .1211717    -0.76   0.447    -.3301472    .1458754
             ln_lag_volumn_acc |   .0272773   .0103515     2.64   0.009     .0069445    .0476101
                               |
c.sim_mean#c.ln_lag_volumn_acc |   .0025697   .0239033     0.11   0.914    -.0443823    .0495217
                               |
              ln_recent_volumn |   .0783265    .008725     8.98   0.000     .0611885    .0954645
                 recent_rating |   .0206787   .0059732     3.46   0.001     .0089458    .0324117
                     recent_sd |   .0024111   .0074496     0.32   0.746    -.0122217     .017044
            lag_avg_rating_acc |    .004023   .0277178     0.15   0.885    -.0504217    .0584676
                    lag_sd_acc |  -.0133137    .034372    -0.39   0.699    -.0808289    .0542015
             ln_avg_com_RevPAR |   .1202567   .0119883    10.03   0.000     .0967087    .1438046
      ln_lag_RevPAR_clean_w199 |   .4398318   .0176882    24.87   0.000     .4050878    .4745757
                         _cons |   1.451641   .1542053     9.41   0.000     1.148743    1.754538
------------------------------------------------------------------------------------------------

Absorbed degrees of freedom:
------------------------------------------------------+
  Absorbed FE | Categories  - Redundant  = Num. Coefs |
--------------+---------------------------------------|
 hotel_id_num |       556         556           0    *|
           ym |       135           1         134     |
------------------------------------------------------+
* = FE nested within cluster; treated as redundant for DoF computation

. estimates store O13_popularity

. reghdfe ln_RevPAR_clean_w199 c.sim_mean##i.high_popularity ln_recent_volumn recent_rating recent_sd ln_lag_volumn_acc lag_avg_rating_acc lag_sd_acc ln_avg_com_RevPAR ln_lag_RevPAR_clean_w199 if !missing(sim_mean, high_popularity), absorb(hotel_id_num ym
> ) vce(cluster hotel_id_num)
(dropped 2 singleton observations)
(MWFE estimator converged in 7 iterations)

HDFE Linear regression                            Number of obs   =     33,317
Absorbing 2 HDFE groups                           F(  11,    555) =     119.20
Statistics robust to heteroskedasticity           Prob > F        =     0.0000
                                                  R-squared       =     0.8777
                                                  Adj R-squared   =     0.8751
                                                  Within R-sq.    =     0.3041
Number of clusters (hotel_id_num) =        556    Root MSE        =     0.2290

                                       (Std. err. adjusted for 556 clusters in hotel_id_num)
--------------------------------------------------------------------------------------------
                           |               Robust
      ln_RevPAR_clean_w199 | Coefficient  std. err.      t    P>|t|     [95% conf. interval]
---------------------------+----------------------------------------------------------------
                  sim_mean |  -.0675969   .0289478    -2.34   0.020    -.1244576   -.0107363
         1.high_popularity |   .0145569   .0149838     0.97   0.332    -.0148751    .0439889
                           |
high_popularity#c.sim_mean |
                        1  |  -.0325347   .0476459    -0.68   0.495     -.126123    .0610536
                           |
          ln_recent_volumn |   .0786596   .0087365     9.00   0.000      .061499    .0958202
             recent_rating |   .0208287   .0059786     3.48   0.001     .0090854    .0325721
                 recent_sd |   .0022748   .0074457     0.31   0.760    -.0123505       .0169
         ln_lag_volumn_acc |   .0270713    .007242     3.74   0.000     .0128462    .0412964
        lag_avg_rating_acc |   .0035995   .0277319     0.13   0.897    -.0508728    .0580718
                lag_sd_acc |  -.0127745    .034509    -0.37   0.711    -.0805586    .0550097
         ln_avg_com_RevPAR |   .1201907   .0119786    10.03   0.000     .0966618    .1437196
  ln_lag_RevPAR_clean_w199 |   .4397663   .0176534    24.91   0.000     .4050907    .4744419
                     _cons |   1.447707    .149995     9.65   0.000      1.15308    1.742335
--------------------------------------------------------------------------------------------

Absorbed degrees of freedom:
------------------------------------------------------+
  Absorbed FE | Categories  - Redundant  = Num. Coefs |
--------------+---------------------------------------|
 hotel_id_num |       556         556           0    *|
           ym |       135           1         134     |
------------------------------------------------------+
* = FE nested within cluster; treated as redundant for DoF computation

. estimates store O13_popularitycell

. 
. * Grouped O13 slopes.
. reghdfe ln_RevPAR_clean_w199 sim_mean ln_recent_volumn recent_rating recent_sd ln_lag_volumn_acc lag_avg_rating_acc lag_sd_acc ln_avg_com_RevPAR ln_lag_RevPAR_clean_w199 if high_popularity == 0 & !missing(sim_mean), absorb(hotel_id_num ym) vce(cluster h
> otel_id_num)
(dropped 17 singleton observations)
(MWFE estimator converged in 9 iterations)

HDFE Linear regression                            Number of obs   =     17,170
Absorbing 2 HDFE groups                           F(   9,    511) =     109.07
Statistics robust to heteroskedasticity           Prob > F        =     0.0000
                                                  R-squared       =     0.8856
                                                  Adj R-squared   =     0.8811
                                                  Within R-sq.    =     0.2844
Number of clusters (hotel_id_num) =        512    Root MSE        =     0.2259

                                     (Std. err. adjusted for 512 clusters in hotel_id_num)
------------------------------------------------------------------------------------------
                         |               Robust
    ln_RevPAR_clean_w199 | Coefficient  std. err.      t    P>|t|     [95% conf. interval]
-------------------------+----------------------------------------------------------------
                sim_mean |  -.0544118   .0293368    -1.85   0.064    -.1120474    .0032238
        ln_recent_volumn |   .0773733   .0116799     6.62   0.000     .0544267    .1003198
           recent_rating |   .0296421   .0068271     4.34   0.000     .0162294    .0430548
               recent_sd |   .0129087   .0085909     1.50   0.134    -.0039692    .0297866
       ln_lag_volumn_acc |   .0285809   .0076936     3.71   0.000     .0134659     .043696
      lag_avg_rating_acc |   -.004367   .0298892    -0.15   0.884    -.0630877    .0543538
              lag_sd_acc |   .0068341   .0372865     0.18   0.855    -.0664197    .0800878
       ln_avg_com_RevPAR |   .1287615    .015801     8.15   0.000     .0977185    .1598044
ln_lag_RevPAR_clean_w199 |   .4012961   .0189676    21.16   0.000     .3640321    .4385601
                   _cons |   1.522959    .162203     9.39   0.000     1.204292    1.841626
------------------------------------------------------------------------------------------

Absorbed degrees of freedom:
------------------------------------------------------+
  Absorbed FE | Categories  - Redundant  = Num. Coefs |
--------------+---------------------------------------|
 hotel_id_num |       512         512           0    *|
           ym |       135           1         134     |
------------------------------------------------------+
* = FE nested within cluster; treated as redundant for DoF computation

. estimates store O13_low

. reghdfe ln_RevPAR_clean_w199 sim_mean ln_recent_volumn recent_rating recent_sd ln_lag_volumn_acc lag_avg_rating_acc lag_sd_acc ln_avg_com_RevPAR ln_lag_RevPAR_clean_w199 if high_popularity == 1 & !missing(sim_mean), absorb(hotel_id_num ym) vce(cluster h
> otel_id_num)
(dropped 30 singleton observations)
(MWFE estimator converged in 8 iterations)

HDFE Linear regression                            Number of obs   =     16,102
Absorbing 2 HDFE groups                           F(   9,    421) =      79.51
Statistics robust to heteroskedasticity           Prob > F        =     0.0000
                                                  R-squared       =     0.8755
                                                  Adj R-squared   =     0.8710
                                                  Within R-sq.    =     0.2956
Number of clusters (hotel_id_num) =        422    Root MSE        =     0.2274

                                     (Std. err. adjusted for 422 clusters in hotel_id_num)
------------------------------------------------------------------------------------------
                         |               Robust
    ln_RevPAR_clean_w199 | Coefficient  std. err.      t    P>|t|     [95% conf. interval]
-------------------------+----------------------------------------------------------------
                sim_mean |  -.1018038   .0442418    -2.30   0.022    -.1887661   -.0148414
        ln_recent_volumn |   .0759899   .0124777     6.09   0.000     .0514636    .1005162
           recent_rating |   .0093689   .0088296     1.06   0.289    -.0079866    .0267245
               recent_sd |  -.0077213   .0105051    -0.74   0.463    -.0283702    .0129276
       ln_lag_volumn_acc |   .0470845   .0174776     2.69   0.007     .0127303    .0814388
      lag_avg_rating_acc |   .0227887   .0504461     0.45   0.652    -.0763688    .1219463
              lag_sd_acc |  -.0363554   .0602284    -0.60   0.546    -.1547411    .0820304
       ln_avg_com_RevPAR |   .1158444   .0133499     8.68   0.000     .0896036    .1420852
ln_lag_RevPAR_clean_w199 |   .4531256   .0239639    18.91   0.000     .4060218    .5002294
                   _cons |   1.320345   .2725067     4.85   0.000     .7847019    1.855988
------------------------------------------------------------------------------------------

Absorbed degrees of freedom:
------------------------------------------------------+
  Absorbed FE | Categories  - Redundant  = Num. Coefs |
--------------+---------------------------------------|
 hotel_id_num |       422         422           0    *|
           ym |       135           1         134     |
------------------------------------------------------+
* = FE nested within cluster; treated as redundant for DoF computation

. estimates store O13_high

. 
. estimates table O1_chain O2_independent O3_smallchain O4_chain3 O5_starclass O6_starbucket O7_highstar O8_qualitylevel O8_qualityym O9_qualitycity O10_qualityzip O11_rank O12_evaluation O13_popularity O13_popularitycell O13_low O13_high, b(%9.4f) se sta
> ts(N r2_a)

--------------------------------------------------------------------------------------------------------------------------------------------------------------------------------------------------------------------------
    Variable | O1_chain    O2_inde~t   O3_smal~n   O4_chain3   O5_star~s   O6_star~t   O7_high~r   O8_qual~l   O8_qual~m   O9_qual~y   O10_qua~p   O11_rank    O12_eva~n   O13_pop~y   O13_pop~l    O13_low    O13_high   
-------------+------------------------------------------------------------------------------------------------------------------------------------------------------------------------------------------------------------
    sim_mean |   -0.0568     -0.0884     -0.0568     -0.0566      0.2928     -0.0152     -0.0134      0.1733     -0.0503     -0.0401     -0.0813     -0.0626     -0.0249     -0.0921     -0.0676     -0.0544     -0.1018  
             |    0.0471      0.0296      0.0471      0.0467      0.0413      0.0715      0.0711      0.2041      0.0355      0.0357      0.0336      0.0317      0.0441      0.1212      0.0289      0.0293      0.0442  
             |
       chain |
          1  | (omitted)                                                                                                                                                                                                  
             |                                                                                                                                                                                                            
             |
       chain#|
  c.sim_mean |
          1  |   -0.0315                                                                                                                                                                                                  
             |    0.0551                                                                                                                                                                                                  
             |
ln_recent_~n |    0.0784      0.0784      0.0784      0.0784      0.0759      0.0766      0.0767      0.0786      0.0782      0.0787      0.0783      0.0789      0.0788      0.0783      0.0787      0.0774      0.0760  
             |    0.0088      0.0088      0.0088      0.0088      0.0089      0.0089      0.0089      0.0088      0.0088      0.0088      0.0088      0.0088      0.0088      0.0087      0.0087      0.0117      0.0125  
recent_rat~g |    0.0207      0.0207      0.0207      0.0207      0.0214      0.0215      0.0215      0.0209      0.0207      0.0209      0.0207      0.0208      0.0212      0.0207      0.0208      0.0296      0.0094  
             |    0.0060      0.0060      0.0060      0.0060      0.0060      0.0060      0.0060      0.0060      0.0060      0.0060      0.0060      0.0060      0.0060      0.0060      0.0060      0.0068      0.0088  
   recent_sd |    0.0024      0.0024      0.0024      0.0024      0.0029      0.0027      0.0027      0.0020      0.0020      0.0020      0.0024      0.0021      0.0020      0.0024      0.0023      0.0129     -0.0077  
             |    0.0074      0.0074      0.0074      0.0074      0.0075      0.0075      0.0075      0.0074      0.0075      0.0074      0.0074      0.0074      0.0074      0.0074      0.0074      0.0086      0.0105  
ln_lag_vol~c |    0.0281      0.0281      0.0281      0.0281      0.0261      0.0259      0.0260      0.0281      0.0285      0.0286      0.0281      0.0281      0.0281      0.0273      0.0271      0.0286      0.0471  
             |    0.0071      0.0071      0.0071      0.0071      0.0072      0.0072      0.0072      0.0071      0.0071      0.0071      0.0071      0.0071      0.0071      0.0104      0.0072      0.0077      0.0175  
lag_avg_ra~c |    0.0040      0.0040      0.0040      0.0040      0.0064      0.0066      0.0066      0.0230      0.0159      0.0175      0.0053      0.0040      0.0042      0.0040      0.0036     -0.0044      0.0228  
             |    0.0277      0.0277      0.0277      0.0277      0.0275      0.0274      0.0274      0.0300      0.0277      0.0277      0.0277      0.0277      0.0277      0.0277      0.0277      0.0299      0.0504  
  lag_sd_acc |   -0.0131     -0.0131     -0.0131     -0.0131     -0.0107     -0.0111     -0.0110     -0.0130     -0.0168     -0.0183     -0.0136     -0.0133     -0.0132     -0.0133     -0.0128      0.0068     -0.0364  
             |    0.0344      0.0344      0.0344      0.0344      0.0344      0.0344      0.0344      0.0345      0.0342      0.0341      0.0345      0.0344      0.0343      0.0344      0.0345      0.0373      0.0602  
ln_avg_com~R |    0.1202      0.1202      0.1202      0.1202      0.1183      0.1182      0.1182      0.1202      0.1205      0.1202      0.1203      0.1203      0.1204      0.1203      0.1202      0.1288      0.1158  
             |    0.0120      0.0120      0.0120      0.0120      0.0118      0.0118      0.0118      0.0120      0.0120      0.0120      0.0120      0.0120      0.0120      0.0120      0.0120      0.0158      0.0133  
ln_la~n_w199 |    0.4398      0.4398      0.4398      0.4398      0.4484      0.4486      0.4485      0.4398      0.4395      0.4396      0.4398      0.4398      0.4398      0.4398      0.4398      0.4013      0.4531  
             |    0.0177      0.0177      0.0177      0.0177      0.0175      0.0175      0.0175      0.0177      0.0177      0.0176      0.0177      0.0177      0.0177      0.0177      0.0177      0.0190      0.0240  
             |
 independent |
          1  |             (omitted)                                                                                                                                                                                      
             |                                                                                                                                                                                                            
             |
 independent#|
  c.sim_mean |
          1  |                0.0315                                                                                                                                                                                      
             |                0.0551                                                                                                                                                                                      
             |
 chain_small |
          1  |                         (omitted)                                                                                                                                                                          
             |                                                                                                                                                                                                            
             |
 chain_small#|
  c.sim_mean |
          1  |                           -0.0315                                                                                                                                                                          
             |                            0.0551                                                                                                                                                                          
             |
chain3_small |
          1  |                                     (omitted)                                                                                                                                                              
             |                                                                                                                                                                                                            
             |
chain3_small#|
  c.sim_mean |
          1  |                                       -0.0320                                                                                                                                                              
             |                                        0.0548                                                                                                                                                              
             |
star_class~l |
          3  |                                                 (omitted)                                                                                                                                                  
             |                                                                                                                                                                                                            
          4  |                                                 (omitted)                                                                                                                                                  
             |                                                                                                                                                                                                            
          5  |                                                 (omitted)                                                                                                                                                  
             |                                                                                                                                                                                                            
          6  |                                                 (omitted)                                                                                                                                                  
             |                                                                                                                                                                                                            
          7  |                                                 (omitted)                                                                                                                                                  
             |                                                                                                                                                                                                            
          8  |                                                 (omitted)                                                                                                                                                  
             |                                                                                                                                                                                                            
          9  |                                                 (omitted)                                                                                                                                                  
             |                                                                                                                                                                                                            
             |
star_class~l#|
  c.sim_mean |
          3  |                                                   -0.3074                                                                                                                                                  
             |                                                    0.0817                                                                                                                                                  
          4  |                                                   -0.3953                                                                                                                                                  
             |                                                    0.0595                                                                                                                                                  
          5  |                                                   -0.3560                                                                                                                                                  
             |                                                    0.0544                                                                                                                                                  
          6  |                                                   -0.5350                                                                                                                                                  
             |                                                    0.1062                                                                                                                                                  
          7  |                                                   -0.2848                                                                                                                                                  
             |                                                    0.1240                                                                                                                                                  
          8  |                                                   -0.5887                                                                                                                                                  
             |                                                    0.2474                                                                                                                                                  
          9  |                                                   -0.3628                                                                                                                                                  
             |                                                    0.2249                                                                                                                                                  
             |
star_class~3 |
          1  |                                                             (omitted)                                                                                                                                      
             |                                                                                                                                                                                                            
             |
star_class~3 |
          3  |                                                             (omitted)                                                                                                                                      
             |                                                                                                                                                                                                            
             |
star_class~3#|
  c.sim_mean |
          1  |                                                                0.3077                                                                                                                                      
             |                                                                0.0816                                                                                                                                      
             |
star_class~3#|
  c.sim_mean |
          3  |                                                               -0.0701                                                                                                                                      
             |                                                                0.0766                                                                                                                                      
             |
  high_star4 |
          1  |                                                                         (omitted)                                                                                                                          
             |                                                                                                                                                                                                            
             |
  high_star4#|
  c.sim_mean |
          1  |                                                                           -0.0719                                                                                                                          
             |                                                                            0.0762                                                                                                                          
             |
  c.sim_mean#|
          c. |
lag_avg_ra~c |                                                                                       -0.0648                                                                                                              
             |                                                                                        0.0515                                                                                                              
             |
high_qua~_ym |
          1  |                                                                                                   -0.0034                                                                                                  
             |                                                                                                    0.0171                                                                                                  
             |
high_qua~_ym#|
  c.sim_mean |
          1  |                                                                                                   -0.0594                                                                                                  
             |                                                                                                    0.0492                                                                                                  
             |
high_qua~yym |
          1  |                                                                                                               -0.0003                                                                                      
             |                                                                                                                0.0164                                                                                      
             |
high_qua~yym#|
  c.sim_mean |
          1  |                                                                                                               -0.0803                                                                                      
             |                                                                                                                0.0495                                                                                      
             |
high_qua~pym |
          1  |                                                                                                                           -0.0051                                                                          
             |                                                                                                                            0.0153                                                                          
             |
high_qua~pym#|
  c.sim_mean |
          1  |                                                                                                                            0.0077                                                                          
             |                                                                                                                            0.0472                                                                          
             |
high_rank_~s |
          1  |                                                                                                                                     (omitted)                                                              
             |                                                                                                                                                                                                            
             |
high_rank_~s#|
  c.sim_mean |
          1  |                                                                                                                                       -0.0413                                                              
             |                                                                                                                                        0.0497                                                              
             |
hotel_eval~r |
          2  |                                                                                                                                                 (omitted)                                                  
             |                                                                                                                                                                                                            
          3  |                                                                                                                                                 (omitted)                                                  
             |                                                                                                                                                                                                            
          4  |                                                                                                                                                 (omitted)                                                  
             |                                                                                                                                                                                                            
          5  |                                                                                                                                                 (omitted)                                                  
             |                                                                                                                                                                                                            
             |
hotel_eval~r#|
  c.sim_mean |
          2  |                                                                                                                                                   -0.1958                                                  
             |                                                                                                                                                    0.1805                                                  
          3  |                                                                                                                                                   -0.0761                                                  
             |                                                                                                                                                    0.0584                                                  
          4  |                                                                                                                                                    0.1223                                                  
             |                                                                                                                                                    0.1552                                                  
          5  |                                                                                                                                                   -0.0847                                                  
             |                                                                                                                                                    0.0645                                                  
             |
  c.sim_mean#|
          c. |
ln_lag_vol~c |                                                                                                                                                                0.0026                                      
             |                                                                                                                                                                0.0239                                      
             |
high_popul~y |
          1  |                                                                                                                                                                            0.0146                          
             |                                                                                                                                                                            0.0150                          
             |
high_popul~y#|
  c.sim_mean |
          1  |                                                                                                                                                                           -0.0325                          
             |                                                                                                                                                                            0.0476                          
             |
       _cons |    1.4470      1.4470      1.4470      1.4470      1.4151      1.4144      1.4143      1.3728      1.4057      1.3976      1.4444      1.4470      1.4452      1.4516      1.4477      1.5230      1.3203  
             |    0.1499      0.1499      0.1499      0.1499      0.1499      0.1498      0.1498      0.1509      0.1479      0.1484      0.1483      0.1500      0.1497      0.1542      0.1500      0.1622      0.2725  
-------------+------------------------------------------------------------------------------------------------------------------------------------------------------------------------------------------------------------
           N |     33317       33317       33317       33317       32614       32614       32614       33317       33317       33317       33317       33317       33317       33317       33317       17170       16102  
        r2_a |    0.8750      0.8750      0.8750      0.8750      0.8742      0.8742      0.8742      0.8751      0.8751      0.8751      0.8750      0.8750      0.8751      0.8750      0.8751      0.8811      0.8710  
--------------------------------------------------------------------------------------------------------------------------------------------------------------------------------------------------------------------------
                                                                                                                                                                                                              Legend: b/se

. log close
      name:  <unnamed>
       log:  /Users/samxie/Research/ReviewSimi_Sales/Code/stata-log/run_event_month_pool_gt100_organization_boundaries_260711.log
  log type:  text
 closed on:  12 Jul 2026, 19:31:36
---------------------------------------------------------------------------------------------------------------------------------------------------------------------------------------------------------------------------------------------------------------

. 
end of do-file

. do "`project'/scripts/stata/run_event_month_pool_gt100_product_systematics_260711.do"

. *******************************************************
. * Route A product systematics, rebuilt pooled-ARS panel.
. * Self-contained; profile construction and every model explicit.
. *******************************************************
. version 17.0

. clear all

. set more off

. set linesize 255

. capture log close

. local p "/Users/samxie/Research/ReviewSimi_Sales/Code"

. use "`p'/outputs/core_simi_260501/data/event_month_pool_allreviews_gt100_panel_260711.dta", clear

. log using "`p'/stata-log/run_event_month_pool_gt100_product_systematics_260711.log", text replace
---------------------------------------------------------------------------------------------------------------------------------------------------------------------------------------------------------------------------------------------------------------
      name:  <unnamed>
       log:  /Users/samxie/Research/ReviewSimi_Sales/Code/stata-log/run_event_month_pool_gt100_product_systematics_260711.log
  log type:  text
 opened on:  12 Jul 2026, 19:31:36

. 
. * Rebuild Route A TripAdvisor profile measures before merging them to the panel.
. tempfile profile

. preserve

.     import delimited using "`p'/full-data/hotel_profile_TP.csv", varnames(1) clear bindquote(loose) maxquotedrows(unlimited) encoding("UTF-8")
Note: Unmatched quote while processing row 1978; this can be due to a formatting problem in the file or because a quoted data element spans multiple lines. You should carefully inspect your data after importing. Consider using option bindquote(strict)
    if quoted data spans multiple lines or option bindquote(nobind) if quotes are not used for binding data.
Note: Unmatched quote while processing row 1978; this can be due to a formatting problem in the file or because a quoted data element spans multiple lines. You should carefully inspect your data after importing. Consider using option bindquote(strict)
    if quoted data spans multiple lines or option bindquote(nobind) if quotes are not used for binding data.
Note: Unmatched quote while processing row 2298; this can be due to a formatting problem in the file or because a quoted data element spans multiple lines. You should carefully inspect your data after importing. Consider using option bindquote(strict)
    if quoted data spans multiple lines or option bindquote(nobind) if quotes are not used for binding data.
Note: Unmatched quote while processing row 9087; this can be due to a formatting problem in the file or because a quoted data element spans multiple lines. You should carefully inspect your data after importing. Consider using option bindquote(strict)
    if quoted data spans multiple lines or option bindquote(nobind) if quotes are not used for binding data.
(50 vars, 11,441 obs)

.     keep hotel_id_ta hotel_price_low hotel_price_high hotel_amenities hotel_style travelers_choice

.     rename hotel_id_ta HotelID

.     capture confirm string variable HotelID

.     if _rc tostring HotelID, replace format(%18.0f)
HotelID was long now str8

.     replace HotelID = strtrim(HotelID)
(0 real changes made)

.     duplicates drop HotelID, force

Duplicates in terms of HotelID

(0 observations are duplicates)

.     destring hotel_price_low hotel_price_high, replace ignore(",") force
hotel_price_low already numeric; no replace
hotel_price_high already numeric; no replace

.     gen double tp_price_mid = (hotel_price_low + hotel_price_high) / 2 if !missing(hotel_price_low, hotel_price_high)
(4,097 missing values generated)

.     gen double ln_tp_price_mid = ln(tp_price_mid) if tp_price_mid > 0
(4,097 missing values generated)

.     gen strL amen_lc = ustrlower(hotel_amenities)
(350 missing values generated)

.     gen strL style_lc = ustrlower(hotel_style)
(7 missing values generated)

.     gen double tp_amenity_count = strlen(hotel_amenities) - strlen(subinstr(hotel_amenities, ",", "", .)) + 1 if strtrim(hotel_amenities) != "" & !missing(hotel_amenities)
(350 missing values generated)

.     replace tp_amenity_count = 0 if missing(tp_amenity_count) & !missing(hotel_amenities)
(0 real changes made)

.     gen byte amen_rec_index = regexm(amen_lc, "pool") + regexm(amen_lc, "fitness|gym|workout") + regexm(amen_lc, "spa|hot tub|jacuzzi|sauna") + regexm(amen_lc, "golf") if !missing(amen_lc)
(350 missing values generated)

.     gen byte amen_serv_index = regexm(amen_lc, "breakfast") + regexm(amen_lc, "parking|park") + regexm(amen_lc, "wifi|wi-fi|internet") + regexm(amen_lc, "laundry|dry cleaning") + regexm(amen_lc, "24-hour|front desk|concierge") if !missing(amen_lc)
(350 missing values generated)

.     gen byte amen_bus_index = regexm(amen_lc, "business center|business") + regexm(amen_lc, "meeting") + regexm(amen_lc, "conference|banquet") + regexm(amen_lc, "workspace|desk|work area") if !missing(amen_lc)
(350 missing values generated)

.     gen byte style_upscale = regexm(style_lc, "luxury|romantic|boutique|modern|trendy") if !missing(style_lc)
(7 missing values generated)

.     gen byte travelers_choice_flag = regexm(ustrlower(travelers_choice), "travelers' choice|best of the best") if !missing(travelers_choice)
(5,919 missing values generated)

.     foreach x in amen_rec_index amen_serv_index amen_bus_index style_upscale travelers_choice_flag {
  2.         replace `x' = 0 if missing(`x')
  3.     }
(350 real changes made)
(350 real changes made)
(350 real changes made)
(7 real changes made)
(5,919 real changes made)

.     keep HotelID ln_tp_price_mid tp_amenity_count amen_rec_index amen_serv_index amen_bus_index style_upscale travelers_choice_flag

.     save `profile', replace
(file /var/folders/x9/p1d98gj518326zdc2s5gzn8w0000gn/T//St91757.000001 not found)
file /var/folders/x9/p1d98gj518326zdc2s5gzn8w0000gn/T//St91757.000001 saved as .dta format

. restore

. merge m:1 HotelID using `profile', keep(master match) nogen

    Result                      Number of obs
    -----------------------------------------
    Not matched                             0
    Matched                            34,713  
    -----------------------------------------

. estimates clear

. 
. * V1-V3 vertical product systematics.
. reghdfe ln_RevPAR_clean_w199 c.sim_mean##c.star_class_final_raw ln_recent_volumn recent_rating recent_sd ln_lag_volumn_acc lag_avg_rating_acc lag_sd_acc ln_avg_com_RevPAR ln_lag_RevPAR_clean_w199 if !missing(sim_mean, star_class_final_raw), absorb(hotel
> _id_num ym) vce(cluster hotel_id_num)
(dropped 2 singleton observations)
(MWFE estimator converged in 7 iterations)
note: star_class_final_raw is probably collinear with the fixed effects (all partialled-out values are close to zero; tol = 1.0e-09)

HDFE Linear regression                            Number of obs   =     32,614
Absorbing 2 HDFE groups                           F(  10,    544) =     128.93
Statistics robust to heteroskedasticity           Prob > F        =     0.0000
                                                  R-squared       =     0.8769
                                                  Adj R-squared   =     0.8742
                                                  Within R-sq.    =     0.3143
Number of clusters (hotel_id_num) =        545    Root MSE        =     0.2244

                                              (Std. err. adjusted for 545 clusters in hotel_id_num)
---------------------------------------------------------------------------------------------------
                                  |               Robust
             ln_RevPAR_clean_w199 | Coefficient  std. err.      t    P>|t|     [95% conf. interval]
----------------------------------+----------------------------------------------------------------
                         sim_mean |  -.0065443   .1343528    -0.05   0.961    -.2704581    .2573695
             star_class_final_raw |          0  (omitted)
                                  |
c.sim_mean#c.star_class_final_raw |  -.0235465   .0465594    -0.51   0.613    -.1150047    .0679116
                                  |
                 ln_recent_volumn |   .0768629   .0088961     8.64   0.000      .059388    .0943378
                    recent_rating |    .021444   .0059781     3.59   0.000     .0097011     .033187
                        recent_sd |   .0025581   .0075288     0.34   0.734     -.012231    .0173472
                ln_lag_volumn_acc |     .02598   .0072008     3.61   0.000     .0118353    .0401248
               lag_avg_rating_acc |    .006421   .0274487     0.23   0.815    -.0474974    .0603393
                       lag_sd_acc |  -.0110539   .0344459    -0.32   0.748    -.0787171    .0566093
                ln_avg_com_RevPAR |    .118216   .0118448     9.98   0.000     .0949488    .1414832
         ln_lag_RevPAR_clean_w199 |   .4485248   .0175526    25.55   0.000     .4140456     .483004
                            _cons |   1.415308   .1499397     9.44   0.000     1.120777     1.70984
---------------------------------------------------------------------------------------------------

Absorbed degrees of freedom:
------------------------------------------------------+
  Absorbed FE | Categories  - Redundant  = Num. Coefs |
--------------+---------------------------------------|
 hotel_id_num |       545         545           0    *|
           ym |       135           1         134     |
------------------------------------------------------+
* = FE nested within cluster; treated as redundant for DoF computation

. estimates store V1_star

. reghdfe ln_RevPAR_clean_w199 c.sim_mean##c.hotel_avg_rating ln_recent_volumn recent_rating recent_sd ln_lag_volumn_acc lag_avg_rating_acc lag_sd_acc ln_avg_com_RevPAR ln_lag_RevPAR_clean_w199 if !missing(sim_mean, hotel_avg_rating), absorb(hotel_id_num 
> ym) vce(cluster hotel_id_num)
(dropped 2 singleton observations)
(MWFE estimator converged in 7 iterations)
note: hotel_avg_rating is probably collinear with the fixed effects (all partialled-out values are close to zero; tol = 1.0e-09)

HDFE Linear regression                            Number of obs   =     33,317
Absorbing 2 HDFE groups                           F(  10,    555) =     131.95
Statistics robust to heteroskedasticity           Prob > F        =     0.0000
                                                  R-squared       =     0.8777
                                                  Adj R-squared   =     0.8751
                                                  Within R-sq.    =     0.3041
Number of clusters (hotel_id_num) =        556    Root MSE        =     0.2290

                                          (Std. err. adjusted for 556 clusters in hotel_id_num)
-----------------------------------------------------------------------------------------------
                              |               Robust
         ln_RevPAR_clean_w199 | Coefficient  std. err.      t    P>|t|     [95% conf. interval]
------------------------------+----------------------------------------------------------------
                     sim_mean |   .1866647   .2013315     0.93   0.354    -.2088001    .5821295
             hotel_avg_rating |          0  (omitted)
                              |
c.sim_mean#c.hotel_avg_rating |  -.0678897   .0509528    -1.33   0.183    -.1679736    .0321942
                              |
             ln_recent_volumn |   .0789266   .0087763     8.99   0.000     .0616878    .0961654
                recent_rating |   .0210447   .0059797     3.52   0.000     .0092991    .0327903
                    recent_sd |     .00196     .00743     0.26   0.792    -.0126344    .0165544
            ln_lag_volumn_acc |   .0281378   .0071029     3.96   0.000      .014186    .0420895
           lag_avg_rating_acc |   .0041967   .0277419     0.15   0.880    -.0502952    .0586886
                   lag_sd_acc |  -.0131945   .0343849    -0.38   0.701     -.080735     .054346
            ln_avg_com_RevPAR |    .120275   .0119846    10.04   0.000     .0967343    .1438157
     ln_lag_RevPAR_clean_w199 |   .4397919   .0176867    24.87   0.000     .4050508    .4745329
                        _cons |   1.445386   .1497323     9.65   0.000     1.151275    1.739497
-----------------------------------------------------------------------------------------------

Absorbed degrees of freedom:
------------------------------------------------------+
  Absorbed FE | Categories  - Redundant  = Num. Coefs |
--------------+---------------------------------------|
 hotel_id_num |       556         556           0    *|
           ym |       135           1         134     |
------------------------------------------------------+
* = FE nested within cluster; treated as redundant for DoF computation

. estimates store V2_quality

. reghdfe ln_RevPAR_clean_w199 c.sim_mean##c.hotel_rank_pct ln_recent_volumn recent_rating recent_sd ln_lag_volumn_acc lag_avg_rating_acc lag_sd_acc ln_avg_com_RevPAR ln_lag_RevPAR_clean_w199 if !missing(sim_mean, hotel_rank_pct), absorb(hotel_id_num ym) 
> vce(cluster hotel_id_num)
(dropped 2 singleton observations)
(MWFE estimator converged in 7 iterations)
note: hotel_rank_pct is probably collinear with the fixed effects (all partialled-out values are close to zero; tol = 1.0e-09)

HDFE Linear regression                            Number of obs   =     33,317
Absorbing 2 HDFE groups                           F(  10,    555) =     130.61
Statistics robust to heteroskedasticity           Prob > F        =     0.0000
                                                  R-squared       =     0.8777
                                                  Adj R-squared   =     0.8751
                                                  Within R-sq.    =     0.3041
Number of clusters (hotel_id_num) =        556    Root MSE        =     0.2290

                                        (Std. err. adjusted for 556 clusters in hotel_id_num)
---------------------------------------------------------------------------------------------
                            |               Robust
       ln_RevPAR_clean_w199 | Coefficient  std. err.      t    P>|t|     [95% conf. interval]
----------------------------+----------------------------------------------------------------
                   sim_mean |  -.1211541   .0476279    -2.54   0.011    -.2147071    -.027601
             hotel_rank_pct |          0  (omitted)
                            |
c.sim_mean#c.hotel_rank_pct |   .1172391   .1092709     1.07   0.284    -.0973961    .3318742
                            |
           ln_recent_volumn |   .0789266   .0087954     8.97   0.000     .0616503     .096203
              recent_rating |    .021071   .0059804     3.52   0.000      .009324    .0328179
                  recent_sd |   .0020822   .0074288     0.28   0.779    -.0125098    .0166742
          ln_lag_volumn_acc |   .0281511   .0071105     3.96   0.000     .0141844    .0421178
         lag_avg_rating_acc |   .0041412   .0277503     0.15   0.881    -.0503672    .0586496
                 lag_sd_acc |  -.0131932   .0343944    -0.38   0.701    -.0807523     .054366
          ln_avg_com_RevPAR |   .1202819   .0119867    10.03   0.000      .096737    .1438267
   ln_lag_RevPAR_clean_w199 |   .4397843     .01769    24.86   0.000     .4050368    .4745318
                      _cons |   1.445611   .1497898     9.65   0.000     1.151387    1.739836
---------------------------------------------------------------------------------------------

Absorbed degrees of freedom:
------------------------------------------------------+
  Absorbed FE | Categories  - Redundant  = Num. Coefs |
--------------+---------------------------------------|
 hotel_id_num |       556         556           0    *|
           ym |       135           1         134     |
------------------------------------------------------+
* = FE nested within cluster; treated as redundant for DoF computation

. estimates store V3_rank

. 
. * H1-H7 horizontal product systematics and P1 price position.
. reghdfe ln_RevPAR_clean_w199 c.sim_mean##c.tp_amenity_count ln_recent_volumn recent_rating recent_sd ln_lag_volumn_acc lag_avg_rating_acc lag_sd_acc ln_avg_com_RevPAR ln_lag_RevPAR_clean_w199 if !missing(sim_mean, tp_amenity_count), absorb(hotel_id_num 
> ym) vce(cluster hotel_id_num)
(dropped 2 singleton observations)
(MWFE estimator converged in 7 iterations)
note: tp_amenity_count is probably collinear with the fixed effects (all partialled-out values are close to zero; tol = 1.0e-09)

HDFE Linear regression                            Number of obs   =     33,317
Absorbing 2 HDFE groups                           F(  10,    555) =     129.29
Statistics robust to heteroskedasticity           Prob > F        =     0.0000
                                                  R-squared       =     0.8777
                                                  Adj R-squared   =     0.8750
                                                  Within R-sq.    =     0.3040
Number of clusters (hotel_id_num) =        556    Root MSE        =     0.2291

                                          (Std. err. adjusted for 556 clusters in hotel_id_num)
-----------------------------------------------------------------------------------------------
                              |               Robust
         ln_RevPAR_clean_w199 | Coefficient  std. err.      t    P>|t|     [95% conf. interval]
------------------------------+----------------------------------------------------------------
                     sim_mean |  -.0704018   .0746649    -0.94   0.346    -.2170622    .0762586
             tp_amenity_count |          0  (omitted)
                              |
c.sim_mean#c.tp_amenity_count |  -.0003294   .0028487    -0.12   0.908    -.0059251    .0052662
                              |
             ln_recent_volumn |   .0784932   .0087353     8.99   0.000     .0613349    .0956515
                recent_rating |   .0207306   .0059786     3.47   0.001     .0089872     .032474
                    recent_sd |   .0023535   .0074241     0.32   0.751    -.0122292    .0169363
            ln_lag_volumn_acc |   .0280641   .0071298     3.94   0.000     .0140594    .0420689
           lag_avg_rating_acc |   .0040559   .0277349     0.15   0.884    -.0504223    .0585341
                   lag_sd_acc |   -.013231   .0343856    -0.38   0.701    -.0807729    .0543109
            ln_avg_com_RevPAR |   .1202649     .01199    10.03   0.000     .0967135    .1438162
     ln_lag_RevPAR_clean_w199 |   .4398278   .0176908    24.86   0.000     .4050787    .4745769
                        _cons |   1.446989   .1498946     9.65   0.000     1.152559    1.741419
-----------------------------------------------------------------------------------------------

Absorbed degrees of freedom:
------------------------------------------------------+
  Absorbed FE | Categories  - Redundant  = Num. Coefs |
--------------+---------------------------------------|
 hotel_id_num |       556         556           0    *|
           ym |       135           1         134     |
------------------------------------------------------+
* = FE nested within cluster; treated as redundant for DoF computation

. estimates store H1_amenity

. reghdfe ln_RevPAR_clean_w199 c.sim_mean##c.amen_rec_index ln_recent_volumn recent_rating recent_sd ln_lag_volumn_acc lag_avg_rating_acc lag_sd_acc ln_avg_com_RevPAR ln_lag_RevPAR_clean_w199 if !missing(sim_mean, amen_rec_index), absorb(hotel_id_num ym) 
> vce(cluster hotel_id_num)
(dropped 2 singleton observations)
(MWFE estimator converged in 7 iterations)
note: amen_rec_index is probably collinear with the fixed effects (all partialled-out values are close to zero; tol = 1.0e-09)

HDFE Linear regression                            Number of obs   =     33,317
Absorbing 2 HDFE groups                           F(  10,    555) =     128.64
Statistics robust to heteroskedasticity           Prob > F        =     0.0000
                                                  R-squared       =     0.8777
                                                  Adj R-squared   =     0.8750
                                                  Within R-sq.    =     0.3040
Number of clusters (hotel_id_num) =        556    Root MSE        =     0.2290

                                        (Std. err. adjusted for 556 clusters in hotel_id_num)
---------------------------------------------------------------------------------------------
                            |               Robust
       ln_RevPAR_clean_w199 | Coefficient  std. err.      t    P>|t|     [95% conf. interval]
----------------------------+----------------------------------------------------------------
                   sim_mean |  -.1279986   .0606845    -2.11   0.035     -.247198   -.0087992
             amen_rec_index |          0  (omitted)
                            |
c.sim_mean#c.amen_rec_index |   .0223007   .0245994     0.91   0.365    -.0260186      .07062
                            |
           ln_recent_volumn |    .078404   .0087929     8.92   0.000     .0611325    .0956755
              recent_rating |   .0206312   .0059842     3.45   0.001     .0088767    .0323857
                  recent_sd |   .0023148   .0074457     0.31   0.756    -.0123104    .0169401
          ln_lag_volumn_acc |   .0280079   .0071073     3.94   0.000     .0140474    .0419683
         lag_avg_rating_acc |   .0041715   .0277651     0.15   0.881     -.050366    .0587091
                 lag_sd_acc |  -.0133611   .0344187    -0.39   0.698     -.080968    .0542458
          ln_avg_com_RevPAR |   .1202661   .0119837    10.04   0.000     .0967271    .1438051
   ln_lag_RevPAR_clean_w199 |   .4398796   .0176847    24.87   0.000     .4051424    .4746168
                      _cons |   1.446644   .1500695     9.64   0.000     1.151871    1.741418
---------------------------------------------------------------------------------------------

Absorbed degrees of freedom:
------------------------------------------------------+
  Absorbed FE | Categories  - Redundant  = Num. Coefs |
--------------+---------------------------------------|
 hotel_id_num |       556         556           0    *|
           ym |       135           1         134     |
------------------------------------------------------+
* = FE nested within cluster; treated as redundant for DoF computation

. estimates store H2_recreation

. reghdfe ln_RevPAR_clean_w199 c.sim_mean##c.amen_serv_index ln_recent_volumn recent_rating recent_sd ln_lag_volumn_acc lag_avg_rating_acc lag_sd_acc ln_avg_com_RevPAR ln_lag_RevPAR_clean_w199 if !missing(sim_mean, amen_serv_index), absorb(hotel_id_num ym
> ) vce(cluster hotel_id_num)
(dropped 2 singleton observations)
(MWFE estimator converged in 7 iterations)
note: amen_serv_index is probably collinear with the fixed effects (all partialled-out values are close to zero; tol = 1.0e-09)

HDFE Linear regression                            Number of obs   =     33,317
Absorbing 2 HDFE groups                           F(  10,    555) =     129.01
Statistics robust to heteroskedasticity           Prob > F        =     0.0000
                                                  R-squared       =     0.8777
                                                  Adj R-squared   =     0.8751
                                                  Within R-sq.    =     0.3041
Number of clusters (hotel_id_num) =        556    Root MSE        =     0.2290

                                         (Std. err. adjusted for 556 clusters in hotel_id_num)
----------------------------------------------------------------------------------------------
                             |               Robust
        ln_RevPAR_clean_w199 | Coefficient  std. err.      t    P>|t|     [95% conf. interval]
-----------------------------+----------------------------------------------------------------
                    sim_mean |  -.2768106   .2032257    -1.36   0.174    -.6759963    .1223751
             amen_serv_index |          0  (omitted)
                             |
c.sim_mean#c.amen_serv_index |   .0425872   .0430602     0.99   0.323    -.0419937     .127168
                             |
            ln_recent_volumn |   .0783914   .0087706     8.94   0.000     .0611637     .095619
               recent_rating |    .020552   .0060008     3.42   0.001     .0087649    .0323391
                   recent_sd |   .0021963   .0074736     0.29   0.769    -.0124837    .0168764
           ln_lag_volumn_acc |   .0279224   .0071153     3.92   0.000     .0139462    .0418985
          lag_avg_rating_acc |   .0042904   .0277955     0.15   0.877    -.0503068    .0588877
                  lag_sd_acc |  -.0133017   .0344409    -0.39   0.699    -.0809522    .0543488
           ln_avg_com_RevPAR |   .1202937   .0119873    10.04   0.000     .0967477    .1438398
    ln_lag_RevPAR_clean_w199 |   .4398953   .0176803    24.88   0.000     .4051668    .4746239
                       _cons |   1.446752   .1502008     9.63   0.000     1.151721    1.741784
----------------------------------------------------------------------------------------------

Absorbed degrees of freedom:
------------------------------------------------------+
  Absorbed FE | Categories  - Redundant  = Num. Coefs |
--------------+---------------------------------------|
 hotel_id_num |       556         556           0    *|
           ym |       135           1         134     |
------------------------------------------------------+
* = FE nested within cluster; treated as redundant for DoF computation

. estimates store H3_service

. reghdfe ln_RevPAR_clean_w199 c.sim_mean##c.amen_bus_index ln_recent_volumn recent_rating recent_sd ln_lag_volumn_acc lag_avg_rating_acc lag_sd_acc ln_avg_com_RevPAR ln_lag_RevPAR_clean_w199 if !missing(sim_mean, amen_bus_index), absorb(hotel_id_num ym) 
> vce(cluster hotel_id_num)
(dropped 2 singleton observations)
(MWFE estimator converged in 7 iterations)
note: amen_bus_index is probably collinear with the fixed effects (all partialled-out values are close to zero; tol = 1.0e-09)

HDFE Linear regression                            Number of obs   =     33,317
Absorbing 2 HDFE groups                           F(  10,    555) =     128.85
Statistics robust to heteroskedasticity           Prob > F        =     0.0000
                                                  R-squared       =     0.8777
                                                  Adj R-squared   =     0.8750
                                                  Within R-sq.    =     0.3040
Number of clusters (hotel_id_num) =        556    Root MSE        =     0.2291

                                        (Std. err. adjusted for 556 clusters in hotel_id_num)
---------------------------------------------------------------------------------------------
                            |               Robust
       ln_RevPAR_clean_w199 | Coefficient  std. err.      t    P>|t|     [95% conf. interval]
----------------------------+----------------------------------------------------------------
                   sim_mean |   -.090134   .0645058    -1.40   0.163    -.2168393    .0365713
             amen_bus_index |          0  (omitted)
                            |
c.sim_mean#c.amen_bus_index |   .0041161   .0207885     0.20   0.843    -.0367176    .0449497
                            |
           ln_recent_volumn |   .0783554   .0087708     8.93   0.000     .0611273    .0955834
              recent_rating |   .0206674    .005982     3.45   0.001     .0089173    .0324176
                  recent_sd |   .0023538   .0074433     0.32   0.752    -.0122666    .0169743
          ln_lag_volumn_acc |   .0280181    .007119     3.94   0.000     .0140347    .0420015
         lag_avg_rating_acc |    .004083   .0277453     0.15   0.883    -.0504156    .0585817
                 lag_sd_acc |  -.0132291   .0343918    -0.38   0.701    -.0807831     .054325
          ln_avg_com_RevPAR |    .120264   .0119882    10.03   0.000     .0967161    .1438119
   ln_lag_RevPAR_clean_w199 |   .4398605   .0176802    24.88   0.000     .4051321    .4745889
                      _cons |   1.447114   .1499766     9.65   0.000     1.152522    1.741705
---------------------------------------------------------------------------------------------

Absorbed degrees of freedom:
------------------------------------------------------+
  Absorbed FE | Categories  - Redundant  = Num. Coefs |
--------------+---------------------------------------|
 hotel_id_num |       556         556           0    *|
           ym |       135           1         134     |
------------------------------------------------------+
* = FE nested within cluster; treated as redundant for DoF computation

. estimates store H4_business

. reghdfe ln_RevPAR_clean_w199 c.sim_mean##i.style_upscale ln_recent_volumn recent_rating recent_sd ln_lag_volumn_acc lag_avg_rating_acc lag_sd_acc ln_avg_com_RevPAR ln_lag_RevPAR_clean_w199 if !missing(sim_mean, style_upscale), absorb(hotel_id_num ym) vc
> e(cluster hotel_id_num)
(dropped 2 singleton observations)
(MWFE estimator converged in 7 iterations)
note: 1bn.style_upscale is probably collinear with the fixed effects (all partialled-out values are close to zero; tol = 1.0e-09)

HDFE Linear regression                            Number of obs   =     33,317
Absorbing 2 HDFE groups                           F(  10,    555) =     129.14
Statistics robust to heteroskedasticity           Prob > F        =     0.0000
                                                  R-squared       =     0.8777
                                                  Adj R-squared   =     0.8751
                                                  Within R-sq.    =     0.3041
Number of clusters (hotel_id_num) =        556    Root MSE        =     0.2290

                                     (Std. err. adjusted for 556 clusters in hotel_id_num)
------------------------------------------------------------------------------------------
                         |               Robust
    ln_RevPAR_clean_w199 | Coefficient  std. err.      t    P>|t|     [95% conf. interval]
-------------------------+----------------------------------------------------------------
                sim_mean |  -.0568592   .0302189    -1.88   0.060    -.1162166    .0024982
         1.style_upscale |          0  (omitted)
                         |
style_upscale#c.sim_mean |
                      1  |  -.0768141    .052427    -1.47   0.143    -.1797938    .0261655
                         |
        ln_recent_volumn |   .0784512   .0087921     8.92   0.000     .0611813    .0957212
           recent_rating |   .0208148    .005974     3.48   0.001     .0090804    .0325492
               recent_sd |   .0022734   .0074321     0.31   0.760     -.012325    .0168719
       ln_lag_volumn_acc |   .0280197   .0071033     3.94   0.000     .0140671    .0419723
      lag_avg_rating_acc |   .0038928   .0277513     0.14   0.888    -.0506176    .0584032
              lag_sd_acc |  -.0135941   .0343997    -0.40   0.693    -.0811636    .0539754
       ln_avg_com_RevPAR |   .1201681   .0119949    10.02   0.000     .0966072     .143729
ln_lag_RevPAR_clean_w199 |   .4397587   .0176751    24.88   0.000     .4050405    .4744769
                   _cons |   1.448431   .1500076     9.66   0.000     1.153779    1.743083
------------------------------------------------------------------------------------------

Absorbed degrees of freedom:
------------------------------------------------------+
  Absorbed FE | Categories  - Redundant  = Num. Coefs |
--------------+---------------------------------------|
 hotel_id_num |       556         556           0    *|
           ym |       135           1         134     |
------------------------------------------------------+
* = FE nested within cluster; treated as redundant for DoF computation

. estimates store H5_upscale

. reghdfe ln_RevPAR_clean_w199 c.sim_mean##i.style_luxury ln_recent_volumn recent_rating recent_sd ln_lag_volumn_acc lag_avg_rating_acc lag_sd_acc ln_avg_com_RevPAR ln_lag_RevPAR_clean_w199 if !missing(sim_mean, style_luxury), absorb(hotel_id_num ym) vce(
> cluster hotel_id_num)
(dropped 2 singleton observations)
(MWFE estimator converged in 7 iterations)
note: 1bn.style_luxury is probably collinear with the fixed effects (all partialled-out values are close to zero; tol = 1.0e-09)

HDFE Linear regression                            Number of obs   =     33,317
Absorbing 2 HDFE groups                           F(  10,    555) =     128.98
Statistics robust to heteroskedasticity           Prob > F        =     0.0000
                                                  R-squared       =     0.8777
                                                  Adj R-squared   =     0.8750
                                                  Within R-sq.    =     0.3040
Number of clusters (hotel_id_num) =        556    Root MSE        =     0.2291

                                     (Std. err. adjusted for 556 clusters in hotel_id_num)
------------------------------------------------------------------------------------------
                         |               Robust
    ln_RevPAR_clean_w199 | Coefficient  std. err.      t    P>|t|     [95% conf. interval]
-------------------------+----------------------------------------------------------------
                sim_mean |  -.0787961   .0256108    -3.08   0.002     -.129102   -.0284902
          1.style_luxury |          0  (omitted)
                         |
 style_luxury#c.sim_mean |
                      1  |   .0012343   .1675615     0.01   0.994     -.327898    .3303666
                         |
        ln_recent_volumn |   .0784051   .0087957     8.91   0.000     .0611281     .095682
           recent_rating |      .0207   .0059793     3.46   0.001     .0089551    .0324449
               recent_sd |   .0023695   .0074273     0.32   0.750    -.0122196    .0169585
       ln_lag_volumn_acc |   .0280487   .0071083     3.95   0.000     .0140862    .0420111
      lag_avg_rating_acc |   .0040619   .0277389     0.15   0.884    -.0504242     .058548
              lag_sd_acc |  -.0132229   .0343909    -0.38   0.701    -.0807751    .0543293
       ln_avg_com_RevPAR |    .120262   .0119896    10.03   0.000     .0967114    .1438126
ln_lag_RevPAR_clean_w199 |   .4398382   .0176898    24.86   0.000     .4050911    .4745853
                   _cons |   1.447065   .1499735     9.65   0.000      1.15248     1.74165
------------------------------------------------------------------------------------------

Absorbed degrees of freedom:
------------------------------------------------------+
  Absorbed FE | Categories  - Redundant  = Num. Coefs |
--------------+---------------------------------------|
 hotel_id_num |       556         556           0    *|
           ym |       135           1         134     |
------------------------------------------------------+
* = FE nested within cluster; treated as redundant for DoF computation

. estimates store H6_luxury

. reghdfe ln_RevPAR_clean_w199 c.sim_mean##i.travelers_choice_flag ln_recent_volumn recent_rating recent_sd ln_lag_volumn_acc lag_avg_rating_acc lag_sd_acc ln_avg_com_RevPAR ln_lag_RevPAR_clean_w199 if !missing(sim_mean, travelers_choice_flag), absorb(hot
> el_id_num ym) vce(cluster hotel_id_num)
(dropped 2 singleton observations)
(MWFE estimator converged in 7 iterations)
note: 1bn.travelers_choice_flag is probably collinear with the fixed effects (all partialled-out values are close to zero; tol = 1.0e-09)

HDFE Linear regression                            Number of obs   =     33,317
Absorbing 2 HDFE groups                           F(  10,    555) =     129.11
Statistics robust to heteroskedasticity           Prob > F        =     0.0000
                                                  R-squared       =     0.8777
                                                  Adj R-squared   =     0.8750
                                                  Within R-sq.    =     0.3040
Number of clusters (hotel_id_num) =        556    Root MSE        =     0.2291

                                             (Std. err. adjusted for 556 clusters in hotel_id_num)
--------------------------------------------------------------------------------------------------
                                 |               Robust
            ln_RevPAR_clean_w199 | Coefficient  std. err.      t    P>|t|     [95% conf. interval]
---------------------------------+----------------------------------------------------------------
                        sim_mean |  -.0788713   .0260358    -3.03   0.003     -.130012   -.0277307
         1.travelers_choice_flag |          0  (omitted)
                                 |
travelers_choice_flag#c.sim_mean |
                              1  |   .0017411   .0968699     0.02   0.986    -.1885353    .1920176
                                 |
                ln_recent_volumn |   .0783971   .0087908     8.92   0.000     .0611299    .0956643
                   recent_rating |   .0206991   .0059889     3.46   0.001     .0089355    .0324628
                       recent_sd |   .0023737   .0074391     0.32   0.750    -.0122385    .0169859
               ln_lag_volumn_acc |   .0280469   .0071015     3.95   0.000     .0140978     .041996
              lag_avg_rating_acc |   .0040626   .0277388     0.15   0.884    -.0504233    .0585484
                      lag_sd_acc |  -.0132129   .0344044    -0.38   0.701    -.0807918    .0543659
               ln_avg_com_RevPAR |   .1202624   .0119896    10.03   0.000     .0967118    .1438129
        ln_lag_RevPAR_clean_w199 |   .4398384   .0176851    24.87   0.000     .4051004    .4745764
                           _cons |   1.447059   .1499711     9.65   0.000     1.152479     1.74164
--------------------------------------------------------------------------------------------------

Absorbed degrees of freedom:
------------------------------------------------------+
  Absorbed FE | Categories  - Redundant  = Num. Coefs |
--------------+---------------------------------------|
 hotel_id_num |       556         556           0    *|
           ym |       135           1         134     |
------------------------------------------------------+
* = FE nested within cluster; treated as redundant for DoF computation

. estimates store H7_choice

. reghdfe ln_RevPAR_clean_w199 c.sim_mean##c.ln_tp_price_mid ln_recent_volumn recent_rating recent_sd ln_lag_volumn_acc lag_avg_rating_acc lag_sd_acc ln_avg_com_RevPAR ln_lag_RevPAR_clean_w199 if !missing(sim_mean, ln_tp_price_mid), absorb(hotel_id_num ym
> ) vce(cluster hotel_id_num)
(dropped 1 singleton observations)
(MWFE estimator converged in 7 iterations)
note: ln_tp_price_mid is probably collinear with the fixed effects (all partialled-out values are close to zero; tol = 1.0e-09)

HDFE Linear regression                            Number of obs   =     31,847
Absorbing 2 HDFE groups                           F(  10,    518) =     125.87
Statistics robust to heteroskedasticity           Prob > F        =     0.0000
                                                  R-squared       =     0.8775
                                                  Adj R-squared   =     0.8749
                                                  Within R-sq.    =     0.3150
Number of clusters (hotel_id_num) =        519    Root MSE        =     0.2245

                                         (Std. err. adjusted for 519 clusters in hotel_id_num)
----------------------------------------------------------------------------------------------
                             |               Robust
        ln_RevPAR_clean_w199 | Coefficient  std. err.      t    P>|t|     [95% conf. interval]
-----------------------------+----------------------------------------------------------------
                    sim_mean |  -.0197468   .3063509    -0.06   0.949    -.6215898    .5820962
             ln_tp_price_mid |          0  (omitted)
                             |
c.sim_mean#c.ln_tp_price_mid |  -.0101628    .060959    -0.17   0.868    -.1299202    .1095945
                             |
            ln_recent_volumn |   .0790175   .0088527     8.93   0.000     .0616258    .0964091
               recent_rating |   .0174417   .0060374     2.89   0.004      .005581    .0293025
                   recent_sd |   .0010204   .0075085     0.14   0.892    -.0137305    .0157712
           ln_lag_volumn_acc |   .0291243   .0071833     4.05   0.000     .0150123    .0432363
          lag_avg_rating_acc |    .002755   .0280403     0.10   0.922    -.0523317    .0578416
                  lag_sd_acc |  -.0178606   .0354134    -0.50   0.614    -.0874321     .051711
           ln_avg_com_RevPAR |   .1201674   .0122261     9.83   0.000     .0961485    .1441863
    ln_lag_RevPAR_clean_w199 |   .4459053   .0180138    24.75   0.000     .4105162    .4812944
                       _cons |   1.443051   .1522324     9.48   0.000     1.143982     1.74212
----------------------------------------------------------------------------------------------

Absorbed degrees of freedom:
------------------------------------------------------+
  Absorbed FE | Categories  - Redundant  = Num. Coefs |
--------------+---------------------------------------|
 hotel_id_num |       519         519           0    *|
           ym |       135           1         134     |
------------------------------------------------------+
* = FE nested within cluster; treated as redundant for DoF computation

. estimates store P1_price

. 
. estimates table V1_star V2_quality V3_rank H1_amenity H2_recreation H3_service H4_business H5_upscale H6_luxury H7_choice P1_price, b(%9.4f) se stats(N r2_a)

--------------------------------------------------------------------------------------------------------------------------------------------------
    Variable |  V1_star    V2_qual~y    V3_rank    H1_amen~y   H2_recr~n   H3_serv~e   H4_busi~s   H5_upsc~e   H6_luxury   H7_choice   P1_price   
-------------+------------------------------------------------------------------------------------------------------------------------------------
    sim_mean |   -0.0065      0.1867     -0.1212     -0.0704     -0.1280     -0.2768     -0.0901     -0.0569     -0.0788     -0.0789     -0.0197  
             |    0.1344      0.2013      0.0476      0.0747      0.0607      0.2032      0.0645      0.0302      0.0256      0.0260      0.3064  
star_c~l_raw | (omitted)                                                                                                                          
             |                                                                                                                                    
             |
  c.sim_mean#|
          c. |
star_c~l_raw |   -0.0235                                                                                                                          
             |    0.0466                                                                                                                          
             |
ln_recent_~n |    0.0769      0.0789      0.0789      0.0785      0.0784      0.0784      0.0784      0.0785      0.0784      0.0784      0.0790  
             |    0.0089      0.0088      0.0088      0.0087      0.0088      0.0088      0.0088      0.0088      0.0088      0.0088      0.0089  
recent_rat~g |    0.0214      0.0210      0.0211      0.0207      0.0206      0.0206      0.0207      0.0208      0.0207      0.0207      0.0174  
             |    0.0060      0.0060      0.0060      0.0060      0.0060      0.0060      0.0060      0.0060      0.0060      0.0060      0.0060  
   recent_sd |    0.0026      0.0020      0.0021      0.0024      0.0023      0.0022      0.0024      0.0023      0.0024      0.0024      0.0010  
             |    0.0075      0.0074      0.0074      0.0074      0.0074      0.0075      0.0074      0.0074      0.0074      0.0074      0.0075  
ln_lag_vol~c |    0.0260      0.0281      0.0282      0.0281      0.0280      0.0279      0.0280      0.0280      0.0280      0.0280      0.0291  
             |    0.0072      0.0071      0.0071      0.0071      0.0071      0.0071      0.0071      0.0071      0.0071      0.0071      0.0072  
lag_avg_ra~c |    0.0064      0.0042      0.0041      0.0041      0.0042      0.0043      0.0041      0.0039      0.0041      0.0041      0.0028  
             |    0.0274      0.0277      0.0278      0.0277      0.0278      0.0278      0.0277      0.0278      0.0277      0.0277      0.0280  
  lag_sd_acc |   -0.0111     -0.0132     -0.0132     -0.0132     -0.0134     -0.0133     -0.0132     -0.0136     -0.0132     -0.0132     -0.0179  
             |    0.0344      0.0344      0.0344      0.0344      0.0344      0.0344      0.0344      0.0344      0.0344      0.0344      0.0354  
ln_avg_com~R |    0.1182      0.1203      0.1203      0.1203      0.1203      0.1203      0.1203      0.1202      0.1203      0.1203      0.1202  
             |    0.0118      0.0120      0.0120      0.0120      0.0120      0.0120      0.0120      0.0120      0.0120      0.0120      0.0122  
ln_la~n_w199 |    0.4485      0.4398      0.4398      0.4398      0.4399      0.4399      0.4399      0.4398      0.4398      0.4398      0.4459  
             |    0.0176      0.0177      0.0177      0.0177      0.0177      0.0177      0.0177      0.0177      0.0177      0.0177      0.0180  
hotel_avg_~g |             (omitted)                                                                                                              
             |                                                                                                                                    
             |
  c.sim_mean#|
          c. |
hotel_avg_~g |               -0.0679                                                                                                              
             |                0.0510                                                                                                              
             |
hotel_rank~t |                         (omitted)                                                                                                  
             |                                                                                                                                    
             |
  c.sim_mean#|
          c. |
hotel_rank~t |                            0.1172                                                                                                  
             |                            0.1093                                                                                                  
             |
tp_amenity~t |                                     (omitted)                                                                                      
             |                                                                                                                                    
             |
  c.sim_mean#|
          c. |
tp_amenity~t |                                       -0.0003                                                                                      
             |                                        0.0028                                                                                      
             |
amen_rec_i~x |                                                 (omitted)                                                                          
             |                                                                                                                                    
             |
  c.sim_mean#|
          c. |
amen_rec_i~x |                                                    0.0223                                                                          
             |                                                    0.0246                                                                          
             |
amen_serv_~x |                                                             (omitted)                                                              
             |                                                                                                                                    
             |
  c.sim_mean#|
          c. |
amen_serv_~x |                                                                0.0426                                                              
             |                                                                0.0431                                                              
             |
amen_bus_i~x |                                                                         (omitted)                                                  
             |                                                                                                                                    
             |
  c.sim_mean#|
          c. |
amen_bus_i~x |                                                                            0.0041                                                  
             |                                                                            0.0208                                                  
             |
style_upsc~e |
          1  |                                                                                     (omitted)                                      
             |                                                                                                                                    
             |
style_upsc~e#|
  c.sim_mean |
          1  |                                                                                       -0.0768                                      
             |                                                                                        0.0524                                      
             |
style_luxury |
          1  |                                                                                                 (omitted)                          
             |                                                                                                                                    
             |
style_luxury#|
  c.sim_mean |
          1  |                                                                                                    0.0012                          
             |                                                                                                    0.1676                          
             |
travelers_~g |
          1  |                                                                                                             (omitted)              
             |                                                                                                                                    
             |
travelers_~g#|
  c.sim_mean |
          1  |                                                                                                                0.0017              
             |                                                                                                                0.0969              
             |
ln_tp_pric~d |                                                                                                                         (omitted)  
             |                                                                                                                                    
             |
  c.sim_mean#|
          c. |
ln_tp_pric~d |                                                                                                                           -0.0102  
             |                                                                                                                            0.0610  
             |
       _cons |    1.4153      1.4454      1.4456      1.4470      1.4466      1.4468      1.4471      1.4484      1.4471      1.4471      1.4431  
             |    0.1499      0.1497      0.1498      0.1499      0.1501      0.1502      0.1500      0.1500      0.1500      0.1500      0.1522  
-------------+------------------------------------------------------------------------------------------------------------------------------------
           N |     32614       33317       33317       33317       33317       33317       33317       33317       33317       33317       31847  
        r2_a |    0.8742      0.8751      0.8751      0.8750      0.8750      0.8751      0.8750      0.8751      0.8750      0.8750      0.8749  
--------------------------------------------------------------------------------------------------------------------------------------------------
                                                                                                                                      Legend: b/se

. log close
      name:  <unnamed>
       log:  /Users/samxie/Research/ReviewSimi_Sales/Code/stata-log/run_event_month_pool_gt100_product_systematics_260711.log
  log type:  text
 closed on:  12 Jul 2026, 19:31:39
---------------------------------------------------------------------------------------------------------------------------------------------------------------------------------------------------------------------------------------------------------------

. 
end of do-file

. do "`project'/scripts/stata/run_event_month_pool_gt100_review_environment_260711.do"

. *******************************************************
. * Route A review-environment boundaries, pooled-ARS panel.
. * Self-contained; every specification lists controls explicitly.
. *******************************************************
. version 17.0

. clear all

. set more off

. set linesize 255

. capture log close

. local p "/Users/samxie/Research/ReviewSimi_Sales/Code"

. use "`p'/outputs/core_simi_260501/data/event_month_pool_allreviews_gt100_panel_260711.dta", clear

. log using "`p'/stata-log/run_event_month_pool_gt100_review_environment_260711.log", text replace
---------------------------------------------------------------------------------------------------------------------------------------------------------------------------------------------------------------------------------------------------------------
      name:  <unnamed>
       log:  /Users/samxie/Research/ReviewSimi_Sales/Code/stata-log/run_event_month_pool_gt100_review_environment_260711.log
  log type:  text
 opened on:  12 Jul 2026, 19:31:39

. estimates clear

. 
. * E1-E6 dispersion and sentiment boundaries.
. reghdfe ln_RevPAR_clean_w199 c.sim_mean##c.recent_sd_10 ln_recent_volumn recent_rating recent_sd ln_lag_volumn_acc lag_avg_rating_acc lag_sd_acc ln_avg_com_RevPAR ln_lag_RevPAR_clean_w199 if !missing(sim_mean, recent_sd_10), absorb(hotel_id_num ym) vce(
> cluster hotel_id_num)
(dropped 2 singleton observations)
(MWFE estimator converged in 7 iterations)
note: recent_sd omitted because of collinearity

HDFE Linear regression                            Number of obs   =     33,317
Absorbing 2 HDFE groups                           F(  10,    555) =     130.64
Statistics robust to heteroskedasticity           Prob > F        =     0.0000
                                                  R-squared       =     0.8777
                                                  Adj R-squared   =     0.8750
                                                  Within R-sq.    =     0.3040
Number of clusters (hotel_id_num) =        556    Root MSE        =     0.2290

                                      (Std. err. adjusted for 556 clusters in hotel_id_num)
-------------------------------------------------------------------------------------------
                          |               Robust
     ln_RevPAR_clean_w199 | Coefficient  std. err.      t    P>|t|     [95% conf. interval]
--------------------------+----------------------------------------------------------------
                 sim_mean |  -.1270404   .0699212    -1.82   0.070     -.264383    .0103022
             recent_sd_10 |   -.010575    .020266    -0.52   0.602    -.0503824    .0292325
                          |
c.sim_mean#c.recent_sd_10 |   .0408949   .0581553     0.70   0.482    -.0733365    .1551263
                          |
         ln_recent_volumn |   .0785782    .008808     8.92   0.000     .0612771    .0958794
            recent_rating |   .0205492   .0060001     3.42   0.001     .0087636    .0323348
                recent_sd |          0  (omitted)
        ln_lag_volumn_acc |   .0280114   .0071087     3.94   0.000     .0140481    .0419747
       lag_avg_rating_acc |   .0043207   .0277052     0.16   0.876    -.0500992    .0587406
               lag_sd_acc |  -.0128748   .0343457    -0.37   0.708    -.0803383    .0545886
        ln_avg_com_RevPAR |   .1202615   .0119866    10.03   0.000     .0967168    .1438062
 ln_lag_RevPAR_clean_w199 |   .4398363   .0176859    24.87   0.000     .4050967    .4745758
                    _cons |   1.461526   .1532529     9.54   0.000     1.160499    1.762553
-------------------------------------------------------------------------------------------

Absorbed degrees of freedom:
------------------------------------------------------+
  Absorbed FE | Categories  - Redundant  = Num. Coefs |
--------------+---------------------------------------|
 hotel_id_num |       556         556           0    *|
           ym |       135           1         134     |
------------------------------------------------------+
* = FE nested within cluster; treated as redundant for DoF computation

. estimates store E1_scope10sd

. reghdfe ln_RevPAR_clean_w199 c.sim_mean##c.prevvis_recent_sd ln_recent_volumn recent_rating recent_sd ln_lag_volumn_acc lag_avg_rating_acc lag_sd_acc ln_avg_com_RevPAR ln_lag_RevPAR_clean_w199 if !missing(sim_mean, prevvis_recent_sd), absorb(hotel_id_nu
> m ym) vce(cluster hotel_id_num)
(dropped 10 singleton observations)
(MWFE estimator converged in 8 iterations)

HDFE Linear regression                            Number of obs   =     24,011
Absorbing 2 HDFE groups                           F(  11,    518) =      92.43
Statistics robust to heteroskedasticity           Prob > F        =     0.0000
                                                  R-squared       =     0.8819
                                                  Adj R-squared   =     0.8786
                                                  Within R-sq.    =     0.2804
Number of clusters (hotel_id_num) =        519    Root MSE        =     0.2173

                                           (Std. err. adjusted for 519 clusters in hotel_id_num)
------------------------------------------------------------------------------------------------
                               |               Robust
          ln_RevPAR_clean_w199 | Coefficient  std. err.      t    P>|t|     [95% conf. interval]
-------------------------------+----------------------------------------------------------------
                      sim_mean |  -.1431832   .0588895    -2.43   0.015    -.2588749   -.0274915
             prevvis_recent_sd |  -.0193025   .0145895    -1.32   0.186    -.0479643    .0093594
                               |
c.sim_mean#c.prevvis_recent_sd |   .0556698   .0506885     1.10   0.273    -.0439106    .1552502
                               |
              ln_recent_volumn |   .0699568   .0097721     7.16   0.000      .050759    .0891545
                 recent_rating |   .0183493   .0069044     2.66   0.008     .0047853    .0319133
                     recent_sd |   .0052022   .0087656     0.59   0.553    -.0120182    .0224227
             ln_lag_volumn_acc |   .0395495   .0080141     4.93   0.000     .0238054    .0552937
            lag_avg_rating_acc |   .0245233   .0312495     0.78   0.433    -.0368681    .0859147
                    lag_sd_acc |  -.0262121   .0408852    -0.64   0.522    -.1065332     .054109
             ln_avg_com_RevPAR |   .1220111   .0133194     9.16   0.000     .0958444    .1481779
      ln_lag_RevPAR_clean_w199 |     .43217   .0209493    20.63   0.000     .3910139     .473326
                         _cons |   1.411206   .1615299     8.74   0.000     1.093872     1.72854
------------------------------------------------------------------------------------------------

Absorbed degrees of freedom:
------------------------------------------------------+
  Absorbed FE | Categories  - Redundant  = Num. Coefs |
--------------+---------------------------------------|
 hotel_id_num |       519         519           0    *|
           ym |       135           1         134     |
------------------------------------------------------+
* = FE nested within cluster; treated as redundant for DoF computation

. estimates store E2_prevvis_sd

. reghdfe ln_RevPAR_clean_w199 c.sim_mean##c.sent_avg_bing_10 ln_recent_volumn recent_rating recent_sd ln_lag_volumn_acc lag_avg_rating_acc lag_sd_acc ln_avg_com_RevPAR ln_lag_RevPAR_clean_w199 if !missing(sim_mean, sent_avg_bing_10), absorb(hotel_id_num 
> ym) vce(cluster hotel_id_num)
(dropped 2 singleton observations)
(MWFE estimator converged in 7 iterations)

HDFE Linear regression                            Number of obs   =     32,039
Absorbing 2 HDFE groups                           F(  11,    539) =     118.41
Statistics robust to heteroskedasticity           Prob > F        =     0.0000
                                                  R-squared       =     0.8776
                                                  Adj R-squared   =     0.8749
                                                  Within R-sq.    =     0.3065
Number of clusters (hotel_id_num) =        540    Root MSE        =     0.2288

                                          (Std. err. adjusted for 540 clusters in hotel_id_num)
-----------------------------------------------------------------------------------------------
                              |               Robust
         ln_RevPAR_clean_w199 | Coefficient  std. err.      t    P>|t|     [95% conf. interval]
------------------------------+----------------------------------------------------------------
                     sim_mean |  -.0226275   .0568263    -0.40   0.691    -.1342557    .0890007
             sent_avg_bing_10 |   .0058837   .0040619     1.45   0.148    -.0020955    .0138628
                              |
c.sim_mean#c.sent_avg_bing_10 |  -.0141291   .0130865    -1.08   0.281    -.0398358    .0115777
                              |
             ln_recent_volumn |   .0804759   .0091082     8.84   0.000     .0625841    .0983678
                recent_rating |   .0183423   .0065881     2.78   0.006     .0054009    .0312837
                    recent_sd |   .0027287   .0076298     0.36   0.721    -.0122591    .0177164
            ln_lag_volumn_acc |   .0288222   .0072931     3.95   0.000     .0144959    .0431485
           lag_avg_rating_acc |   .0037544   .0285699     0.13   0.895    -.0523676    .0598763
                   lag_sd_acc |  -.0218514   .0359118    -0.61   0.543    -.0923957    .0486929
            ln_avg_com_RevPAR |   .1219774   .0121471    10.04   0.000     .0981159    .1458389
     ln_lag_RevPAR_clean_w199 |   .4390817    .018061    24.31   0.000     .4036031    .4745603
                        _cons |    1.43008   .1555893     9.19   0.000     1.124444    1.735716
-----------------------------------------------------------------------------------------------

Absorbed degrees of freedom:
------------------------------------------------------+
  Absorbed FE | Categories  - Redundant  = Num. Coefs |
--------------+---------------------------------------|
 hotel_id_num |       540         540           0    *|
           ym |       135           1         134     |
------------------------------------------------------+
* = FE nested within cluster; treated as redundant for DoF computation

. estimates store E3_scope10bing

. reghdfe ln_RevPAR_clean_w199 c.sim_mean##c.sent_net_pos_bing_10 ln_recent_volumn recent_rating recent_sd ln_lag_volumn_acc lag_avg_rating_acc lag_sd_acc ln_avg_com_RevPAR ln_lag_RevPAR_clean_w199 if !missing(sim_mean, sent_net_pos_bing_10), absorb(hotel
> _id_num ym) vce(cluster hotel_id_num)
(dropped 2 singleton observations)
(MWFE estimator converged in 7 iterations)

HDFE Linear regression                            Number of obs   =     32,039
Absorbing 2 HDFE groups                           F(  11,    539) =     118.99
Statistics robust to heteroskedasticity           Prob > F        =     0.0000
                                                  R-squared       =     0.8776
                                                  Adj R-squared   =     0.8749
                                                  Within R-sq.    =     0.3065
Number of clusters (hotel_id_num) =        540    Root MSE        =     0.2288

                                              (Std. err. adjusted for 540 clusters in hotel_id_num)
---------------------------------------------------------------------------------------------------
                                  |               Robust
             ln_RevPAR_clean_w199 | Coefficient  std. err.      t    P>|t|     [95% conf. interval]
----------------------------------+----------------------------------------------------------------
                         sim_mean |  -.0390087   .0620885    -0.63   0.530    -.1609738    .0829564
             sent_net_pos_bing_10 |   .0079925   .0261441     0.31   0.760    -.0433644    .0593494
                                  |
c.sim_mean#c.sent_net_pos_bing_10 |  -.0585406   .0840799    -0.70   0.487    -.2237051    .1066239
                                  |
                 ln_recent_volumn |   .0799197   .0091303     8.75   0.000     .0619844     .097855
                    recent_rating |   .0229954   .0065496     3.51   0.000     .0101296    .0358612
                        recent_sd |    .002407   .0076295     0.32   0.753    -.0125801    .0173942
                ln_lag_volumn_acc |   .0286425   .0073012     3.92   0.000     .0143002    .0429848
               lag_avg_rating_acc |   .0053855   .0288026     0.19   0.852    -.0511936    .0619646
                       lag_sd_acc |  -.0222799   .0360428    -0.62   0.537    -.0930814    .0485217
                ln_avg_com_RevPAR |   .1220929    .012151    10.05   0.000     .0982238     .145962
         ln_lag_RevPAR_clean_w199 |    .439142   .0180446    24.34   0.000     .4036957    .4745884
                            _cons |   1.425672   .1562336     9.13   0.000     1.118771    1.732574
---------------------------------------------------------------------------------------------------

Absorbed degrees of freedom:
------------------------------------------------------+
  Absorbed FE | Categories  - Redundant  = Num. Coefs |
--------------+---------------------------------------|
 hotel_id_num |       540         540           0    *|
           ym |       135           1         134     |
------------------------------------------------------+
* = FE nested within cluster; treated as redundant for DoF computation

. estimates store E4_scope10net

. reghdfe ln_RevPAR_clean_w199 c.sim_mean##c.prevvis_sent_avg_bing ln_recent_volumn recent_rating recent_sd ln_lag_volumn_acc lag_avg_rating_acc lag_sd_acc ln_avg_com_RevPAR ln_lag_RevPAR_clean_w199 if !missing(sim_mean, prevvis_sent_avg_bing), absorb(hot
> el_id_num ym) vce(cluster hotel_id_num)
(dropped 2 singleton observations)
(MWFE estimator converged in 7 iterations)

HDFE Linear regression                            Number of obs   =     31,993
Absorbing 2 HDFE groups                           F(  11,    539) =     112.89
Statistics robust to heteroskedasticity           Prob > F        =     0.0000
                                                  R-squared       =     0.8776
                                                  Adj R-squared   =     0.8749
                                                  Within R-sq.    =     0.3056
Number of clusters (hotel_id_num) =        540    Root MSE        =     0.2288

                                               (Std. err. adjusted for 540 clusters in hotel_id_num)
----------------------------------------------------------------------------------------------------
                                   |               Robust
              ln_RevPAR_clean_w199 | Coefficient  std. err.      t    P>|t|     [95% conf. interval]
-----------------------------------+----------------------------------------------------------------
                          sim_mean |  -.0473081   .0336066    -1.41   0.160     -.113324    .0187079
             prevvis_sent_avg_bing |   .0028029   .0017374     1.61   0.107    -.0006099    .0062158
                                   |
c.sim_mean#c.prevvis_sent_avg_bing |      -.008   .0057943    -1.38   0.168    -.0193822    .0033823
                                   |
                  ln_recent_volumn |   .0814246   .0092123     8.84   0.000     .0633281     .099521
                     recent_rating |      .0201   .0062462     3.22   0.001     .0078302    .0323699
                         recent_sd |   .0029453   .0076709     0.38   0.701    -.0121232    .0180138
                 ln_lag_volumn_acc |   .0324628   .0075256     4.31   0.000     .0176797    .0472458
                lag_avg_rating_acc |   .0071757   .0291869     0.25   0.806    -.0501584    .0645097
                        lag_sd_acc |  -.0194122   .0388524    -0.50   0.618    -.0957327    .0569084
                 ln_avg_com_RevPAR |    .121928   .0121189    10.06   0.000      .098122     .145734
          ln_lag_RevPAR_clean_w199 |   .4400116   .0181177    24.29   0.000     .4044217    .4756015
                             _cons |   1.392249   .1624215     8.57   0.000     1.073192    1.711305
----------------------------------------------------------------------------------------------------

Absorbed degrees of freedom:
------------------------------------------------------+
  Absorbed FE | Categories  - Redundant  = Num. Coefs |
--------------+---------------------------------------|
 hotel_id_num |       540         540           0    *|
           ym |       135           1         134     |
------------------------------------------------------+
* = FE nested within cluster; treated as redundant for DoF computation

. estimates store E5_prevvisbing

. reghdfe ln_RevPAR_clean_w199 c.sim_mean##c.prevvis_sent_net_pos_bing ln_recent_volumn recent_rating recent_sd ln_lag_volumn_acc lag_avg_rating_acc lag_sd_acc ln_avg_com_RevPAR ln_lag_RevPAR_clean_w199 if !missing(sim_mean, prevvis_sent_net_pos_bing), ab
> sorb(hotel_id_num ym) vce(cluster hotel_id_num)
(dropped 2 singleton observations)
(MWFE estimator converged in 7 iterations)

HDFE Linear regression                            Number of obs   =     31,993
Absorbing 2 HDFE groups                           F(  11,    539) =     114.08
Statistics robust to heteroskedasticity           Prob > F        =     0.0000
                                                  R-squared       =     0.8776
                                                  Adj R-squared   =     0.8750
                                                  Within R-sq.    =     0.3057
Number of clusters (hotel_id_num) =        540    Root MSE        =     0.2288

                                                   (Std. err. adjusted for 540 clusters in hotel_id_num)
--------------------------------------------------------------------------------------------------------
                                       |               Robust
                  ln_RevPAR_clean_w199 | Coefficient  std. err.      t    P>|t|     [95% conf. interval]
---------------------------------------+----------------------------------------------------------------
                              sim_mean |  -.0290573   .0344917    -0.84   0.400    -.0968119    .0386972
             prevvis_sent_net_pos_bing |   .0243423   .0105355     2.31   0.021     .0036466    .0450381
                                       |
c.sim_mean#c.prevvis_sent_net_pos_bing |  -.0777054   .0362889    -2.14   0.033    -.1489904   -.0064204
                                       |
                      ln_recent_volumn |   .0813892   .0091986     8.85   0.000     .0633198    .0994586
                         recent_rating |   .0205698   .0061876     3.32   0.001     .0084151    .0327245
                             recent_sd |   .0029433    .007662     0.38   0.701    -.0121078    .0179943
                     ln_lag_volumn_acc |   .0324371   .0075251     4.31   0.000     .0176549    .0472194
                    lag_avg_rating_acc |    .007265    .029296     0.25   0.804    -.0502833    .0648132
                            lag_sd_acc |  -.0191936   .0388895    -0.49   0.622    -.0955871       .0572
                     ln_avg_com_RevPAR |   .1219241   .0121194    10.06   0.000      .098117    .1457313
              ln_lag_RevPAR_clean_w199 |   .4399981   .0181192    24.28   0.000     .4044052     .475591
                                 _cons |   1.385616   .1624156     8.53   0.000     1.066571    1.704661
--------------------------------------------------------------------------------------------------------

Absorbed degrees of freedom:
------------------------------------------------------+
  Absorbed FE | Categories  - Redundant  = Num. Coefs |
--------------+---------------------------------------|
 hotel_id_num |       540         540           0    *|
           ym |       135           1         134     |
------------------------------------------------------+
* = FE nested within cluster; treated as redundant for DoF computation

. estimates store E6_prevvisnet

. 
. * Grouped E2 slopes, following the original review-environment grouped design.
. capture drop e2_cell_median e2_high

. bysort Zip ym: egen double e2_cell_median = median(prevvis_recent_sd)
(2,932 missing values generated)

. gen byte e2_high = prevvis_recent_sd > e2_cell_median if !missing(prevvis_recent_sd, e2_cell_median)
(10,004 missing values generated)

. replace e2_high = 0 if !missing(prevvis_recent_sd, e2_cell_median) & e2_high == 0
(0 real changes made)

. reghdfe ln_RevPAR_clean_w199 sim_mean ln_recent_volumn recent_rating recent_sd ln_lag_volumn_acc lag_avg_rating_acc lag_sd_acc ln_avg_com_RevPAR ln_lag_RevPAR_clean_w199 if e2_high == 0 & !missing(sim_mean), absorb(hotel_id_num ym) vce(cluster hotel_id_
> num)
(dropped 27 singleton observations)
(MWFE estimator converged in 9 iterations)

HDFE Linear regression                            Number of obs   =     11,667
Absorbing 2 HDFE groups                           F(   9,    494) =      79.24
Statistics robust to heteroskedasticity           Prob > F        =     0.0000
                                                  R-squared       =     0.8900
                                                  Adj R-squared   =     0.8837
                                                  Within R-sq.    =     0.2675
Number of clusters (hotel_id_num) =        495    Root MSE        =     0.2177

                                     (Std. err. adjusted for 495 clusters in hotel_id_num)
------------------------------------------------------------------------------------------
                         |               Robust
    ln_RevPAR_clean_w199 | Coefficient  std. err.      t    P>|t|     [95% conf. interval]
-------------------------+----------------------------------------------------------------
                sim_mean |  -.0811498   .0477141    -1.70   0.090    -.1748975    .0125979
        ln_recent_volumn |   .0739873   .0123097     6.01   0.000     .0498015    .0981731
           recent_rating |    .020749   .0094447     2.20   0.028     .0021922    .0393059
               recent_sd |   .0104236   .0111791     0.93   0.352    -.0115409     .032388
       ln_lag_volumn_acc |   .0430635   .0103575     4.16   0.000     .0227134    .0634137
      lag_avg_rating_acc |  -.0113231   .0381477    -0.30   0.767    -.0862748    .0636286
              lag_sd_acc |  -.0907558   .0493892    -1.84   0.067    -.1877946    .0062829
       ln_avg_com_RevPAR |   .1221281   .0147831     8.26   0.000     .0930826    .1511735
ln_lag_RevPAR_clean_w199 |    .410448   .0213629    19.21   0.000     .3684747    .4524213
                   _cons |   1.665627   .1923695     8.66   0.000     1.287663     2.04359
------------------------------------------------------------------------------------------

Absorbed degrees of freedom:
------------------------------------------------------+
  Absorbed FE | Categories  - Redundant  = Num. Coefs |
--------------+---------------------------------------|
 hotel_id_num |       495         495           0    *|
           ym |       135           1         134     |
------------------------------------------------------+
* = FE nested within cluster; treated as redundant for DoF computation

. estimates store E2_low

. reghdfe ln_RevPAR_clean_w199 sim_mean ln_recent_volumn recent_rating recent_sd ln_lag_volumn_acc lag_avg_rating_acc lag_sd_acc ln_avg_com_RevPAR ln_lag_RevPAR_clean_w199 if e2_high == 1 & !missing(sim_mean), absorb(hotel_id_num ym) vce(cluster hotel_id_
> num)
(dropped 18 singleton observations)
(MWFE estimator converged in 9 iterations)

HDFE Linear regression                            Number of obs   =     12,309
Absorbing 2 HDFE groups                           F(   9,    497) =      76.61
Statistics robust to heteroskedasticity           Prob > F        =     0.0000
                                                  R-squared       =     0.8813
                                                  Adj R-squared   =     0.8748
                                                  Within R-sq.    =     0.2818
Number of clusters (hotel_id_num) =        498    Root MSE        =     0.2147

                                     (Std. err. adjusted for 498 clusters in hotel_id_num)
------------------------------------------------------------------------------------------
                         |               Robust
    ln_RevPAR_clean_w199 | Coefficient  std. err.      t    P>|t|     [95% conf. interval]
-------------------------+----------------------------------------------------------------
                sim_mean |  -.1243169   .0542065    -2.29   0.022    -.2308191   -.0178148
        ln_recent_volumn |   .0679934   .0118754     5.73   0.000     .0446612    .0913256
           recent_rating |   .0155692   .0081659     1.91   0.057    -.0004748    .0316132
               recent_sd |  -.0003091   .0114912    -0.03   0.979    -.0228863    .0222682
       ln_lag_volumn_acc |   .0425191   .0096804     4.39   0.000     .0234997    .0615386
      lag_avg_rating_acc |   .0336283    .034925     0.96   0.336    -.0349905    .1022471
              lag_sd_acc |    .012366   .0520776     0.24   0.812    -.0899534    .1146854
       ln_avg_com_RevPAR |   .1270107   .0155886     8.15   0.000     .0963829    .1576384
ln_lag_RevPAR_clean_w199 |   .4416342   .0265863    16.61   0.000     .3893987    .4938696
                   _cons |   1.252501   .2011745     6.23   0.000     .8572442    1.647759
------------------------------------------------------------------------------------------

Absorbed degrees of freedom:
------------------------------------------------------+
  Absorbed FE | Categories  - Redundant  = Num. Coefs |
--------------+---------------------------------------|
 hotel_id_num |       498         498           0    *|
           ym |       135           1         134     |
------------------------------------------------------+
* = FE nested within cluster; treated as redundant for DoF computation

. estimates store E2_high

. 
. estimates table E1_scope10sd E2_prevvis_sd E3_scope10bing E4_scope10net E5_prevvisbing E6_prevvisnet E2_low E2_high, b(%9.4f) se stats(N r2_a)

--------------------------------------------------------------------------------------------------------------
    Variable | E1_scop~d   E2_prev~d   E3_scop~g   E4_scop~t   E5_prev~g   E6_prev~t    E2_low      E2_high   
-------------+------------------------------------------------------------------------------------------------
    sim_mean |   -0.1270     -0.1432     -0.0226     -0.0390     -0.0473     -0.0291     -0.0811     -0.1243  
             |    0.0699      0.0589      0.0568      0.0621      0.0336      0.0345      0.0477      0.0542  
recent_sd_10 |   -0.0106                                                                                      
             |    0.0203                                                                                      
             |
  c.sim_mean#|
          c. |
recent_sd_10 |    0.0409                                                                                      
             |    0.0582                                                                                      
             |
ln_recent_~n |    0.0786      0.0700      0.0805      0.0799      0.0814      0.0814      0.0740      0.0680  
             |    0.0088      0.0098      0.0091      0.0091      0.0092      0.0092      0.0123      0.0119  
recent_rat~g |    0.0205      0.0183      0.0183      0.0230      0.0201      0.0206      0.0207      0.0156  
             |    0.0060      0.0069      0.0066      0.0065      0.0062      0.0062      0.0094      0.0082  
   recent_sd | (omitted)      0.0052      0.0027      0.0024      0.0029      0.0029      0.0104     -0.0003  
             |                0.0088      0.0076      0.0076      0.0077      0.0077      0.0112      0.0115  
ln_lag_vol~c |    0.0280      0.0395      0.0288      0.0286      0.0325      0.0324      0.0431      0.0425  
             |    0.0071      0.0080      0.0073      0.0073      0.0075      0.0075      0.0104      0.0097  
lag_avg_ra~c |    0.0043      0.0245      0.0038      0.0054      0.0072      0.0073     -0.0113      0.0336  
             |    0.0277      0.0312      0.0286      0.0288      0.0292      0.0293      0.0381      0.0349  
  lag_sd_acc |   -0.0129     -0.0262     -0.0219     -0.0223     -0.0194     -0.0192     -0.0908      0.0124  
             |    0.0343      0.0409      0.0359      0.0360      0.0389      0.0389      0.0494      0.0521  
ln_avg_com~R |    0.1203      0.1220      0.1220      0.1221      0.1219      0.1219      0.1221      0.1270  
             |    0.0120      0.0133      0.0121      0.0122      0.0121      0.0121      0.0148      0.0156  
ln_la~n_w199 |    0.4398      0.4322      0.4391      0.4391      0.4400      0.4400      0.4104      0.4416  
             |    0.0177      0.0209      0.0181      0.0180      0.0181      0.0181      0.0214      0.0266  
prevvis_re~d |               -0.0193                                                                          
             |                0.0146                                                                          
             |
  c.sim_mean#|
          c. |
prevvis_re~d |                0.0557                                                                          
             |                0.0507                                                                          
             |
sent_avg_~10 |                            0.0059                                                              
             |                            0.0041                                                              
             |
  c.sim_mean#|
          c. |
sent_avg_~10 |                           -0.0141                                                              
             |                            0.0131                                                              
             |
sent_net_~10 |                                        0.0080                                                  
             |                                        0.0261                                                  
             |
  c.sim_mean#|
          c. |
sent_net_~10 |                                       -0.0585                                                  
             |                                        0.0841                                                  
             |
prevv~g_bing |                                                    0.0028                                      
             |                                                    0.0017                                      
             |
  c.sim_mean#|
          c. |
prevv~g_bing |                                                   -0.0080                                      
             |                                                    0.0058                                      
             |
prevv~s_bing |                                                                0.0243                          
             |                                                                0.0105                          
             |
  c.sim_mean#|
          c. |
prevv~s_bing |                                                               -0.0777                          
             |                                                                0.0363                          
             |
       _cons |    1.4615      1.4112      1.4301      1.4257      1.3922      1.3856      1.6656      1.2525  
             |    0.1533      0.1615      0.1556      0.1562      0.1624      0.1624      0.1924      0.2012  
-------------+------------------------------------------------------------------------------------------------
           N |     33317       24011       32039       32039       31993       31993       11667       12309  
        r2_a |    0.8750      0.8786      0.8749      0.8749      0.8749      0.8750      0.8837      0.8748  
--------------------------------------------------------------------------------------------------------------
                                                                                                  Legend: b/se

. log close
      name:  <unnamed>
       log:  /Users/samxie/Research/ReviewSimi_Sales/Code/stata-log/run_event_month_pool_gt100_review_environment_260711.log
  log type:  text
 closed on:  12 Jul 2026, 19:31:41
---------------------------------------------------------------------------------------------------------------------------------------------------------------------------------------------------------------------------------------------------------------

. 
end of do-file

. do "`project'/scripts/stata/run_event_month_pool_gt100_engagement_style_260711.do"

. *******************************************************
. * Route B engagement style, rebuilt pooled-ARS panel.
. * Self-contained; all controls are written in every regression.
. *******************************************************
. version 17.0

. clear all

. set more off

. set linesize 255

. capture log close

. local p "/Users/samxie/Research/ReviewSimi_Sales/Code"

. use "`p'/outputs/core_simi_260501/data/event_month_pool_allreviews_gt100_panel_260711.dta", clear

. log using "`p'/stata-log/run_event_month_pool_gt100_engagement_style_260711.log", text replace
---------------------------------------------------------------------------------------------------------------------------------------------------------------------------------------------------------------------------------------------------------------
      name:  <unnamed>
       log:  /Users/samxie/Research/ReviewSimi_Sales/Code/stata-log/run_event_month_pool_gt100_engagement_style_260711.log
  log type:  text
 opened on:  12 Jul 2026, 19:31:41

. estimates clear

. 
. * G1-G8 coverage, rate, effort, and response speed.
. reghdfe ln_RevPAR_clean_w199 c.sim_mean##i.lag_mr_any ln_recent_volumn recent_rating recent_sd ln_lag_volumn_acc lag_avg_rating_acc lag_sd_acc ln_avg_com_RevPAR ln_lag_RevPAR_clean_w199 if !missing(sim_mean, lag_mr_any), absorb(hotel_id_num ym) vce(clus
> ter hotel_id_num)
(dropped 2 singleton observations)
(MWFE estimator converged in 7 iterations)

HDFE Linear regression                            Number of obs   =     33,317
Absorbing 2 HDFE groups                           F(  11,    555) =     121.30
Statistics robust to heteroskedasticity           Prob > F        =     0.0000
                                                  R-squared       =     0.8777
                                                  Adj R-squared   =     0.8750
                                                  Within R-sq.    =     0.3041
Number of clusters (hotel_id_num) =        556    Root MSE        =     0.2290

                                     (Std. err. adjusted for 556 clusters in hotel_id_num)
------------------------------------------------------------------------------------------
                         |               Robust
    ln_RevPAR_clean_w199 | Coefficient  std. err.      t    P>|t|     [95% conf. interval]
-------------------------+----------------------------------------------------------------
                sim_mean |  -.0803476    .031073    -2.59   0.010    -.1413826   -.0193126
            1.lag_mr_any |   .0032978   .0145956     0.23   0.821    -.0253716    .0319671
                         |
   lag_mr_any#c.sim_mean |
                      1  |   .0048993   .0482614     0.10   0.919     -.089898    .0996966
                         |
        ln_recent_volumn |   .0777183   .0086623     8.97   0.000     .0607035    .0947331
           recent_rating |   .0206405   .0059826     3.45   0.001     .0088892    .0323919
               recent_sd |   .0022849   .0074339     0.31   0.759    -.0123172     .016887
       ln_lag_volumn_acc |   .0279615   .0071195     3.93   0.000     .0139769     .041946
      lag_avg_rating_acc |   .0041081   .0277599     0.15   0.882    -.0504191    .0586354
              lag_sd_acc |  -.0135938   .0344026    -0.40   0.693     -.081169    .0539814
       ln_avg_com_RevPAR |   .1202385   .0119953    10.02   0.000     .0966769    .1438002
ln_lag_RevPAR_clean_w199 |   .4395773   .0177378    24.78   0.000     .4047359    .4744187
                   _cons |   1.449288   .1501691     9.65   0.000     1.154318    1.744257
------------------------------------------------------------------------------------------

Absorbed degrees of freedom:
------------------------------------------------------+
  Absorbed FE | Categories  - Redundant  = Num. Coefs |
--------------+---------------------------------------|
 hotel_id_num |       556         556           0    *|
           ym |       135           1         134     |
------------------------------------------------------+
* = FE nested within cluster; treated as redundant for DoF computation

. estimates store G1_any

. reghdfe ln_RevPAR_clean_w199 c.sim_mean##c.lag_mr_quick7_share lag_mr_any ln_recent_volumn recent_rating recent_sd ln_lag_volumn_acc lag_avg_rating_acc lag_sd_acc ln_avg_com_RevPAR ln_lag_RevPAR_clean_w199 if !missing(sim_mean, lag_mr_quick7_share), abs
> orb(hotel_id_num ym) vce(cluster hotel_id_num)
(dropped 2 singleton observations)
(MWFE estimator converged in 7 iterations)

HDFE Linear regression                            Number of obs   =     33,317
Absorbing 2 HDFE groups                           F(  12,    555) =     111.65
Statistics robust to heteroskedasticity           Prob > F        =     0.0000
                                                  R-squared       =     0.8777
                                                  Adj R-squared   =     0.8751
                                                  Within R-sq.    =     0.3041
Number of clusters (hotel_id_num) =        556    Root MSE        =     0.2290

                                             (Std. err. adjusted for 556 clusters in hotel_id_num)
--------------------------------------------------------------------------------------------------
                                 |               Robust
            ln_RevPAR_clean_w199 | Coefficient  std. err.      t    P>|t|     [95% conf. interval]
---------------------------------+----------------------------------------------------------------
                        sim_mean |  -.0743386    .030178    -2.46   0.014    -.1336157   -.0150616
             lag_mr_quick7_share |    .011068   .0169587     0.65   0.514    -.0222431    .0443791
                                 |
c.sim_mean#c.lag_mr_quick7_share |  -.0148126   .0544145    -0.27   0.786    -.1216961     .092071
                                 |
                      lag_mr_any |  -.0001268   .0061425    -0.02   0.984    -.0121922    .0119386
                ln_recent_volumn |   .0775558   .0086656     8.95   0.000     .0605343    .0945772
                   recent_rating |   .0205759   .0059813     3.44   0.001     .0088271    .0323247
                       recent_sd |   .0022032   .0074361     0.30   0.767    -.0124031    .0168095
               ln_lag_volumn_acc |   .0279438   .0071198     3.92   0.000     .0139587    .0419289
              lag_avg_rating_acc |   .0042915   .0277351     0.15   0.877    -.0501871      .05877
                      lag_sd_acc |  -.0135181   .0343951    -0.39   0.694    -.0810786    .0540424
               ln_avg_com_RevPAR |   .1202463   .0119882    10.03   0.000     .0966986    .1437941
        ln_lag_RevPAR_clean_w199 |   .4394962    .017743    24.77   0.000     .4046445    .4743479
                           _cons |   1.447754   .1500459     9.65   0.000     1.153027    1.742482
--------------------------------------------------------------------------------------------------

Absorbed degrees of freedom:
------------------------------------------------------+
  Absorbed FE | Categories  - Redundant  = Num. Coefs |
--------------+---------------------------------------|
 hotel_id_num |       556         556           0    *|
           ym |       135           1         134     |
------------------------------------------------------+
* = FE nested within cluster; treated as redundant for DoF computation

. estimates store G2_rate7

. reghdfe ln_RevPAR_clean_w199 c.sim_mean##c.lag_mr_count ln_recent_volumn recent_rating recent_sd ln_lag_volumn_acc lag_avg_rating_acc lag_sd_acc ln_avg_com_RevPAR ln_lag_RevPAR_clean_w199 if !missing(sim_mean, lag_mr_count), absorb(hotel_id_num ym) vce(
> cluster hotel_id_num)
(dropped 2 singleton observations)
(MWFE estimator converged in 7 iterations)

HDFE Linear regression                            Number of obs   =     33,317
Absorbing 2 HDFE groups                           F(  11,    555) =     117.61
Statistics robust to heteroskedasticity           Prob > F        =     0.0000
                                                  R-squared       =     0.8777
                                                  Adj R-squared   =     0.8751
                                                  Within R-sq.    =     0.3041
Number of clusters (hotel_id_num) =        556    Root MSE        =     0.2290

                                      (Std. err. adjusted for 556 clusters in hotel_id_num)
-------------------------------------------------------------------------------------------
                          |               Robust
     ln_RevPAR_clean_w199 | Coefficient  std. err.      t    P>|t|     [95% conf. interval]
--------------------------+----------------------------------------------------------------
                 sim_mean |  -.0708724   .0253087    -2.80   0.005    -.1205849   -.0211598
             lag_mr_count |   .0017294   .0016618     1.04   0.298    -.0015348    .0049936
                          |
c.sim_mean#c.lag_mr_count |   -.006647   .0050926    -1.31   0.192    -.0166501    .0033561
                          |
         ln_recent_volumn |   .0811833   .0085657     9.48   0.000     .0643582    .0980085
            recent_rating |   .0208736   .0059766     3.49   0.001     .0091342    .0326131
                recent_sd |    .001935   .0074354     0.26   0.795      -.01267      .01654
        ln_lag_volumn_acc |   .0281879   .0070963     3.97   0.000      .014249    .0421267
       lag_avg_rating_acc |   .0035702   .0277602     0.13   0.898    -.0509578    .0580982
               lag_sd_acc |  -.0136904   .0344014    -0.40   0.691    -.0812632    .0538824
        ln_avg_com_RevPAR |   .1202194   .0119911    10.03   0.000     .0966659    .1437728
 ln_lag_RevPAR_clean_w199 |   .4398241   .0176979    24.85   0.000     .4050611    .4745871
                    _cons |   1.439877   .1501672     9.59   0.000     1.144911    1.734843
-------------------------------------------------------------------------------------------

Absorbed degrees of freedom:
------------------------------------------------------+
  Absorbed FE | Categories  - Redundant  = Num. Coefs |
--------------+---------------------------------------|
 hotel_id_num |       556         556           0    *|
           ym |       135           1         134     |
------------------------------------------------------+
* = FE nested within cluster; treated as redundant for DoF computation

. estimates store G3_count

. reghdfe ln_RevPAR_clean_w199 c.sim_mean##c.ln_lag_mr_words lag_mr_any ln_recent_volumn recent_rating recent_sd ln_lag_volumn_acc lag_avg_rating_acc lag_sd_acc ln_avg_com_RevPAR ln_lag_RevPAR_clean_w199 if !missing(sim_mean, ln_lag_mr_words), absorb(hote
> l_id_num ym) vce(cluster hotel_id_num)
(dropped 2 singleton observations)
(MWFE estimator converged in 7 iterations)

HDFE Linear regression                            Number of obs   =     33,317
Absorbing 2 HDFE groups                           F(  12,    555) =     113.29
Statistics robust to heteroskedasticity           Prob > F        =     0.0000
                                                  R-squared       =     0.8777
                                                  Adj R-squared   =     0.8751
                                                  Within R-sq.    =     0.3041
Number of clusters (hotel_id_num) =        556    Root MSE        =     0.2290

                                         (Std. err. adjusted for 556 clusters in hotel_id_num)
----------------------------------------------------------------------------------------------
                             |               Robust
        ln_RevPAR_clean_w199 | Coefficient  std. err.      t    P>|t|     [95% conf. interval]
-----------------------------+----------------------------------------------------------------
                    sim_mean |  -.0752161   .0303414    -2.48   0.013    -.1348142   -.0156181
             ln_lag_mr_words |  -.0031362    .003781    -0.83   0.407     -.010563    .0042907
                             |
c.sim_mean#c.ln_lag_mr_words |  -.0021969   .0094876    -0.23   0.817    -.0208329    .0164391
                             |
                  lag_mr_any |   .0245144   .0127086     1.93   0.054    -.0004485    .0494773
            ln_recent_volumn |   .0801997   .0085216     9.41   0.000     .0634611    .0969383
               recent_rating |   .0205591   .0059786     3.44   0.001     .0088156    .0323025
                   recent_sd |   .0021335   .0074336     0.29   0.774     -.012468     .016735
           ln_lag_volumn_acc |   .0281084   .0071186     3.95   0.000     .0141256    .0420912
          lag_avg_rating_acc |   .0038208   .0277572     0.14   0.891    -.0507012    .0583429
                  lag_sd_acc |  -.0140434   .0344073    -0.41   0.683    -.0816279    .0535411
           ln_avg_com_RevPAR |   .1202755   .0119973    10.03   0.000     .0967098    .1438412
    ln_lag_RevPAR_clean_w199 |   .4398585   .0177302    24.81   0.000      .405032    .4746849
                       _cons |   1.441549    .150295     9.59   0.000     1.146333    1.736766
----------------------------------------------------------------------------------------------

Absorbed degrees of freedom:
------------------------------------------------------+
  Absorbed FE | Categories  - Redundant  = Num. Coefs |
--------------+---------------------------------------|
 hotel_id_num |       556         556           0    *|
           ym |       135           1         134     |
------------------------------------------------------+
* = FE nested within cluster; treated as redundant for DoF computation

. estimates store G4_words

. reghdfe ln_RevPAR_clean_w199 c.sim_mean##c.ln_lag_mr_avg_words lag_mr_any ln_recent_volumn recent_rating recent_sd ln_lag_volumn_acc lag_avg_rating_acc lag_sd_acc ln_avg_com_RevPAR ln_lag_RevPAR_clean_w199 if !missing(sim_mean, ln_lag_mr_avg_words), abs
> orb(hotel_id_num ym) vce(cluster hotel_id_num)
(dropped 2 singleton observations)
(MWFE estimator converged in 7 iterations)

HDFE Linear regression                            Number of obs   =     33,317
Absorbing 2 HDFE groups                           F(  12,    555) =     111.42
Statistics robust to heteroskedasticity           Prob > F        =     0.0000
                                                  R-squared       =     0.8777
                                                  Adj R-squared   =     0.8750
                                                  Within R-sq.    =     0.3041
Number of clusters (hotel_id_num) =        556    Root MSE        =     0.2291

                                             (Std. err. adjusted for 556 clusters in hotel_id_num)
--------------------------------------------------------------------------------------------------
                                 |               Robust
            ln_RevPAR_clean_w199 | Coefficient  std. err.      t    P>|t|     [95% conf. interval]
---------------------------------+----------------------------------------------------------------
                        sim_mean |  -.0806341   .0309546    -2.60   0.009    -.1414365   -.0198316
             ln_lag_mr_avg_words |   -.000117   .0058251    -0.02   0.984     -.011559     .011325
                                 |
c.sim_mean#c.ln_lag_mr_avg_words |   .0014265   .0114746     0.12   0.901    -.0211124    .0239654
                                 |
                      lag_mr_any |   .0034898   .0228195     0.15   0.879    -.0413333     .048313
                ln_recent_volumn |   .0777087    .008663     8.97   0.000     .0606923    .0947251
                   recent_rating |   .0206529   .0060079     3.44   0.001     .0088518    .0324539
                       recent_sd |   .0022814   .0074329     0.31   0.759    -.0123188    .0168815
               ln_lag_volumn_acc |   .0279543   .0071368     3.92   0.000     .0139359    .0419727
              lag_avg_rating_acc |   .0041213   .0277548     0.15   0.882    -.0503959    .0586386
                      lag_sd_acc |   -.013586   .0343954    -0.39   0.693    -.0811472    .0539751
               ln_avg_com_RevPAR |   .1202405   .0119955    10.02   0.000     .0966782    .1438027
        ln_lag_RevPAR_clean_w199 |   .4395772   .0177359    24.78   0.000     .4047395    .4744149
                           _cons |   1.449325   .1501473     9.65   0.000     1.154398    1.744251
--------------------------------------------------------------------------------------------------

Absorbed degrees of freedom:
------------------------------------------------------+
  Absorbed FE | Categories  - Redundant  = Num. Coefs |
--------------+---------------------------------------|
 hotel_id_num |       556         556           0    *|
           ym |       135           1         134     |
------------------------------------------------------+
* = FE nested within cluster; treated as redundant for DoF computation

. estimates store G5_avgwords

. reghdfe ln_RevPAR_clean_w199 c.sim_mean##c.lag_mr_quick7_share lag_mr_any ln_recent_volumn recent_rating recent_sd ln_lag_volumn_acc lag_avg_rating_acc lag_sd_acc ln_avg_com_RevPAR ln_lag_RevPAR_clean_w199 if !missing(sim_mean, lag_mr_quick7_share), abs
> orb(hotel_id_num ym) vce(cluster hotel_id_num)
(dropped 2 singleton observations)
(MWFE estimator converged in 7 iterations)

HDFE Linear regression                            Number of obs   =     33,317
Absorbing 2 HDFE groups                           F(  12,    555) =     111.65
Statistics robust to heteroskedasticity           Prob > F        =     0.0000
                                                  R-squared       =     0.8777
                                                  Adj R-squared   =     0.8751
                                                  Within R-sq.    =     0.3041
Number of clusters (hotel_id_num) =        556    Root MSE        =     0.2290

                                             (Std. err. adjusted for 556 clusters in hotel_id_num)
--------------------------------------------------------------------------------------------------
                                 |               Robust
            ln_RevPAR_clean_w199 | Coefficient  std. err.      t    P>|t|     [95% conf. interval]
---------------------------------+----------------------------------------------------------------
                        sim_mean |  -.0743386    .030178    -2.46   0.014    -.1336157   -.0150616
             lag_mr_quick7_share |    .011068   .0169587     0.65   0.514    -.0222431    .0443791
                                 |
c.sim_mean#c.lag_mr_quick7_share |  -.0148126   .0544145    -0.27   0.786    -.1216961     .092071
                                 |
                      lag_mr_any |  -.0001268   .0061425    -0.02   0.984    -.0121922    .0119386
                ln_recent_volumn |   .0775558   .0086656     8.95   0.000     .0605343    .0945772
                   recent_rating |   .0205759   .0059813     3.44   0.001     .0088271    .0323247
                       recent_sd |   .0022032   .0074361     0.30   0.767    -.0124031    .0168095
               ln_lag_volumn_acc |   .0279438   .0071198     3.92   0.000     .0139587    .0419289
              lag_avg_rating_acc |   .0042915   .0277351     0.15   0.877    -.0501871      .05877
                      lag_sd_acc |  -.0135181   .0343951    -0.39   0.694    -.0810786    .0540424
               ln_avg_com_RevPAR |   .1202463   .0119882    10.03   0.000     .0966986    .1437941
        ln_lag_RevPAR_clean_w199 |   .4394962    .017743    24.77   0.000     .4046445    .4743479
                           _cons |   1.447754   .1500459     9.65   0.000     1.153027    1.742482
--------------------------------------------------------------------------------------------------

Absorbed degrees of freedom:
------------------------------------------------------+
  Absorbed FE | Categories  - Redundant  = Num. Coefs |
--------------+---------------------------------------|
 hotel_id_num |       556         556           0    *|
           ym |       135           1         134     |
------------------------------------------------------+
* = FE nested within cluster; treated as redundant for DoF computation

. estimates store G6_quick7

. reghdfe ln_RevPAR_clean_w199 c.sim_mean##c.lag_mr_quick30_share lag_mr_any ln_recent_volumn recent_rating recent_sd ln_lag_volumn_acc lag_avg_rating_acc lag_sd_acc ln_avg_com_RevPAR ln_lag_RevPAR_clean_w199 if !missing(sim_mean, lag_mr_quick30_share), a
> bsorb(hotel_id_num ym) vce(cluster hotel_id_num)
(dropped 2 singleton observations)
(MWFE estimator converged in 7 iterations)

HDFE Linear regression                            Number of obs   =     33,317
Absorbing 2 HDFE groups                           F(  12,    555) =     111.04
Statistics robust to heteroskedasticity           Prob > F        =     0.0000
                                                  R-squared       =     0.8777
                                                  Adj R-squared   =     0.8751
                                                  Within R-sq.    =     0.3041
Number of clusters (hotel_id_num) =        556    Root MSE        =     0.2290

                                              (Std. err. adjusted for 556 clusters in hotel_id_num)
---------------------------------------------------------------------------------------------------
                                  |               Robust
             ln_RevPAR_clean_w199 | Coefficient  std. err.      t    P>|t|     [95% conf. interval]
----------------------------------+----------------------------------------------------------------
                         sim_mean |  -.0737214   .0306646    -2.40   0.017    -.1339544   -.0134885
             lag_mr_quick30_share |  -.0108466   .0178826    -0.61   0.544    -.0459723    .0242792
                                  |
c.sim_mean#c.lag_mr_quick30_share |   -.015579   .0484068    -0.32   0.748    -.1106621     .079504
                                  |
                       lag_mr_any |   .0190698   .0118375     1.61   0.108     -.004182    .0423215
                 ln_recent_volumn |   .0780836   .0086581     9.02   0.000     .0610769    .0950902
                    recent_rating |   .0206577   .0059788     3.46   0.001     .0089139    .0324015
                        recent_sd |   .0021349   .0074336     0.29   0.774    -.0124664    .0167363
                ln_lag_volumn_acc |   .0279531   .0071205     3.93   0.000     .0139666    .0419395
               lag_avg_rating_acc |    .004072   .0277615     0.15   0.883    -.0504583    .0586024
                       lag_sd_acc |  -.0134798   .0343981    -0.39   0.695    -.0810461    .0540865
                ln_avg_com_RevPAR |   .1202107   .0119983    10.02   0.000     .0966429    .1437784
         ln_lag_RevPAR_clean_w199 |    .439587   .0177435    24.77   0.000     .4047344    .4744397
                            _cons |   1.446773   .1501954     9.63   0.000     1.151752    1.741794
---------------------------------------------------------------------------------------------------

Absorbed degrees of freedom:
------------------------------------------------------+
  Absorbed FE | Categories  - Redundant  = Num. Coefs |
--------------+---------------------------------------|
 hotel_id_num |       556         556           0    *|
           ym |       135           1         134     |
------------------------------------------------------+
* = FE nested within cluster; treated as redundant for DoF computation

. estimates store G7_quick30

. reghdfe ln_RevPAR_clean_w199 c.sim_mean##c.lag_mr_avg_resp_days lag_mr_any ln_recent_volumn recent_rating recent_sd ln_lag_volumn_acc lag_avg_rating_acc lag_sd_acc ln_avg_com_RevPAR ln_lag_RevPAR_clean_w199 if !missing(sim_mean, lag_mr_avg_resp_days), a
> bsorb(hotel_id_num ym) vce(cluster hotel_id_num)
(dropped 2 singleton observations)
(MWFE estimator converged in 7 iterations)

HDFE Linear regression                            Number of obs   =     33,317
Absorbing 2 HDFE groups                           F(  12,    555) =     110.97
Statistics robust to heteroskedasticity           Prob > F        =     0.0000
                                                  R-squared       =     0.8777
                                                  Adj R-squared   =     0.8750
                                                  Within R-sq.    =     0.3041
Number of clusters (hotel_id_num) =        556    Root MSE        =     0.2291

                                              (Std. err. adjusted for 556 clusters in hotel_id_num)
---------------------------------------------------------------------------------------------------
                                  |               Robust
             ln_RevPAR_clean_w199 | Coefficient  std. err.      t    P>|t|     [95% conf. interval]
----------------------------------+----------------------------------------------------------------
                         sim_mean |  -.0795833   .0252522    -3.15   0.002    -.1291849   -.0299816
             lag_mr_avg_resp_days |  -.0000333   .0001053    -0.32   0.752    -.0002401    .0001736
                                  |
c.sim_mean#c.lag_mr_avg_resp_days |   .0001465   .0003189     0.46   0.646      -.00048     .000773
                                  |
                       lag_mr_any |   .0045251   .0046331     0.98   0.329    -.0045754    .0136257
                 ln_recent_volumn |   .0777926   .0086602     8.98   0.000     .0607818    .0948033
                    recent_rating |   .0206126   .0059705     3.45   0.001     .0088851    .0323401
                        recent_sd |   .0022196   .0074322     0.30   0.765    -.0123791    .0168183
                ln_lag_volumn_acc |   .0279691    .007121     3.93   0.000     .0139817    .0419566
               lag_avg_rating_acc |   .0041076   .0277532     0.15   0.882    -.0504066    .0586218
                       lag_sd_acc |  -.0136198   .0344116    -0.40   0.692    -.0812127    .0539731
                ln_avg_com_RevPAR |   .1202281   .0119926    10.03   0.000     .0966717    .1437846
         ln_lag_RevPAR_clean_w199 |   .4395627   .0177595    24.75   0.000     .4046788    .4744467
                            _cons |   1.449177   .1500272     9.66   0.000     1.154487    1.743868
---------------------------------------------------------------------------------------------------

Absorbed degrees of freedom:
------------------------------------------------------+
  Absorbed FE | Categories  - Redundant  = Num. Coefs |
--------------+---------------------------------------|
 hotel_id_num |       556         556           0    *|
           ym |       135           1         134     |
------------------------------------------------------+
* = FE nested within cluster; treated as redundant for DoF computation

. estimates store G8_speed

. 
. * G9-G16 response wording and manager identity.
. reghdfe ln_RevPAR_clean_w199 c.sim_mean##c.lag_mr_thanks_share lag_mr_any ln_recent_volumn recent_rating recent_sd ln_lag_volumn_acc lag_avg_rating_acc lag_sd_acc ln_avg_com_RevPAR ln_lag_RevPAR_clean_w199 if !missing(sim_mean, lag_mr_thanks_share), abs
> orb(hotel_id_num ym) vce(cluster hotel_id_num)
(dropped 2 singleton observations)
(MWFE estimator converged in 7 iterations)

HDFE Linear regression                            Number of obs   =     33,317
Absorbing 2 HDFE groups                           F(  12,    555) =     112.61
Statistics robust to heteroskedasticity           Prob > F        =     0.0000
                                                  R-squared       =     0.8777
                                                  Adj R-squared   =     0.8751
                                                  Within R-sq.    =     0.3043
Number of clusters (hotel_id_num) =        556    Root MSE        =     0.2290

                                             (Std. err. adjusted for 556 clusters in hotel_id_num)
--------------------------------------------------------------------------------------------------
                                 |               Robust
            ln_RevPAR_clean_w199 | Coefficient  std. err.      t    P>|t|     [95% conf. interval]
---------------------------------+----------------------------------------------------------------
                        sim_mean |  -.0798138   .0300979    -2.65   0.008    -.1389336   -.0206941
             lag_mr_thanks_share |   .0305541   .0180217     1.70   0.091    -.0048449    .0659531
                                 |
c.sim_mean#c.lag_mr_thanks_share |   .0030679   .0494513     0.06   0.951    -.0940667    .1002024
                                 |
                      lag_mr_any |  -.0237461   .0114285    -2.08   0.038    -.0461944   -.0012978
                ln_recent_volumn |   .0778088   .0086709     8.97   0.000      .060777    .0948406
                   recent_rating |   .0204455   .0059764     3.42   0.001     .0087063    .0321846
                       recent_sd |   .0026353   .0074194     0.36   0.723    -.0119381    .0172088
               ln_lag_volumn_acc |   .0279944   .0071348     3.92   0.000     .0139798    .0420089
              lag_avg_rating_acc |   .0037952   .0277445     0.14   0.891    -.0507019    .0582923
                      lag_sd_acc |  -.0135972    .034381    -0.40   0.693      -.08113    .0539356
               ln_avg_com_RevPAR |   .1202078   .0119856    10.03   0.000     .0966651    .1437504
        ln_lag_RevPAR_clean_w199 |   .4393867   .0176926    24.83   0.000     .4046342    .4741393
                           _cons |   1.451177   .1496874     9.69   0.000     1.157154      1.7452
--------------------------------------------------------------------------------------------------

Absorbed degrees of freedom:
------------------------------------------------------+
  Absorbed FE | Categories  - Redundant  = Num. Coefs |
--------------+---------------------------------------|
 hotel_id_num |       556         556           0    *|
           ym |       135           1         134     |
------------------------------------------------------+
* = FE nested within cluster; treated as redundant for DoF computation

. estimates store G9_thanks

. reghdfe ln_RevPAR_clean_w199 c.sim_mean##c.lag_mr_apology_share lag_mr_any ln_recent_volumn recent_rating recent_sd ln_lag_volumn_acc lag_avg_rating_acc lag_sd_acc ln_avg_com_RevPAR ln_lag_RevPAR_clean_w199 if !missing(sim_mean, lag_mr_apology_share), a
> bsorb(hotel_id_num ym) vce(cluster hotel_id_num)
(dropped 2 singleton observations)
(MWFE estimator converged in 7 iterations)

HDFE Linear regression                            Number of obs   =     33,317
Absorbing 2 HDFE groups                           F(  12,    555) =     110.43
Statistics robust to heteroskedasticity           Prob > F        =     0.0000
                                                  R-squared       =     0.8777
                                                  Adj R-squared   =     0.8751
                                                  Within R-sq.    =     0.3041
Number of clusters (hotel_id_num) =        556    Root MSE        =     0.2290

                                              (Std. err. adjusted for 556 clusters in hotel_id_num)
---------------------------------------------------------------------------------------------------
                                  |               Robust
             ln_RevPAR_clean_w199 | Coefficient  std. err.      t    P>|t|     [95% conf. interval]
----------------------------------+----------------------------------------------------------------
                         sim_mean |  -.0708395    .026247    -2.70   0.007    -.1223951   -.0192839
             lag_mr_apology_share |   .0334722    .027616     1.21   0.226    -.0207725     .087717
                                  |
c.sim_mean#c.lag_mr_apology_share |   -.121539    .094566    -1.29   0.199    -.3072901     .064212
                                  |
                       lag_mr_any |   .0048978    .004874     1.00   0.315     -.004676    .0144715
                 ln_recent_volumn |   .0778625   .0086563     8.99   0.000     .0608595    .0948655
                    recent_rating |   .0205797   .0060046     3.43   0.001     .0087851    .0323743
                        recent_sd |   .0023888   .0074377     0.32   0.748    -.0122208    .0169984
                ln_lag_volumn_acc |   .0280038   .0071338     3.93   0.000     .0139912    .0420164
               lag_avg_rating_acc |   .0040985   .0277587     0.15   0.883    -.0504265    .0586235
                       lag_sd_acc |  -.0136673   .0344216    -0.40   0.691    -.0812798    .0539452
                ln_avg_com_RevPAR |   .1202134   .0119887    10.03   0.000     .0966646    .1437622
         ln_lag_RevPAR_clean_w199 |   .4395317   .0177532    24.76   0.000       .40466    .4744033
                            _cons |   1.446402   .1501002     9.64   0.000     1.151568    1.741236
---------------------------------------------------------------------------------------------------

Absorbed degrees of freedom:
------------------------------------------------------+
  Absorbed FE | Categories  - Redundant  = Num. Coefs |
--------------+---------------------------------------|
 hotel_id_num |       556         556           0    *|
           ym |       135           1         134     |
------------------------------------------------------+
* = FE nested within cluster; treated as redundant for DoF computation

. estimates store G10_apology

. reghdfe ln_RevPAR_clean_w199 c.sim_mean##c.lag_mr_invite_share lag_mr_any ln_recent_volumn recent_rating recent_sd ln_lag_volumn_acc lag_avg_rating_acc lag_sd_acc ln_avg_com_RevPAR ln_lag_RevPAR_clean_w199 if !missing(sim_mean, lag_mr_invite_share), abs
> orb(hotel_id_num ym) vce(cluster hotel_id_num)
(dropped 2 singleton observations)
(MWFE estimator converged in 7 iterations)

HDFE Linear regression                            Number of obs   =     33,317
Absorbing 2 HDFE groups                           F(  12,    555) =     112.50
Statistics robust to heteroskedasticity           Prob > F        =     0.0000
                                                  R-squared       =     0.8777
                                                  Adj R-squared   =     0.8751
                                                  Within R-sq.    =     0.3043
Number of clusters (hotel_id_num) =        556    Root MSE        =     0.2290

                                             (Std. err. adjusted for 556 clusters in hotel_id_num)
--------------------------------------------------------------------------------------------------
                                 |               Robust
            ln_RevPAR_clean_w199 | Coefficient  std. err.      t    P>|t|     [95% conf. interval]
---------------------------------+----------------------------------------------------------------
                        sim_mean |  -.0941473   .0254971    -3.69   0.000    -.1442299   -.0440648
             lag_mr_invite_share |  -.0887927   .0372171    -2.39   0.017    -.1618963    -.015689
                                 |
c.sim_mean#c.lag_mr_invite_share |   .2589469   .1232038     2.10   0.036     .0169441    .5009497
                                 |
                      lag_mr_any |   .0068146   .0044898     1.52   0.130    -.0020046    .0156337
                ln_recent_volumn |   .0774911   .0086501     8.96   0.000     .0605003     .094482
                   recent_rating |   .0207216   .0059834     3.46   0.001     .0089687    .0324744
                       recent_sd |   .0022524     .00745     0.30   0.763    -.0123813    .0168861
               ln_lag_volumn_acc |   .0279534   .0071159     3.93   0.000      .013976    .0419309
              lag_avg_rating_acc |   .0041943   .0277396     0.15   0.880    -.0502931    .0586817
                      lag_sd_acc |  -.0140327   .0343837    -0.41   0.683    -.0815709    .0535054
               ln_avg_com_RevPAR |   .1201971   .0119802    10.03   0.000     .0966651    .1437291
        ln_lag_RevPAR_clean_w199 |   .4397156   .0177436    24.78   0.000     .4048627    .4745685
                           _cons |   1.453527   .1499458     9.69   0.000     1.158997    1.748058
--------------------------------------------------------------------------------------------------

Absorbed degrees of freedom:
------------------------------------------------------+
  Absorbed FE | Categories  - Redundant  = Num. Coefs |
--------------+---------------------------------------|
 hotel_id_num |       556         556           0    *|
           ym |       135           1         134     |
------------------------------------------------------+
* = FE nested within cluster; treated as redundant for DoF computation

. estimates store G11_invite

. reghdfe ln_RevPAR_clean_w199 c.sim_mean##c.lag_mr_recovery_share lag_mr_any ln_recent_volumn recent_rating recent_sd ln_lag_volumn_acc lag_avg_rating_acc lag_sd_acc ln_avg_com_RevPAR ln_lag_RevPAR_clean_w199 if !missing(sim_mean, lag_mr_recovery_share),
>  absorb(hotel_id_num ym) vce(cluster hotel_id_num)
(dropped 2 singleton observations)
(MWFE estimator converged in 7 iterations)

HDFE Linear regression                            Number of obs   =     33,317
Absorbing 2 HDFE groups                           F(  12,    555) =     110.39
Statistics robust to heteroskedasticity           Prob > F        =     0.0000
                                                  R-squared       =     0.8777
                                                  Adj R-squared   =     0.8751
                                                  Within R-sq.    =     0.3041
Number of clusters (hotel_id_num) =        556    Root MSE        =     0.2290

                                               (Std. err. adjusted for 556 clusters in hotel_id_num)
----------------------------------------------------------------------------------------------------
                                   |               Robust
              ln_RevPAR_clean_w199 | Coefficient  std. err.      t    P>|t|     [95% conf. interval]
-----------------------------------+----------------------------------------------------------------
                          sim_mean |   -.074036   .0255178    -2.90   0.004    -.1241592   -.0239128
             lag_mr_recovery_share |   .0560267   .0398839     1.40   0.161    -.0223151    .1343686
                                   |
c.sim_mean#c.lag_mr_recovery_share |  -.1646951   .1413721    -1.16   0.245    -.4423849    .1129946
                                   |
                        lag_mr_any |   .0039372   .0047473     0.83   0.407    -.0053877    .0132621
                  ln_recent_volumn |    .077879   .0086716     8.98   0.000     .0608459    .0949121
                     recent_rating |   .0207935   .0059839     3.47   0.001     .0090397    .0325473
                         recent_sd |   .0021954   .0074332     0.30   0.768    -.0124053    .0167961
                 ln_lag_volumn_acc |   .0278934   .0071219     3.92   0.000     .0139043    .0418825
                lag_avg_rating_acc |   .0040808   .0277559     0.15   0.883    -.0504386    .0586002
                        lag_sd_acc |  -.0135468   .0343959    -0.39   0.694    -.0811089    .0540152
                 ln_avg_com_RevPAR |   .1202536   .0119935    10.03   0.000     .0966954    .1438118
          ln_lag_RevPAR_clean_w199 |    .439525    .017752    24.76   0.000     .4046556    .4743944
                             _cons |   1.447137    .149961     9.65   0.000     1.152577    1.741698
----------------------------------------------------------------------------------------------------

Absorbed degrees of freedom:
------------------------------------------------------+
  Absorbed FE | Categories  - Redundant  = Num. Coefs |
--------------+---------------------------------------|
 hotel_id_num |       556         556           0    *|
           ym |       135           1         134     |
------------------------------------------------------+
* = FE nested within cluster; treated as redundant for DoF computation

. estimates store G12_recovery

. reghdfe ln_RevPAR_clean_w199 c.sim_mean##c.lag_mr_positive_share lag_mr_any ln_recent_volumn recent_rating recent_sd ln_lag_volumn_acc lag_avg_rating_acc lag_sd_acc ln_avg_com_RevPAR ln_lag_RevPAR_clean_w199 if !missing(sim_mean, lag_mr_positive_share),
>  absorb(hotel_id_num ym) vce(cluster hotel_id_num)
(dropped 2 singleton observations)
(MWFE estimator converged in 7 iterations)

HDFE Linear regression                            Number of obs   =     33,317
Absorbing 2 HDFE groups                           F(  12,    555) =     110.67
Statistics robust to heteroskedasticity           Prob > F        =     0.0000
                                                  R-squared       =     0.8777
                                                  Adj R-squared   =     0.8750
                                                  Within R-sq.    =     0.3041
Number of clusters (hotel_id_num) =        556    Root MSE        =     0.2290

                                               (Std. err. adjusted for 556 clusters in hotel_id_num)
----------------------------------------------------------------------------------------------------
                                   |               Robust
              ln_RevPAR_clean_w199 | Coefficient  std. err.      t    P>|t|     [95% conf. interval]
-----------------------------------+----------------------------------------------------------------
                          sim_mean |  -.0682708   .0286852    -2.38   0.018    -.1246157    -.011926
             lag_mr_positive_share |   .0173412   .0188057     0.92   0.357    -.0195979    .0542804
                                   |
c.sim_mean#c.lag_mr_positive_share |  -.0518475   .0617537    -0.84   0.402     -.173147    .0694521
                                   |
                        lag_mr_any |   .0036806   .0057142     0.64   0.520    -.0075436    .0149047
                  ln_recent_volumn |   .0778747   .0086688     8.98   0.000     .0608471    .0949023
                     recent_rating |   .0206307   .0060054     3.44   0.001     .0088346    .0324269
                         recent_sd |   .0021932   .0074068     0.30   0.767    -.0123555     .016742
                 ln_lag_volumn_acc |   .0279786   .0071137     3.93   0.000     .0140056    .0419516
                lag_avg_rating_acc |   .0039536   .0277645     0.14   0.887    -.0505828      .05849
                        lag_sd_acc |  -.0135003   .0344206    -0.39   0.695    -.0811108    .0541103
                 ln_avg_com_RevPAR |   .1202007   .0119929    10.02   0.000     .0966437    .1437577
          ln_lag_RevPAR_clean_w199 |   .4394713    .017737    24.78   0.000     .4046314    .4743113
                             _cons |   1.446435   .1502577     9.63   0.000     1.151292    1.741579
----------------------------------------------------------------------------------------------------

Absorbed degrees of freedom:
------------------------------------------------------+
  Absorbed FE | Categories  - Redundant  = Num. Coefs |
--------------+---------------------------------------|
 hotel_id_num |       556         556           0    *|
           ym |       135           1         134     |
------------------------------------------------------+
* = FE nested within cluster; treated as redundant for DoF computation

. estimates store G13_positive

. reghdfe ln_RevPAR_clean_w199 c.sim_mean##c.lag_mr_negtone_share lag_mr_any ln_recent_volumn recent_rating recent_sd ln_lag_volumn_acc lag_avg_rating_acc lag_sd_acc ln_avg_com_RevPAR ln_lag_RevPAR_clean_w199 if !missing(sim_mean, lag_mr_negtone_share), a
> bsorb(hotel_id_num ym) vce(cluster hotel_id_num)
(dropped 2 singleton observations)
(MWFE estimator converged in 7 iterations)

HDFE Linear regression                            Number of obs   =     33,317
Absorbing 2 HDFE groups                           F(  12,    555) =     109.87
Statistics robust to heteroskedasticity           Prob > F        =     0.0000
                                                  R-squared       =     0.8777
                                                  Adj R-squared   =     0.8751
                                                  Within R-sq.    =     0.3041
Number of clusters (hotel_id_num) =        556    Root MSE        =     0.2290

                                              (Std. err. adjusted for 556 clusters in hotel_id_num)
---------------------------------------------------------------------------------------------------
                                  |               Robust
             ln_RevPAR_clean_w199 | Coefficient  std. err.      t    P>|t|     [95% conf. interval]
----------------------------------+----------------------------------------------------------------
                         sim_mean |  -.0741526   .0261376    -2.84   0.005    -.1254934   -.0228119
             lag_mr_negtone_share |   .0268504   .0300144     0.89   0.371    -.0321053    .0858061
                                  |
c.sim_mean#c.lag_mr_negtone_share |  -.1349303   .1037917    -1.30   0.194    -.3388029    .0689423
                                  |
                       lag_mr_any |   .0060821   .0048279     1.26   0.208     -.003401    .0155653
                 ln_recent_volumn |   .0778442   .0086642     8.98   0.000     .0608256    .0948628
                    recent_rating |   .0203687    .006001     3.39   0.001     .0085813    .0321561
                        recent_sd |     .00239   .0074304     0.32   0.748    -.0122051    .0169851
                ln_lag_volumn_acc |   .0279421    .007121     3.92   0.000     .0139546    .0419295
               lag_avg_rating_acc |   .0041922   .0277574     0.15   0.880    -.0503302    .0587146
                       lag_sd_acc |  -.0135423   .0344182    -0.39   0.694    -.0811482    .0540635
                ln_avg_com_RevPAR |   .1201929    .011995    10.02   0.000     .0966319     .143754
         ln_lag_RevPAR_clean_w199 |   .4395607   .0177518    24.76   0.000     .4046917    .4744296
                            _cons |   1.447955   .1499858     9.65   0.000     1.153345    1.742564
---------------------------------------------------------------------------------------------------

Absorbed degrees of freedom:
------------------------------------------------------+
  Absorbed FE | Categories  - Redundant  = Num. Coefs |
--------------+---------------------------------------|
 hotel_id_num |       556         556           0    *|
           ym |       135           1         134     |
------------------------------------------------------+
* = FE nested within cluster; treated as redundant for DoF computation

. estimates store G14_problem

. reghdfe ln_RevPAR_clean_w199 c.sim_mean##c.lag_mr_personal_share lag_mr_any ln_recent_volumn recent_rating recent_sd ln_lag_volumn_acc lag_avg_rating_acc lag_sd_acc ln_avg_com_RevPAR ln_lag_RevPAR_clean_w199 if !missing(sim_mean, lag_mr_personal_share),
>  absorb(hotel_id_num ym) vce(cluster hotel_id_num)
(dropped 2 singleton observations)
(MWFE estimator converged in 7 iterations)

HDFE Linear regression                            Number of obs   =     33,317
Absorbing 2 HDFE groups                           F(  12,    555) =     111.24
Statistics robust to heteroskedasticity           Prob > F        =     0.0000
                                                  R-squared       =     0.8777
                                                  Adj R-squared   =     0.8750
                                                  Within R-sq.    =     0.3041
Number of clusters (hotel_id_num) =        556    Root MSE        =     0.2291

                                               (Std. err. adjusted for 556 clusters in hotel_id_num)
----------------------------------------------------------------------------------------------------
                                   |               Robust
              ln_RevPAR_clean_w199 | Coefficient  std. err.      t    P>|t|     [95% conf. interval]
-----------------------------------+----------------------------------------------------------------
                          sim_mean |  -.0808536    .030949    -2.61   0.009    -.1416451    -.020062
             lag_mr_personal_share |   .0027768   .0290043     0.10   0.924    -.0541947    .0597484
                                   |
c.sim_mean#c.lag_mr_personal_share |   .0064346   .0485138     0.13   0.895    -.0888586    .1017278
                                   |
                        lag_mr_any |   .0001211   .0262195     0.00   0.996    -.0513805    .0516226
                  ln_recent_volumn |    .077701   .0086669     8.97   0.000     .0606771    .0947248
                     recent_rating |   .0206424   .0059846     3.45   0.001     .0088872    .0323976
                         recent_sd |   .0022954   .0074374     0.31   0.758    -.0123135    .0169044
                 ln_lag_volumn_acc |   .0279672   .0071203     3.93   0.000     .0139812    .0419532
                lag_avg_rating_acc |   .0040966   .0277632     0.15   0.883    -.0504371    .0586304
                        lag_sd_acc |  -.0136089   .0344037    -0.40   0.693    -.0811863    .0539686
                 ln_avg_com_RevPAR |   .1202368   .0119953    10.02   0.000      .096675    .1437986
          ln_lag_RevPAR_clean_w199 |   .4395799   .0177381    24.78   0.000      .404738    .4744219
                             _cons |   1.449489   .1501402     9.65   0.000     1.154576    1.744401
----------------------------------------------------------------------------------------------------

Absorbed degrees of freedom:
------------------------------------------------------+
  Absorbed FE | Categories  - Redundant  = Num. Coefs |
--------------+---------------------------------------|
 hotel_id_num |       556         556           0    *|
           ym |       135           1         134     |
------------------------------------------------------+
* = FE nested within cluster; treated as redundant for DoF computation

. estimates store G15_personal

. reghdfe ln_RevPAR_clean_w199 c.sim_mean##c.lag_mr_mgr_share lag_mr_any ln_recent_volumn recent_rating recent_sd ln_lag_volumn_acc lag_avg_rating_acc lag_sd_acc ln_avg_com_RevPAR ln_lag_RevPAR_clean_w199 if !missing(sim_mean, lag_mr_mgr_share), absorb(ho
> tel_id_num ym) vce(cluster hotel_id_num)
(dropped 2 singleton observations)
(MWFE estimator converged in 7 iterations)

HDFE Linear regression                            Number of obs   =     33,317
Absorbing 2 HDFE groups                           F(  12,    555) =     110.78
Statistics robust to heteroskedasticity           Prob > F        =     0.0000
                                                  R-squared       =     0.8777
                                                  Adj R-squared   =     0.8751
                                                  Within R-sq.    =     0.3041
Number of clusters (hotel_id_num) =        556    Root MSE        =     0.2290

                                          (Std. err. adjusted for 556 clusters in hotel_id_num)
-----------------------------------------------------------------------------------------------
                              |               Robust
         ln_RevPAR_clean_w199 | Coefficient  std. err.      t    P>|t|     [95% conf. interval]
------------------------------+----------------------------------------------------------------
                     sim_mean |  -.0787644   .0306699    -2.57   0.010    -.1390076   -.0185212
             lag_mr_mgr_share |    .012356   .0183712     0.67   0.501    -.0237295    .0484415
                              |
c.sim_mean#c.lag_mr_mgr_share |   .0020351   .0511699     0.04   0.968    -.0984753    .1025455
                              |
                   lag_mr_any |  -.0071132   .0109581    -0.65   0.517    -.0286377    .0144112
             ln_recent_volumn |   .0774266   .0086306     8.97   0.000     .0604739    .0943793
                recent_rating |   .0204857   .0059783     3.43   0.001     .0087429    .0322286
                    recent_sd |   .0021914   .0074424     0.29   0.769    -.0124274    .0168102
            ln_lag_volumn_acc |   .0281812   .0071181     3.96   0.000     .0141996    .0421629
           lag_avg_rating_acc |   .0040595   .0277466     0.15   0.884    -.0504416    .0585606
                   lag_sd_acc |  -.0134108   .0343282    -0.39   0.696    -.0808399    .0540184
            ln_avg_com_RevPAR |   .1203294   .0119903    10.04   0.000     .0967775    .1438813
     ln_lag_RevPAR_clean_w199 |   .4394509   .0177376    24.78   0.000     .4046099    .4742918
                        _cons |   1.449172   .1499322     9.67   0.000     1.154668    1.743676
-----------------------------------------------------------------------------------------------

Absorbed degrees of freedom:
------------------------------------------------------+
  Absorbed FE | Categories  - Redundant  = Num. Coefs |
--------------+---------------------------------------|
 hotel_id_num |       556         556           0    *|
           ym |       135           1         134     |
------------------------------------------------------+
* = FE nested within cluster; treated as redundant for DoF computation

. estimates store G16_manager

. 
. * Route B production outcomes, retaining the original variable interface.
. reghdfe ln_recent_volumn lag_mr_any lag_mr_rate lag_mr_count ln_lag_mr_words lag_mr_avg_resp_days lag_mr_thanks_share lag_mr_apology_share lag_mr_invite_share lag_mr_recovery_share lag_mr_positive_share lag_mr_negtone_share lag_mr_personal_share lag_mr_
> mgr_share recent_sd recent_rating ln_lag_volumn_acc lag_avg_rating_acc lag_sd_acc lag_avg_rating_month ln_avg_com_RevPAR ln_lag_RevPAR_clean_w199 if !missing(ln_recent_volumn), absorb(hotel_id_num ym) vce(cluster hotel_id_num)
(dropped 2 singleton observations)
(MWFE estimator converged in 7 iterations)

HDFE Linear regression                            Number of obs   =     33,514
Absorbing 2 HDFE groups                           F(  21,    555) =      32.99
Statistics robust to heteroskedasticity           Prob > F        =     0.0000
                                                  R-squared       =     0.7043
                                                  Adj R-squared   =     0.6979
                                                  Within R-sq.    =     0.1398
Number of clusters (hotel_id_num) =        556    Root MSE        =     0.2069

                                     (Std. err. adjusted for 556 clusters in hotel_id_num)
------------------------------------------------------------------------------------------
                         |               Robust
        ln_recent_volumn | Coefficient  std. err.      t    P>|t|     [95% conf. interval]
-------------------------+----------------------------------------------------------------
              lag_mr_any |  -.1868674   .0394799    -4.73   0.000    -.2644156   -.1093192
             lag_mr_rate |   -.023782   .0062746    -3.79   0.000    -.0361069    -.011457
            lag_mr_count |   .0077444   .0013558     5.71   0.000     .0050812    .0104076
         ln_lag_mr_words |   .0331684   .0062308     5.32   0.000     .0209297    .0454072
    lag_mr_avg_resp_days |  -.0002493   .0000695    -3.59   0.000    -.0003858   -.0001127
     lag_mr_thanks_share |  -.0187984   .0102285    -1.84   0.067    -.0388897    .0012929
    lag_mr_apology_share |   .0058945   .0098514     0.60   0.550    -.0134561     .025245
     lag_mr_invite_share |  -.0047147   .0088533    -0.53   0.595    -.0221048    .0126755
   lag_mr_recovery_share |   .0035793   .0090468     0.40   0.693    -.0141908    .0213495
   lag_mr_positive_share |  -.0125885   .0072249    -1.74   0.082      -.02678     .001603
    lag_mr_negtone_share |   .0026195   .0089752     0.29   0.771      -.01501     .020249
   lag_mr_personal_share |    .036588   .0281237     1.30   0.194    -.0186539    .0918299
        lag_mr_mgr_share |   .0351534     .01503     2.34   0.020     .0056307    .0646762
               recent_sd |  -.0362211   .0089726    -4.04   0.000    -.0538455   -.0185966
           recent_rating |    .059021   .0072099     8.19   0.000     .0448589     .073183
       ln_lag_volumn_acc |   .0760636     .01164     6.53   0.000     .0531998    .0989274
      lag_avg_rating_acc |   .0589768   .0331748     1.78   0.076    -.0061868    .1241403
              lag_sd_acc |   .0541741   .0445557     1.22   0.225    -.0333443    .1416925
    lag_avg_rating_month |  -.0014488   .0012272    -1.18   0.238    -.0038593    .0009616
       ln_avg_com_RevPAR |   .0141263   .0068771     2.05   0.040     .0006181    .0276346
ln_lag_RevPAR_clean_w199 |   .0510938   .0072121     7.08   0.000     .0369275    .0652602
                   _cons |    1.51101   .1612826     9.37   0.000     1.194211    1.827809
------------------------------------------------------------------------------------------

Absorbed degrees of freedom:
------------------------------------------------------+
  Absorbed FE | Categories  - Redundant  = Num. Coefs |
--------------+---------------------------------------|
 hotel_id_num |       556         556           0    *|
           ym |       135           1         134     |
------------------------------------------------------+
* = FE nested within cluster; treated as redundant for DoF computation

. estimates store G_volume

. reghdfe sim_mean lag_mr_any lag_mr_rate lag_mr_count ln_lag_mr_words lag_mr_avg_resp_days lag_mr_thanks_share lag_mr_apology_share lag_mr_invite_share lag_mr_recovery_share lag_mr_positive_share lag_mr_negtone_share lag_mr_personal_share lag_mr_mgr_shar
> e ln_recent_volumn recent_sd recent_rating ln_lag_volumn_acc lag_avg_rating_acc lag_sd_acc lag_avg_rating_month ln_avg_com_RevPAR ln_lag_RevPAR_clean_w199 if !missing(sim_mean), absorb(hotel_id_num ym) vce(cluster hotel_id_num)
(dropped 2 singleton observations)
(MWFE estimator converged in 7 iterations)

HDFE Linear regression                            Number of obs   =     33,360
Absorbing 2 HDFE groups                           F(  22,    555) =      58.80
Statistics robust to heteroskedasticity           Prob > F        =     0.0000
                                                  R-squared       =     0.2527
                                                  Adj R-squared   =     0.2364
                                                  Within R-sq.    =     0.0803
Number of clusters (hotel_id_num) =        556    Root MSE        =     0.0587

                                     (Std. err. adjusted for 556 clusters in hotel_id_num)
------------------------------------------------------------------------------------------
                         |               Robust
                sim_mean | Coefficient  std. err.      t    P>|t|     [95% conf. interval]
-------------------------+----------------------------------------------------------------
              lag_mr_any |   .0150395   .0100511     1.50   0.135    -.0047034    .0347824
             lag_mr_rate |    -.00018   .0002881    -0.62   0.532    -.0007458    .0003859
            lag_mr_count |  -.0000641   .0000543    -1.18   0.238    -.0001708    .0000425
         ln_lag_mr_words |  -.0006984   .0007057    -0.99   0.323    -.0020847    .0006878
    lag_mr_avg_resp_days |   .0000233   6.93e-06     3.36   0.001     9.70e-06    .0000369
     lag_mr_thanks_share |  -.0011156   .0023856    -0.47   0.640    -.0058015    .0035703
    lag_mr_apology_share |  -.0030663   .0017285    -1.77   0.077    -.0064615    .0003288
     lag_mr_invite_share |   .0017455   .0018708     0.93   0.351    -.0019291    .0054201
   lag_mr_recovery_share |  -.0045525   .0028518    -1.60   0.111    -.0101542    .0010492
   lag_mr_positive_share |  -.0010609   .0015659    -0.68   0.498    -.0041367    .0020148
    lag_mr_negtone_share |  -.0073006     .00225    -3.24   0.001    -.0117202    -.002881
   lag_mr_personal_share |  -.0041021   .0096039    -0.43   0.669    -.0229665    .0147623
        lag_mr_mgr_share |  -.0045945   .0025804    -1.78   0.076    -.0096629     .000474
        ln_recent_volumn |   .0259438   .0018208    14.25   0.000     .0223673    .0295203
               recent_sd |  -.0370388   .0017976   -20.60   0.000    -.0405697   -.0335078
           recent_rating |   .0064682   .0013901     4.65   0.000     .0037377    .0091987
       ln_lag_volumn_acc |   .0027069   .0014086     1.92   0.055      -.00006    .0054738
      lag_avg_rating_acc |  -.0188626   .0050021    -3.77   0.000     -.028688   -.0090372
              lag_sd_acc |   .0117474   .0062617     1.88   0.061    -.0005521    .0240468
    lag_avg_rating_month |   .0067033   .0006356    10.55   0.000     .0054548    .0079518
       ln_avg_com_RevPAR |   .0003643   .0011357     0.32   0.748    -.0018665    .0025952
ln_lag_RevPAR_clean_w199 |  -.0028086   .0014204    -1.98   0.049    -.0055986   -.0000186
                   _cons |   .2722311   .0236874    11.49   0.000     .2257032     .318759
------------------------------------------------------------------------------------------

Absorbed degrees of freedom:
------------------------------------------------------+
  Absorbed FE | Categories  - Redundant  = Num. Coefs |
--------------+---------------------------------------|
 hotel_id_num |       556         556           0    *|
           ym |       135           1         134     |
------------------------------------------------------+
* = FE nested within cluster; treated as redundant for DoF computation

. estimates store G_poolmechanism

. reghdfe sent_net_pos_bing lag_mr_any lag_mr_rate lag_mr_count ln_lag_mr_words lag_mr_avg_resp_days lag_mr_thanks_share lag_mr_apology_share lag_mr_invite_share lag_mr_recovery_share lag_mr_positive_share lag_mr_negtone_share lag_mr_personal_share lag_mr
> _mgr_share ln_recent_volumn sim_mean recent_sd recent_rating ln_lag_volumn_acc lag_avg_rating_acc lag_sd_acc lag_avg_rating_month ln_avg_com_RevPAR ln_lag_RevPAR_clean_w199 if !missing(sent_net_pos_bing), absorb(hotel_id_num ym) vce(cluster hotel_id_num
> )
(dropped 2 singleton observations)
(MWFE estimator converged in 7 iterations)

HDFE Linear regression                            Number of obs   =     33,360
Absorbing 2 HDFE groups                           F(  23,    555) =     131.07
Statistics robust to heteroskedasticity           Prob > F        =     0.0000
                                                  R-squared       =     0.2986
                                                  Adj R-squared   =     0.2834
                                                  Within R-sq.    =     0.1114
Number of clusters (hotel_id_num) =        556    Root MSE        =     0.4351

                                     (Std. err. adjusted for 556 clusters in hotel_id_num)
------------------------------------------------------------------------------------------
                         |               Robust
       sent_net_pos_bing | Coefficient  std. err.      t    P>|t|     [95% conf. interval]
-------------------------+----------------------------------------------------------------
              lag_mr_any |   .0431857   .0621479     0.69   0.487     -.078888    .1652595
             lag_mr_rate |   .0002952   .0024122     0.12   0.903     -.004443    .0050335
            lag_mr_count |  -.0005891   .0003321    -1.77   0.077    -.0012415    .0000633
         ln_lag_mr_words |  -.0025982   .0044598    -0.58   0.560    -.0113584    .0061619
    lag_mr_avg_resp_days |  -.0000157   .0000437    -0.36   0.720    -.0001016    .0000702
     lag_mr_thanks_share |  -.0194422   .0183515    -1.06   0.290    -.0554891    .0166047
    lag_mr_apology_share |  -.0063664   .0131959    -0.48   0.630    -.0322865    .0195537
     lag_mr_invite_share |  -.0369691   .0124163    -2.98   0.003    -.0613579   -.0125803
   lag_mr_recovery_share |   .0007969   .0185476     0.04   0.966    -.0356353     .037229
   lag_mr_positive_share |  -.0205645   .0113044    -1.82   0.069    -.0427691    .0016402
    lag_mr_negtone_share |   .0241167   .0182605     1.32   0.187    -.0117513    .0599848
   lag_mr_personal_share |   .0219822   .0563038     0.39   0.696    -.0886123    .1325767
        lag_mr_mgr_share |    -.00022    .015292    -0.01   0.989    -.0302574    .0298174
        ln_recent_volumn |  -.0147769   .0112901    -1.31   0.191    -.0369535    .0073997
                sim_mean |   .4828392   .0640681     7.54   0.000     .3569937    .6086847
               recent_sd |  -.0286231   .0120476    -2.38   0.018    -.0522876   -.0049585
           recent_rating |   .3757697    .010811    34.76   0.000     .3545342    .3970053
       ln_lag_volumn_acc |  -.0035249   .0069048    -0.51   0.610    -.0170877    .0100379
      lag_avg_rating_acc |  -.2158858   .0395542    -5.46   0.000    -.2935801   -.1381915
              lag_sd_acc |   .0214824   .0456446     0.47   0.638    -.0681749    .1111398
    lag_avg_rating_month |  -.0473315   .0048729    -9.71   0.000    -.0569031     -.03776
       ln_avg_com_RevPAR |  -.0006573   .0065342    -0.10   0.920    -.0134921    .0121775
ln_lag_RevPAR_clean_w199 |   .0039415   .0101764     0.39   0.699    -.0160474    .0239304
                   _cons |   .1323808   .1959516     0.68   0.500    -.2525167    .5172783
------------------------------------------------------------------------------------------

Absorbed degrees of freedom:
------------------------------------------------------+
  Absorbed FE | Categories  - Redundant  = Num. Coefs |
--------------+---------------------------------------|
 hotel_id_num |       556         556           0    *|
           ym |       135           1         134     |
------------------------------------------------------+
* = FE nested within cluster; treated as redundant for DoF computation

. estimates store G_sentiment

. 
. * Grouped G11 slopes.
. capture drop g11_invite_group

. gen byte g11_invite_group = lag_mr_invite_share > 0 if !missing(lag_mr_invite_share)

. reghdfe ln_RevPAR_clean_w199 sim_mean lag_mr_any ln_recent_volumn recent_rating recent_sd ln_lag_volumn_acc lag_avg_rating_acc lag_sd_acc ln_avg_com_RevPAR ln_lag_RevPAR_clean_w199 if g11_invite_group == 0 & !missing(sim_mean), absorb(hotel_id_num ym) v
> ce(cluster hotel_id_num)
(MWFE estimator converged in 8 iterations)

HDFE Linear regression                            Number of obs   =     25,607
Absorbing 2 HDFE groups                           F(  10,    555) =     122.78
Statistics robust to heteroskedasticity           Prob > F        =     0.0000
                                                  R-squared       =     0.8732
                                                  Adj R-squared   =     0.8696
                                                  Within R-sq.    =     0.2963
Number of clusters (hotel_id_num) =        556    Root MSE        =     0.2333

                                     (Std. err. adjusted for 556 clusters in hotel_id_num)
------------------------------------------------------------------------------------------
                         |               Robust
    ln_RevPAR_clean_w199 | Coefficient  std. err.      t    P>|t|     [95% conf. interval]
-------------------------+----------------------------------------------------------------
                sim_mean |  -.0813178   .0259161    -3.14   0.002    -.1322234   -.0304121
              lag_mr_any |   .0059458   .0045873     1.30   0.195    -.0030647    .0149563
        ln_recent_volumn |   .0895843   .0098337     9.11   0.000     .0702684    .1089001
           recent_rating |   .0212859   .0064339     3.31   0.001     .0086482    .0339236
               recent_sd |   .0036253   .0082017     0.44   0.659    -.0124848    .0197354
       ln_lag_volumn_acc |   .0286841   .0082208     3.49   0.001     .0125364    .0448318
      lag_avg_rating_acc |   -.001013   .0301997    -0.03   0.973    -.0603328    .0583068
              lag_sd_acc |  -.0034609   .0363307    -0.10   0.924    -.0748233    .0679015
       ln_avg_com_RevPAR |   .1168451    .012623     9.26   0.000     .0920504    .1416397
ln_lag_RevPAR_clean_w199 |   .4323775   .0181022    23.89   0.000     .3968204    .4679346
                   _cons |   1.444997   .1626031     8.89   0.000     1.125604     1.76439
------------------------------------------------------------------------------------------

Absorbed degrees of freedom:
------------------------------------------------------+
  Absorbed FE | Categories  - Redundant  = Num. Coefs |
--------------+---------------------------------------|
 hotel_id_num |       556         556           0    *|
           ym |       135           1         134     |
------------------------------------------------------+
* = FE nested within cluster; treated as redundant for DoF computation

. estimates store G11_noinvite

. reghdfe ln_RevPAR_clean_w199 sim_mean lag_mr_any ln_recent_volumn recent_rating recent_sd ln_lag_volumn_acc lag_avg_rating_acc lag_sd_acc ln_avg_com_RevPAR ln_lag_RevPAR_clean_w199 if g11_invite_group == 1 & !missing(sim_mean), absorb(hotel_id_num ym) v
> ce(cluster hotel_id_num)
(dropped 50 singleton observations)
(MWFE estimator converged in 9 iterations)
note: lag_mr_any is probably collinear with the fixed effects (all partialled-out values are close to zero; tol = 1.0e-09)

HDFE Linear regression                            Number of obs   =      7,662
Absorbing 2 HDFE groups                           F(   9,    421) =      41.16
Statistics robust to heteroskedasticity           Prob > F        =     0.0000
                                                  R-squared       =     0.8968
                                                  Adj R-squared   =     0.8888
                                                  Within R-sq.    =     0.2928
Number of clusters (hotel_id_num) =        422    Root MSE        =     0.2035

                                     (Std. err. adjusted for 422 clusters in hotel_id_num)
------------------------------------------------------------------------------------------
                         |               Robust
    ln_RevPAR_clean_w199 | Coefficient  std. err.      t    P>|t|     [95% conf. interval]
-------------------------+----------------------------------------------------------------
                sim_mean |  -.0163386   .0774623    -0.21   0.833    -.1685997    .1359225
              lag_mr_any |          0  (omitted)
        ln_recent_volumn |   .0477121   .0117827     4.05   0.000     .0245517    .0708724
           recent_rating |   .0139379   .0122035     1.14   0.254    -.0100495    .0379253
               recent_sd |   .0051438   .0152337     0.34   0.736    -.0247999    .0350875
       ln_lag_volumn_acc |   .0219333   .0117427     1.87   0.062    -.0011483    .0450148
      lag_avg_rating_acc |   .0572469   .0517947     1.11   0.270    -.0445616    .1590553
              lag_sd_acc |  -.0592742   .0698122    -0.85   0.396     -.196498    .0779497
       ln_avg_com_RevPAR |   .1451461   .0200692     7.23   0.000     .1056979    .1845944
ln_lag_RevPAR_clean_w199 |   .4299242   .0327744    13.12   0.000     .3655023     .494346
                   _cons |   1.411829   .2753491     5.13   0.000     .8705985    1.953059
------------------------------------------------------------------------------------------

Absorbed degrees of freedom:
------------------------------------------------------+
  Absorbed FE | Categories  - Redundant  = Num. Coefs |
--------------+---------------------------------------|
 hotel_id_num |       422         422           0    *|
           ym |       124           1         123     |
------------------------------------------------------+
* = FE nested within cluster; treated as redundant for DoF computation

. estimates store G11_invitegroup

. 
. estimates table G1_any G2_rate7 G3_count G4_words G5_avgwords G6_quick7 G7_quick30 G8_speed G9_thanks G10_apology G11_invite G12_recovery G13_positive G14_problem G15_personal G16_manager G_volume G_poolmechanism G_sentiment G11_noinvite G11_invitegroup
> , b(%9.4f) se stats(N r2_a)

--------------------------------------------------------------------------------------------------------------------------------------------------------------------------------------------------------------------------------------------------------------
    Variable |  G1_any     G2_rate7    G3_count    G4_words    G5_avgw~s   G6_quick7   G7_qui~30   G8_speed    G9_thanks   G10_apo~y   G11_inv~e   G12_rec~y   G13_pos~e   G14_pro~m   G15_per~l   G16_man~r   G_volume    G_poolm~m   G_senti~t   G11_noi~e  
-------------+------------------------------------------------------------------------------------------------------------------------------------------------------------------------------------------------------------------------------------------------
    sim_mean |   -0.0803     -0.0743     -0.0709     -0.0752     -0.0806     -0.0743     -0.0737     -0.0796     -0.0798     -0.0708     -0.0941     -0.0740     -0.0683     -0.0742     -0.0809     -0.0788                              0.4828     -0.0813  
             |    0.0311      0.0302      0.0253      0.0303      0.0310      0.0302      0.0307      0.0253      0.0301      0.0262      0.0255      0.0255      0.0287      0.0261      0.0309      0.0307                              0.0641      0.0259  
             |
  lag_mr_any |
          1  |    0.0033                                                                                                                                                                                                                                      
             |    0.0146                                                                                                                                                                                                                                      
             |
  lag_mr_any |               -0.0001                  0.0245      0.0035     -0.0001      0.0191      0.0045     -0.0237      0.0049      0.0068      0.0039      0.0037      0.0061      0.0001     -0.0071     -0.1869      0.0150      0.0432      0.0059  
             |                0.0061                  0.0127      0.0228      0.0061      0.0118      0.0046      0.0114      0.0049      0.0045      0.0047      0.0057      0.0048      0.0262      0.0110      0.0395      0.0101      0.0621      0.0046  
             |
  lag_mr_any#|
  c.sim_mean |
          1  |    0.0049                                                                                                                                                                                                                                      
             |    0.0483                                                                                                                                                                                                                                      
             |
ln_recent_~n |    0.0777      0.0776      0.0812      0.0802      0.0777      0.0776      0.0781      0.0778      0.0778      0.0779      0.0775      0.0779      0.0779      0.0778      0.0777      0.0774                  0.0259     -0.0148      0.0896  
             |    0.0087      0.0087      0.0086      0.0085      0.0087      0.0087      0.0087      0.0087      0.0087      0.0087      0.0087      0.0087      0.0087      0.0087      0.0087      0.0086                  0.0018      0.0113      0.0098  
recent_rat~g |    0.0206      0.0206      0.0209      0.0206      0.0207      0.0206      0.0207      0.0206      0.0204      0.0206      0.0207      0.0208      0.0206      0.0204      0.0206      0.0205      0.0590      0.0065      0.3758      0.0213  
             |    0.0060      0.0060      0.0060      0.0060      0.0060      0.0060      0.0060      0.0060      0.0060      0.0060      0.0060      0.0060      0.0060      0.0060      0.0060      0.0060      0.0072      0.0014      0.0108      0.0064  
   recent_sd |    0.0023      0.0022      0.0019      0.0021      0.0023      0.0022      0.0021      0.0022      0.0026      0.0024      0.0023      0.0022      0.0022      0.0024      0.0023      0.0022     -0.0362     -0.0370     -0.0286      0.0036  
             |    0.0074      0.0074      0.0074      0.0074      0.0074      0.0074      0.0074      0.0074      0.0074      0.0074      0.0075      0.0074      0.0074      0.0074      0.0074      0.0074      0.0090      0.0018      0.0120      0.0082  
ln_lag_vol~c |    0.0280      0.0279      0.0282      0.0281      0.0280      0.0279      0.0280      0.0280      0.0280      0.0280      0.0280      0.0279      0.0280      0.0279      0.0280      0.0282      0.0761      0.0027     -0.0035      0.0287  
             |    0.0071      0.0071      0.0071      0.0071      0.0071      0.0071      0.0071      0.0071      0.0071      0.0071      0.0071      0.0071      0.0071      0.0071      0.0071      0.0071      0.0116      0.0014      0.0069      0.0082  
lag_avg_ra~c |    0.0041      0.0043      0.0036      0.0038      0.0041      0.0043      0.0041      0.0041      0.0038      0.0041      0.0042      0.0041      0.0040      0.0042      0.0041      0.0041      0.0590     -0.0189     -0.2159     -0.0010  
             |    0.0278      0.0277      0.0278      0.0278      0.0278      0.0277      0.0278      0.0278      0.0277      0.0278      0.0277      0.0278      0.0278      0.0278      0.0278      0.0277      0.0332      0.0050      0.0396      0.0302  
  lag_sd_acc |   -0.0136     -0.0135     -0.0137     -0.0140     -0.0136     -0.0135     -0.0135     -0.0136     -0.0136     -0.0137     -0.0140     -0.0135     -0.0135     -0.0135     -0.0136     -0.0134      0.0542      0.0117      0.0215     -0.0035  
             |    0.0344      0.0344      0.0344      0.0344      0.0344      0.0344      0.0344      0.0344      0.0344      0.0344      0.0344      0.0344      0.0344      0.0344      0.0344      0.0343      0.0446      0.0063      0.0456      0.0363  
ln_avg_com~R |    0.1202      0.1202      0.1202      0.1203      0.1202      0.1202      0.1202      0.1202      0.1202      0.1202      0.1202      0.1203      0.1202      0.1202      0.1202      0.1203      0.0141      0.0004     -0.0007      0.1168  
             |    0.0120      0.0120      0.0120      0.0120      0.0120      0.0120      0.0120      0.0120      0.0120      0.0120      0.0120      0.0120      0.0120      0.0120      0.0120      0.0120      0.0069      0.0011      0.0065      0.0126  
ln_la~n_w199 |    0.4396      0.4395      0.4398      0.4399      0.4396      0.4395      0.4396      0.4396      0.4394      0.4395      0.4397      0.4395      0.4395      0.4396      0.4396      0.4395      0.0511     -0.0028      0.0039      0.4324  
             |    0.0177      0.0177      0.0177      0.0177      0.0177      0.0177      0.0177      0.0178      0.0177      0.0178      0.0177      0.0178      0.0177      0.0178      0.0177      0.0177      0.0072      0.0014      0.0102      0.0181  
lag_~7_share |                0.0111                                          0.0111                                                                                                                                                                          
             |                0.0170                                          0.0170                                                                                                                                                                          
             |
  c.sim_mean#|
          c. |
lag_~7_share |               -0.0148                                         -0.0148                                                                                                                                                                          
             |                0.0544                                          0.0544                                                                                                                                                                          
             |
lag_mr_count |                            0.0017                                                                                                                                                                  0.0077     -0.0001     -0.0006              
             |                            0.0017                                                                                                                                                                  0.0014      0.0001      0.0003              
             |
  c.sim_mean#|
          c. |
lag_mr_count |                           -0.0066                                                                                                                                                                                                              
             |                            0.0051                                                                                                                                                                                                              
             |
ln_l~r_words |                                       -0.0031                                                                                                                                                      0.0332     -0.0007     -0.0026              
             |                                        0.0038                                                                                                                                                      0.0062      0.0007      0.0045              
             |
  c.sim_mean#|
          c. |
ln_l~r_words |                                       -0.0022                                                                                                                                                                                                  
             |                                        0.0095                                                                                                                                                                                                  
             |
ln_l~g_words |                                                   -0.0001                                                                                                                                                                                      
             |                                                    0.0058                                                                                                                                                                                      
             |
  c.sim_mean#|
          c. |
ln_l~g_words |                                                    0.0014                                                                                                                                                                                      
             |                                                    0.0115                                                                                                                                                                                      
             |
lag_~0_share |                                                                           -0.0108                                                                                                                                                              
             |                                                                            0.0179                                                                                                                                                              
             |
  c.sim_mean#|
          c. |
lag_~0_share |                                                                           -0.0156                                                                                                                                                              
             |                                                                            0.0484                                                                                                                                                              
             |
lag_mr_av~ys |                                                                                       -0.0000                                                                                                     -0.0002      0.0000     -0.0000              
             |                                                                                        0.0001                                                                                                      0.0001      0.0000      0.0000              
             |
  c.sim_mean#|
          c. |
lag_mr_av~ys |                                                                                        0.0001                                                                                                                                                  
             |                                                                                        0.0003                                                                                                                                                  
             |
lag_mr_tha~e |                                                                                                    0.0306                                                                                         -0.0188     -0.0011     -0.0194              
             |                                                                                                    0.0180                                                                                          0.0102      0.0024      0.0184              
             |
  c.sim_mean#|
          c. |
lag_mr_tha~e |                                                                                                    0.0031                                                                                                                                      
             |                                                                                                    0.0495                                                                                                                                      
             |
lag_mr_apo~e |                                                                                                                0.0335                                                                              0.0059     -0.0031     -0.0064              
             |                                                                                                                0.0276                                                                              0.0099      0.0017      0.0132              
             |
  c.sim_mean#|
          c. |
lag_mr_apo~e |                                                                                                               -0.1215                                                                                                                          
             |                                                                                                                0.0946                                                                                                                          
             |
lag_mr_inv~e |                                                                                                                           -0.0888                                                                 -0.0047      0.0017     -0.0370              
             |                                                                                                                            0.0372                                                                  0.0089      0.0019      0.0124              
             |
  c.sim_mean#|
          c. |
lag_mr_inv~e |                                                                                                                            0.2589                                                                                                              
             |                                                                                                                            0.1232                                                                                                              
             |
lag_mr_rec~e |                                                                                                                                        0.0560                                                      0.0036     -0.0046      0.0008              
             |                                                                                                                                        0.0399                                                      0.0090      0.0029      0.0185              
             |
  c.sim_mean#|
          c. |
lag_mr_rec~e |                                                                                                                                       -0.1647                                                                                                  
             |                                                                                                                                        0.1414                                                                                                  
             |
lag_mr_pos~e |                                                                                                                                                    0.0173                                         -0.0126     -0.0011     -0.0206              
             |                                                                                                                                                    0.0188                                          0.0072      0.0016      0.0113              
             |
  c.sim_mean#|
          c. |
lag_mr_pos~e |                                                                                                                                                   -0.0518                                                                                      
             |                                                                                                                                                    0.0618                                                                                      
             |
lag~ne_share |                                                                                                                                                                0.0269                              0.0026     -0.0073      0.0241              
             |                                                                                                                                                                0.0300                              0.0090      0.0023      0.0183              
             |
  c.sim_mean#|
          c. |
lag~ne_share |                                                                                                                                                               -0.1349                                                                          
             |                                                                                                                                                                0.1038                                                                          
             |
lag_mr_per~e |                                                                                                                                                                            0.0028                  0.0366     -0.0041      0.0220              
             |                                                                                                                                                                            0.0290                  0.0281      0.0096      0.0563              
             |
  c.sim_mean#|
          c. |
lag_mr_per~e |                                                                                                                                                                            0.0064                                                              
             |                                                                                                                                                                            0.0485                                                              
             |
lag_mr_mgr~e |                                                                                                                                                                                        0.0124      0.0352     -0.0046     -0.0002              
             |                                                                                                                                                                                        0.0184      0.0150      0.0026      0.0153              
             |
  c.sim_mean#|
          c. |
lag_mr_mgr~e |                                                                                                                                                                                        0.0020                                                  
             |                                                                                                                                                                                        0.0512                                                  
             |
 lag_mr_rate |                                                                                                                                                                                                   -0.0238     -0.0002      0.0003              
             |                                                                                                                                                                                                    0.0063      0.0003      0.0024              
lag_avg_ra~h |                                                                                                                                                                                                   -0.0014      0.0067     -0.0473              
             |                                                                                                                                                                                                    0.0012      0.0006      0.0049              
       _cons |    1.4493      1.4478      1.4399      1.4415      1.4493      1.4478      1.4468      1.4492      1.4512      1.4464      1.4535      1.4471      1.4464      1.4480      1.4495      1.4492      1.5110      0.2722      0.1324      1.4450  
             |    0.1502      0.1500      0.1502      0.1503      0.1501      0.1500      0.1502      0.1500      0.1497      0.1501      0.1499      0.1500      0.1503      0.1500      0.1501      0.1499      0.1613      0.0237      0.1960      0.1626  
-------------+------------------------------------------------------------------------------------------------------------------------------------------------------------------------------------------------------------------------------------------------
           N |     33317       33317       33317       33317       33317       33317       33317       33317       33317       33317       33317       33317       33317       33317       33317       33317       33514       33360       33360       25607  
        r2_a |    0.8750      0.8751      0.8751      0.8751      0.8750      0.8751      0.8751      0.8750      0.8751      0.8751      0.8751      0.8751      0.8750      0.8751      0.8750      0.8751      0.6979      0.2364      0.2834      0.8696  
--------------------------------------------------------------------------------------------------------------------------------------------------------------------------------------------------------------------------------------------------------------
                                                                                                                                                                                                                                                  Legend: b/se


--------------------------
    Variable | G11_inv~p  
-------------+------------
    sim_mean |   -0.0163  
             |    0.0775  
             |
  lag_mr_any |
          1  |            
             |            
             |
  lag_mr_any | (omitted)  
             |            
             |
  lag_mr_any#|
  c.sim_mean |
          1  |            
             |            
             |
ln_recent_~n |    0.0477  
             |    0.0118  
recent_rat~g |    0.0139  
             |    0.0122  
   recent_sd |    0.0051  
             |    0.0152  
ln_lag_vol~c |    0.0219  
             |    0.0117  
lag_avg_ra~c |    0.0572  
             |    0.0518  
  lag_sd_acc |   -0.0593  
             |    0.0698  
ln_avg_com~R |    0.1451  
             |    0.0201  
ln_la~n_w199 |    0.4299  
             |    0.0328  
lag_~7_share |            
             |            
             |
  c.sim_mean#|
          c. |
lag_~7_share |            
             |            
             |
lag_mr_count |            
             |            
             |
  c.sim_mean#|
          c. |
lag_mr_count |            
             |            
             |
ln_l~r_words |            
             |            
             |
  c.sim_mean#|
          c. |
ln_l~r_words |            
             |            
             |
ln_l~g_words |            
             |            
             |
  c.sim_mean#|
          c. |
ln_l~g_words |            
             |            
             |
lag_~0_share |            
             |            
             |
  c.sim_mean#|
          c. |
lag_~0_share |            
             |            
             |
lag_mr_av~ys |            
             |            
             |
  c.sim_mean#|
          c. |
lag_mr_av~ys |            
             |            
             |
lag_mr_tha~e |            
             |            
             |
  c.sim_mean#|
          c. |
lag_mr_tha~e |            
             |            
             |
lag_mr_apo~e |            
             |            
             |
  c.sim_mean#|
          c. |
lag_mr_apo~e |            
             |            
             |
lag_mr_inv~e |            
             |            
             |
  c.sim_mean#|
          c. |
lag_mr_inv~e |            
             |            
             |
lag_mr_rec~e |            
             |            
             |
  c.sim_mean#|
          c. |
lag_mr_rec~e |            
             |            
             |
lag_mr_pos~e |            
             |            
             |
  c.sim_mean#|
          c. |
lag_mr_pos~e |            
             |            
             |
lag~ne_share |            
             |            
             |
  c.sim_mean#|
          c. |
lag~ne_share |            
             |            
             |
lag_mr_per~e |            
             |            
             |
  c.sim_mean#|
          c. |
lag_mr_per~e |            
             |            
             |
lag_mr_mgr~e |            
             |            
             |
  c.sim_mean#|
          c. |
lag_mr_mgr~e |            
             |            
             |
 lag_mr_rate |            
             |            
lag_avg_ra~h |            
             |            
       _cons |    1.4118  
             |    0.2753  
-------------+------------
           N |      7662  
        r2_a |    0.8888  
--------------------------
              Legend: b/se

. log close
      name:  <unnamed>
       log:  /Users/samxie/Research/ReviewSimi_Sales/Code/stata-log/run_event_month_pool_gt100_engagement_style_260711.log
  log type:  text
 closed on:  12 Jul 2026, 19:31:45
---------------------------------------------------------------------------------------------------------------------------------------------------------------------------------------------------------------------------------------------------------------

. 
end of do-file

. do "`project'/scripts/stata/run_event_month_pool_gt100_learning_effect_260711.do"

. *******************************************************
. * Route B learning effect, same variable interface as
. * run_routeB_learning_effect_260606.do.
. *******************************************************
. version 17.0

. clear all

. set more off

. set linesize 255

. capture log close

. local p "/Users/samxie/Research/ReviewSimi_Sales/Code"

. use "`p'/outputs/core_simi_260501/data/event_month_pool_allreviews_gt100_panel_260711.dta", clear

. log using "`p'/stata-log/run_event_month_pool_gt100_learning_effect_260711.log", text replace
---------------------------------------------------------------------------------------------------------------------------------------------------------------------------------------------------------------------------------------------------------------
      name:  <unnamed>
       log:  /Users/samxie/Research/ReviewSimi_Sales/Code/stata-log/run_event_month_pool_gt100_learning_effect_260711.log
  log type:  text
 opened on:  12 Jul 2026, 19:31:45

. 
. capture drop sent_neu_share_bing lead1_sent_pos_share_bing lead1_sent_neu_share_bing lead1_sent_neg_share_bing lead1_sent_avg_text_words lead1_sent_any_text d_topic_similarity d_sent_avg_text_words med_sim_mean_zipym learn_hi_ars

. gen double sent_neu_share_bing = 1 - sent_pos_share_bing - sent_neg_share_bing if sent_any_text == 1
(5,895 missing values generated)

. gen double lead1_sent_pos_share_bing = F1.sent_pos_share_bing
(5,956 missing values generated)

. gen double lead1_sent_neu_share_bing = F1.sent_neu_share_bing
(10,533 missing values generated)

. gen double lead1_sent_neg_share_bing = F1.sent_neg_share_bing
(5,956 missing values generated)

. gen double lead1_sent_avg_text_words = F1.sent_avg_text_words
(5,956 missing values generated)

. gen double lead1_sent_any_text = F1.sent_any_text
(5,956 missing values generated)

. gen double d_topic_similarity = F1.sim_mean - sim_mean if !missing(F1.sim_mean, sim_mean)
(6,066 missing values generated)

. gen double d_sent_avg_text_words = lead1_sent_avg_text_words - sent_avg_text_words if !missing(lead1_sent_avg_text_words, sent_avg_text_words)
(5,956 missing values generated)

. bysort Zip ym: egen double med_sim_mean_zipym = median(sim_mean)
(40 missing values generated)

. gen byte learn_hi_ars = sim_mean > med_sim_mean_zipym if !missing(sim_mean, med_sim_mean_zipym)
(190 missing values generated)

. replace learn_hi_ars = 0 if !missing(sim_mean, med_sim_mean_zipym) & learn_hi_ars == 0
(0 real changes made)

. estimates clear

. 
. reghdfe d_topic_similarity sim_mean ln_recent_volumn recent_sd recent_rating ln_lag_volumn_acc lag_avg_rating_acc lag_sd_acc if !missing(d_topic_similarity), absorb(hotel_id_num ym) vce(cluster hotel_id_num)
(dropped 11 singleton observations)
(MWFE estimator converged in 7 iterations)

HDFE Linear regression                            Number of obs   =     28,195
Absorbing 2 HDFE groups                           F(   7,    546) =     646.73
Statistics robust to heteroskedasticity           Prob > F        =     0.0000
                                                  R-squared       =     0.3457
                                                  Adj R-squared   =     0.3294
                                                  Within R-sq.    =     0.3336
Number of clusters (hotel_id_num) =        547    Root MSE        =     0.0516

                               (Std. err. adjusted for 547 clusters in hotel_id_num)
------------------------------------------------------------------------------------
                   |               Robust
d_topic_similarity | Coefficient  std. err.      t    P>|t|     [95% conf. interval]
-------------------+----------------------------------------------------------------
          sim_mean |  -.6757483   .0102264   -66.08   0.000    -.6958363   -.6556604
  ln_recent_volumn |   .0195443   .0014456    13.52   0.000     .0167047    .0223839
         recent_sd |  -.0104652   .0015079    -6.94   0.000    -.0134273   -.0075032
     recent_rating |   .0055243   .0010326     5.35   0.000     .0034959    .0075526
 ln_lag_volumn_acc |  -.0004075   .0010851    -0.38   0.707    -.0025389    .0017239
lag_avg_rating_acc |  -.0095215   .0039808    -2.39   0.017    -.0173411   -.0017019
        lag_sd_acc |   .0151925   .0046476     3.27   0.001     .0060631    .0243219
             _cons |   .1604758   .0192273     8.35   0.000     .1227073    .1982443
------------------------------------------------------------------------------------

Absorbed degrees of freedom:
------------------------------------------------------+
  Absorbed FE | Categories  - Redundant  = Num. Coefs |
--------------+---------------------------------------|
 hotel_id_num |       547         547           0    *|
           ym |       133           1         132     |
------------------------------------------------------+
* = FE nested within cluster; treated as redundant for DoF computation

. estimates store L1_topic

. reghdfe d_topic_similarity c.sim_mean##i.learn_hi_ars ln_recent_volumn recent_sd recent_rating ln_lag_volumn_acc lag_avg_rating_acc lag_sd_acc if !missing(d_topic_similarity), absorb(hotel_id_num ym) vce(cluster hotel_id_num)
(dropped 11 singleton observations)
(MWFE estimator converged in 7 iterations)

HDFE Linear regression                            Number of obs   =     28,195
Absorbing 2 HDFE groups                           F(   9,    546) =     510.20
Statistics robust to heteroskedasticity           Prob > F        =     0.0000
                                                  R-squared       =     0.3462
                                                  Adj R-squared   =     0.3299
                                                  Within R-sq.    =     0.3341
Number of clusters (hotel_id_num) =        547    Root MSE        =     0.0516

                                    (Std. err. adjusted for 547 clusters in hotel_id_num)
-----------------------------------------------------------------------------------------
                        |               Robust
     d_topic_similarity | Coefficient  std. err.      t    P>|t|     [95% conf. interval]
------------------------+----------------------------------------------------------------
               sim_mean |  -.6967453   .0153631   -45.35   0.000    -.7269234   -.6665671
         1.learn_hi_ars |  -.0012425   .0054228    -0.23   0.819    -.0118946    .0094096
                        |
learn_hi_ars#c.sim_mean |
                     1  |   .0151765   .0182961     0.83   0.407     -.020763    .0511159
                        |
       ln_recent_volumn |   .0194192   .0014469    13.42   0.000      .016577    .0222615
              recent_sd |  -.0102533   .0015031    -6.82   0.000    -.0132059   -.0073007
          recent_rating |   .0054807   .0010293     5.32   0.000     .0034588    .0075026
      ln_lag_volumn_acc |   -.000387   .0010823    -0.36   0.721     -.002513     .001739
     lag_avg_rating_acc |  -.0095308   .0039753    -2.40   0.017    -.0173395    -.001722
             lag_sd_acc |   .0148721   .0046466     3.20   0.001     .0057447    .0239995
                  _cons |   .1653794   .0192769     8.58   0.000     .1275135    .2032453
-----------------------------------------------------------------------------------------

Absorbed degrees of freedom:
------------------------------------------------------+
  Absorbed FE | Categories  - Redundant  = Num. Coefs |
--------------+---------------------------------------|
 hotel_id_num |       547         547           0    *|
           ym |       133           1         132     |
------------------------------------------------------+
* = FE nested within cluster; treated as redundant for DoF computation

. estimates store L1_interaction

. reghdfe d_topic_similarity sim_mean ln_recent_volumn recent_sd recent_rating ln_lag_volumn_acc lag_avg_rating_acc lag_sd_acc if learn_hi_ars == 0 & !missing(d_topic_similarity), absorb(hotel_id_num ym) vce(cluster hotel_id_num)
(dropped 14 singleton observations)
(MWFE estimator converged in 8 iterations)

HDFE Linear regression                            Number of obs   =     13,853
Absorbing 2 HDFE groups                           F(   7,    535) =     216.47
Statistics robust to heteroskedasticity           Prob > F        =     0.0000
                                                  R-squared       =     0.2961
                                                  Adj R-squared   =     0.2601
                                                  Within R-sq.    =     0.2366
Number of clusters (hotel_id_num) =        536    Root MSE        =     0.0523

                               (Std. err. adjusted for 536 clusters in hotel_id_num)
------------------------------------------------------------------------------------
                   |               Robust
d_topic_similarity | Coefficient  std. err.      t    P>|t|     [95% conf. interval]
-------------------+----------------------------------------------------------------
          sim_mean |  -.6750589   .0175275   -38.51   0.000    -.7094901   -.6406278
  ln_recent_volumn |   .0064932     .00229     2.84   0.005     .0019948    .0109917
         recent_sd |  -.0061959   .0022117    -2.80   0.005    -.0105405   -.0018512
     recent_rating |   .0070815   .0014705     4.82   0.000     .0041928    .0099702
 ln_lag_volumn_acc |   .0022208   .0016018     1.39   0.166    -.0009259    .0053674
lag_avg_rating_acc |  -.0142892    .005542    -2.58   0.010    -.0251759   -.0034025
        lag_sd_acc |   .0141994   .0065003     2.18   0.029     .0014303    .0269686
             _cons |   .1854257    .026632     6.96   0.000     .1331096    .2377418
------------------------------------------------------------------------------------

Absorbed degrees of freedom:
------------------------------------------------------+
  Absorbed FE | Categories  - Redundant  = Num. Coefs |
--------------+---------------------------------------|
 hotel_id_num |       536         536           0    *|
           ym |       133           1         132     |
------------------------------------------------------+
* = FE nested within cluster; treated as redundant for DoF computation

. estimates store L1_low

. reghdfe d_topic_similarity sim_mean ln_recent_volumn recent_sd recent_rating ln_lag_volumn_acc lag_avg_rating_acc lag_sd_acc if learn_hi_ars == 1 & !missing(d_topic_similarity), absorb(hotel_id_num ym) vce(cluster hotel_id_num)
(dropped 12 singleton observations)
(MWFE estimator converged in 8 iterations)

HDFE Linear regression                            Number of obs   =     14,327
Absorbing 2 HDFE groups                           F(   7,    535) =     368.39
Statistics robust to heteroskedasticity           Prob > F        =     0.0000
                                                  R-squared       =     0.3649
                                                  Adj R-squared   =     0.3336
                                                  Within R-sq.    =     0.3023
Number of clusters (hotel_id_num) =        536    Root MSE        =     0.0504

                               (Std. err. adjusted for 536 clusters in hotel_id_num)
------------------------------------------------------------------------------------
                   |               Robust
d_topic_similarity | Coefficient  std. err.      t    P>|t|     [95% conf. interval]
-------------------+----------------------------------------------------------------
          sim_mean |  -.6902846   .0142061   -48.59   0.000    -.7181911   -.6623781
  ln_recent_volumn |    .026577   .0020154    13.19   0.000     .0226179    .0305361
         recent_sd |  -.0116787   .0019578    -5.97   0.000    -.0155246   -.0078328
     recent_rating |   .0037886   .0013895     2.73   0.007     .0010591    .0065181
 ln_lag_volumn_acc |  -.0027007   .0013604    -1.99   0.048     -.005373   -.0000284
lag_avg_rating_acc |  -.0050841   .0060564    -0.84   0.402    -.0169814    .0068131
        lag_sd_acc |   .0173711   .0069152     2.51   0.012     .0037867    .0309554
             _cons |   .1512348   .0284375     5.32   0.000      .095372    .2070977
------------------------------------------------------------------------------------

Absorbed degrees of freedom:
------------------------------------------------------+
  Absorbed FE | Categories  - Redundant  = Num. Coefs |
--------------+---------------------------------------|
 hotel_id_num |       536         536           0    *|
           ym |       133           1         132     |
------------------------------------------------------+
* = FE nested within cluster; treated as redundant for DoF computation

. estimates store L1_high

. reghdfe d_sent_avg_text_words sim_mean ln_recent_volumn recent_sd recent_rating ln_lag_volumn_acc lag_avg_rating_acc lag_sd_acc if !missing(d_sent_avg_text_words), absorb(hotel_id_num ym) vce(cluster hotel_id_num)
(dropped 11 singleton observations)
(MWFE estimator converged in 7 iterations)

HDFE Linear regression                            Number of obs   =     28,195
Absorbing 2 HDFE groups                           F(   7,    546) =     106.95
Statistics robust to heteroskedasticity           Prob > F        =     0.0000
                                                  R-squared       =     0.0477
                                                  Adj R-squared   =     0.0240
                                                  Within R-sq.    =     0.0321
Number of clusters (hotel_id_num) =        547    Root MSE        =    76.9293

                               (Std. err. adjusted for 547 clusters in hotel_id_num)
------------------------------------------------------------------------------------
                   |               Robust
d_sent_avg_text_~s | Coefficient  std. err.      t    P>|t|     [95% conf. interval]
-------------------+----------------------------------------------------------------
          sim_mean |   238.6286    10.4616    22.81   0.000     218.0787    259.1785
  ln_recent_volumn |   -6.45947   1.470773    -4.39   0.000    -9.348536   -3.570404
         recent_sd |   3.439937    1.56871     2.19   0.029     .3584914    6.521382
     recent_rating |   8.643514   1.099138     7.86   0.000     6.484458    10.80257
 ln_lag_volumn_acc |   1.821861    .833419     2.19   0.029     .1847607    3.458961
lag_avg_rating_acc |   -12.5273   3.558306    -3.52   0.000    -19.51695   -5.537658
        lag_sd_acc |  -6.914674   4.618958    -1.50   0.135    -15.98778    2.158429
             _cons |  -43.93825   16.95574    -2.59   0.010    -77.24471   -10.63178
------------------------------------------------------------------------------------

Absorbed degrees of freedom:
------------------------------------------------------+
  Absorbed FE | Categories  - Redundant  = Num. Coefs |
--------------+---------------------------------------|
 hotel_id_num |       547         547           0    *|
           ym |       133           1         132     |
------------------------------------------------------+
* = FE nested within cluster; treated as redundant for DoF computation

. estimates store L2_length

. reghdfe d_sent_avg_text_words c.sim_mean##i.learn_hi_ars ln_recent_volumn recent_sd recent_rating ln_lag_volumn_acc lag_avg_rating_acc lag_sd_acc if !missing(d_sent_avg_text_words), absorb(hotel_id_num ym) vce(cluster hotel_id_num)
(dropped 11 singleton observations)
(MWFE estimator converged in 7 iterations)

HDFE Linear regression                            Number of obs   =     28,195
Absorbing 2 HDFE groups                           F(   9,    546) =      88.66
Statistics robust to heteroskedasticity           Prob > F        =     0.0000
                                                  R-squared       =     0.0481
                                                  Adj R-squared   =     0.0244
                                                  Within R-sq.    =     0.0325
Number of clusters (hotel_id_num) =        547    Root MSE        =    76.9138

                                    (Std. err. adjusted for 547 clusters in hotel_id_num)
-----------------------------------------------------------------------------------------
                        |               Robust
  d_sent_avg_text_words | Coefficient  std. err.      t    P>|t|     [95% conf. interval]
------------------------+----------------------------------------------------------------
               sim_mean |   258.7747   17.38374    14.89   0.000     224.6275    292.9218
         1.learn_hi_ars |   18.33168   6.591188     2.78   0.006     5.384486    31.27887
                        |
learn_hi_ars#c.sim_mean |
                     1  |   -54.1588   21.60489    -2.51   0.012    -96.59769   -11.71992
                        |
       ln_recent_volumn |   -7.09021   1.474816    -4.81   0.000    -9.987217   -4.193202
              recent_sd |   3.403211    1.56253     2.18   0.030     .3339049    6.472517
          recent_rating |   8.571846   1.102899     7.77   0.000     6.405401    10.73829
      ln_lag_volumn_acc |   1.788733   .8365176     2.14   0.033     .1455465     3.43192
     lag_avg_rating_acc |  -12.45708    3.54893    -3.51   0.000    -19.42831   -5.485849
             lag_sd_acc |  -7.010978   4.597679    -1.52   0.128    -16.04228    2.020327
                  _cons |  -48.14735   17.15739    -2.81   0.005    -81.84992   -14.44478
-----------------------------------------------------------------------------------------

Absorbed degrees of freedom:
------------------------------------------------------+
  Absorbed FE | Categories  - Redundant  = Num. Coefs |
--------------+---------------------------------------|
 hotel_id_num |       547         547           0    *|
           ym |       133           1         132     |
------------------------------------------------------+
* = FE nested within cluster; treated as redundant for DoF computation

. estimates store L2_interaction

. reghdfe d_sent_avg_text_words sim_mean ln_recent_volumn recent_sd recent_rating ln_lag_volumn_acc lag_avg_rating_acc lag_sd_acc if learn_hi_ars == 0 & !missing(d_sent_avg_text_words), absorb(hotel_id_num ym) vce(cluster hotel_id_num)
(dropped 14 singleton observations)
(MWFE estimator converged in 8 iterations)

HDFE Linear regression                            Number of obs   =     13,853
Absorbing 2 HDFE groups                           F(   7,    535) =      38.96
Statistics robust to heteroskedasticity           Prob > F        =     0.0000
                                                  R-squared       =     0.0613
                                                  Adj R-squared   =     0.0133
                                                  Within R-sq.    =     0.0209
Number of clusters (hotel_id_num) =        536    Root MSE        =    84.7459

                               (Std. err. adjusted for 536 clusters in hotel_id_num)
------------------------------------------------------------------------------------
                   |               Robust
d_sent_avg_text_~s | Coefficient  std. err.      t    P>|t|     [95% conf. interval]
-------------------+----------------------------------------------------------------
          sim_mean |   254.4677   19.97807    12.74   0.000     215.2227    293.7128
  ln_recent_volumn |  -5.080541   2.807132    -1.81   0.071    -10.59489    .4338119
         recent_sd |   1.631974   2.890989     0.56   0.573    -4.047109    7.311057
     recent_rating |   10.98591   1.915643     5.73   0.000     7.222803    14.74901
 ln_lag_volumn_acc |   2.348898   1.490444     1.58   0.116    -.5789417    5.276738
lag_avg_rating_acc |  -21.99274   6.573721    -3.35   0.001     -34.9062   -9.079266
        lag_sd_acc |  -13.65413   9.275273    -1.47   0.142    -31.87455    4.566288
             _cons |  -16.56102   32.32929    -0.51   0.609    -80.06894     46.9469
------------------------------------------------------------------------------------

Absorbed degrees of freedom:
------------------------------------------------------+
  Absorbed FE | Categories  - Redundant  = Num. Coefs |
--------------+---------------------------------------|
 hotel_id_num |       536         536           0    *|
           ym |       133           1         132     |
------------------------------------------------------+
* = FE nested within cluster; treated as redundant for DoF computation

. estimates store L2_low

. reghdfe d_sent_avg_text_words sim_mean ln_recent_volumn recent_sd recent_rating ln_lag_volumn_acc lag_avg_rating_acc lag_sd_acc if learn_hi_ars == 1 & !missing(d_sent_avg_text_words), absorb(hotel_id_num ym) vce(cluster hotel_id_num)
(dropped 12 singleton observations)
(MWFE estimator converged in 8 iterations)

HDFE Linear regression                            Number of obs   =     14,327
Absorbing 2 HDFE groups                           F(   7,    535) =      35.83
Statistics robust to heteroskedasticity           Prob > F        =     0.0000
                                                  R-squared       =     0.0716
                                                  Adj R-squared   =     0.0257
                                                  Within R-sq.    =     0.0253
Number of clusters (hotel_id_num) =        536    Root MSE        =    68.2397

                               (Std. err. adjusted for 536 clusters in hotel_id_num)
------------------------------------------------------------------------------------
                   |               Robust
d_sent_avg_text_~s | Coefficient  std. err.      t    P>|t|     [95% conf. interval]
-------------------+----------------------------------------------------------------
          sim_mean |   219.3701   15.65045    14.02   0.000     188.6262    250.1139
  ln_recent_volumn |  -7.288638   2.128428    -3.42   0.001    -11.46974   -3.107536
         recent_sd |   4.023764   2.545082     1.58   0.114    -.9758167    9.023344
     recent_rating |    5.93663   1.880419     3.16   0.002     2.242719    9.630541
 ln_lag_volumn_acc |   .6070156   1.388898     0.44   0.662    -2.121348    3.335379
lag_avg_rating_acc |   1.619178   6.725382     0.24   0.810    -11.59222    14.83057
        lag_sd_acc |   4.953979   7.640432     0.65   0.517    -10.05495    19.96291
             _cons |  -87.80461    34.2541    -2.56   0.011    -155.0936   -20.51558
------------------------------------------------------------------------------------

Absorbed degrees of freedom:
------------------------------------------------------+
  Absorbed FE | Categories  - Redundant  = Num. Coefs |
--------------+---------------------------------------|
 hotel_id_num |       536         536           0    *|
           ym |       133           1         132     |
------------------------------------------------------+
* = FE nested within cluster; treated as redundant for DoF computation

. estimates store L2_high

. estimates table L1_topic L1_interaction L1_low L1_high L2_length L2_interaction L2_low L2_high, b(%9.4f) se stats(N r2_a)

--------------------------------------------------------------------------------------------------------------
    Variable | L1_topic    L1_inte~n    L1_low      L1_high    L2_length   L2_inte~n    L2_low      L2_high   
-------------+------------------------------------------------------------------------------------------------
    sim_mean |   -0.6757     -0.6967     -0.6751     -0.6903    238.6286    258.7747    254.4677    219.3701  
             |    0.0102      0.0154      0.0175      0.0142     10.4616     17.3837     19.9781     15.6504  
ln_recent_~n |    0.0195      0.0194      0.0065      0.0266     -6.4595     -7.0902     -5.0805     -7.2886  
             |    0.0014      0.0014      0.0023      0.0020      1.4708      1.4748      2.8071      2.1284  
   recent_sd |   -0.0105     -0.0103     -0.0062     -0.0117      3.4399      3.4032      1.6320      4.0238  
             |    0.0015      0.0015      0.0022      0.0020      1.5687      1.5625      2.8910      2.5451  
recent_rat~g |    0.0055      0.0055      0.0071      0.0038      8.6435      8.5718     10.9859      5.9366  
             |    0.0010      0.0010      0.0015      0.0014      1.0991      1.1029      1.9156      1.8804  
ln_lag_vol~c |   -0.0004     -0.0004      0.0022     -0.0027      1.8219      1.7887      2.3489      0.6070  
             |    0.0011      0.0011      0.0016      0.0014      0.8334      0.8365      1.4904      1.3889  
lag_avg_ra~c |   -0.0095     -0.0095     -0.0143     -0.0051    -12.5273    -12.4571    -21.9927      1.6192  
             |    0.0040      0.0040      0.0055      0.0061      3.5583      3.5489      6.5737      6.7254  
  lag_sd_acc |    0.0152      0.0149      0.0142      0.0174     -6.9147     -7.0110    -13.6541      4.9540  
             |    0.0046      0.0046      0.0065      0.0069      4.6190      4.5977      9.2753      7.6404  
             |
learn_hi_ars |
          1  |               -0.0012                                         18.3317                          
             |                0.0054                                          6.5912                          
             |
learn_hi_ars#|
  c.sim_mean |
          1  |                0.0152                                        -54.1588                          
             |                0.0183                                         21.6049                          
             |
       _cons |    0.1605      0.1654      0.1854      0.1512    -43.9382    -48.1474    -16.5610    -87.8046  
             |    0.0192      0.0193      0.0266      0.0284     16.9557     17.1574     32.3293     34.2541  
-------------+------------------------------------------------------------------------------------------------
           N |     28195       28195       13853       14327       28195       28195       13853       14327  
        r2_a |    0.3294      0.3299      0.2601      0.3336      0.0240      0.0244      0.0133      0.0257  
--------------------------------------------------------------------------------------------------------------
                                                                                                  Legend: b/se

. log close
      name:  <unnamed>
       log:  /Users/samxie/Research/ReviewSimi_Sales/Code/stata-log/run_event_month_pool_gt100_learning_effect_260711.log
  log type:  text
 closed on:  12 Jul 2026, 19:31:46
---------------------------------------------------------------------------------------------------------------------------------------------------------------------------------------------------------------------------------------------------------------

. 
end of do-file

. do "`project'/scripts/stata/run_event_month_pool_gt100_mr_targeting_260711.do"

. *******************************************************
. * Route B management-response targeting, pooled-ARS panel.
. * Self-contained; every regression lists controls explicitly.
. *******************************************************
. version 17.0

. clear all

. set more off

. set linesize 255

. capture log close

. local p "/Users/samxie/Research/ReviewSimi_Sales/Code"

. use "`p'/outputs/core_simi_260501/data/event_month_pool_allreviews_gt100_panel_260711.dta", clear

. log using "`p'/stata-log/run_event_month_pool_gt100_mr_targeting_260711.log", text replace
---------------------------------------------------------------------------------------------------------------------------------------------------------------------------------------------------------------------------------------------------------------
      name:  <unnamed>
       log:  /Users/samxie/Research/ReviewSimi_Sales/Code/stata-log/run_event_month_pool_gt100_mr_targeting_260711.log
  log type:  text
 opened on:  12 Jul 2026, 19:31:46

. estimates clear

. 
. * T1-T3: ARS revenue moderation by complaint, service, and room targeting.
. reghdfe ln_RevPAR_clean_w199 c.sim_mean##c.lag_mr_rep_complaint_share lag_mr_any lag_mr_count lag_mr_quick7_share ln_recent_volumn recent_rating recent_sd ln_lag_volumn_acc lag_avg_rating_acc lag_sd_acc ln_avg_com_RevPAR ln_lag_RevPAR_clean_w199 if !mis
> sing(sim_mean, lag_mr_rep_complaint_share), absorb(hotel_id_num ym) vce(cluster hotel_id_num)
(dropped 2 singleton observations)
(MWFE estimator converged in 7 iterations)

HDFE Linear regression                            Number of obs   =     33,317
Absorbing 2 HDFE groups                           F(  14,    555) =      97.41
Statistics robust to heteroskedasticity           Prob > F        =     0.0000
                                                  R-squared       =     0.8777
                                                  Adj R-squared   =     0.8751
                                                  Within R-sq.    =     0.3042
Number of clusters (hotel_id_num) =        556    Root MSE        =     0.2290

                                                    (Std. err. adjusted for 556 clusters in hotel_id_num)
---------------------------------------------------------------------------------------------------------
                                        |               Robust
                   ln_RevPAR_clean_w199 | Coefficient  std. err.      t    P>|t|     [95% conf. interval]
----------------------------------------+----------------------------------------------------------------
                               sim_mean |  -.0844251   .0305628    -2.76   0.006     -.144458   -.0243923
             lag_mr_rep_complaint_share |  -.0100107   .0179724    -0.56   0.578    -.0453129    .0252915
                                        |
c.sim_mean#c.lag_mr_rep_complaint_share |   .0172434    .051621     0.33   0.738    -.0841531    .1186399
                                        |
                             lag_mr_any |   .0072019    .010173     0.71   0.479    -.0127804    .0271842
                           lag_mr_count |  -.0004037   .0001985    -2.03   0.042    -.0007936   -.0000139
                    lag_mr_quick7_share |    .005631   .0065937     0.85   0.393    -.0073207    .0185827
                       ln_recent_volumn |   .0802417   .0085393     9.40   0.000     .0634684     .097015
                          recent_rating |   .0205716    .005988     3.44   0.001     .0088097    .0323334
                              recent_sd |   .0022279   .0074383     0.30   0.765    -.0123826    .0168385
                      ln_lag_volumn_acc |   .0279852   .0071136     3.93   0.000     .0140124    .0419579
                     lag_avg_rating_acc |   .0039889   .0277315     0.14   0.886    -.0504827    .0584605
                             lag_sd_acc |   -.014013   .0344086    -0.41   0.684       -.0816     .053574
                      ln_avg_com_RevPAR |   .1202891    .011998    10.03   0.000     .0967221    .1438561
               ln_lag_RevPAR_clean_w199 |   .4396758   .0177374    24.79   0.000     .4048353    .4745164
                                  _cons |   1.444405   .1500462     9.63   0.000     1.149678    1.739133
---------------------------------------------------------------------------------------------------------

Absorbed degrees of freedom:
------------------------------------------------------+
  Absorbed FE | Categories  - Redundant  = Num. Coefs |
--------------+---------------------------------------|
 hotel_id_num |       556         556           0    *|
           ym |       135           1         134     |
------------------------------------------------------+
* = FE nested within cluster; treated as redundant for DoF computation

. estimates store T1_complaint

. reghdfe ln_RevPAR_clean_w199 c.sim_mean##c.lag_mr_rep_service_share lag_mr_any lag_mr_count lag_mr_quick7_share ln_recent_volumn recent_rating recent_sd ln_lag_volumn_acc lag_avg_rating_acc lag_sd_acc ln_avg_com_RevPAR ln_lag_RevPAR_clean_w199 if !missi
> ng(sim_mean, lag_mr_rep_service_share), absorb(hotel_id_num ym) vce(cluster hotel_id_num)
(dropped 2 singleton observations)
(MWFE estimator converged in 7 iterations)

HDFE Linear regression                            Number of obs   =     33,317
Absorbing 2 HDFE groups                           F(  14,    555) =      96.98
Statistics robust to heteroskedasticity           Prob > F        =     0.0000
                                                  R-squared       =     0.8777
                                                  Adj R-squared   =     0.8751
                                                  Within R-sq.    =     0.3042
Number of clusters (hotel_id_num) =        556    Root MSE        =     0.2290

                                                  (Std. err. adjusted for 556 clusters in hotel_id_num)
-------------------------------------------------------------------------------------------------------
                                      |               Robust
                 ln_RevPAR_clean_w199 | Coefficient  std. err.      t    P>|t|     [95% conf. interval]
--------------------------------------+----------------------------------------------------------------
                             sim_mean |  -.0764702   .0299335    -2.55   0.011    -.1352671   -.0176734
             lag_mr_rep_service_share |    .003909    .019734     0.20   0.843    -.0348534    .0426715
                                      |
c.sim_mean#c.lag_mr_rep_service_share |  -.0084777    .065156    -0.13   0.897    -.1364601    .1195047
                                      |
                           lag_mr_any |   .0016915   .0079388     0.21   0.831    -.0139023    .0172852
                         lag_mr_count |  -.0003943   .0001988    -1.98   0.048    -.0007848   -3.82e-06
                  lag_mr_quick7_share |   .0056471   .0065937     0.86   0.392    -.0073045    .0185987
                     ln_recent_volumn |   .0803021   .0085351     9.41   0.000     .0635371    .0970671
                        recent_rating |   .0206262   .0059932     3.44   0.001      .008854    .0323985
                            recent_sd |   .0021689   .0074396     0.29   0.771    -.0124442     .016782
                    ln_lag_volumn_acc |   .0280135   .0071116     3.94   0.000     .0140446    .0419825
                   lag_avg_rating_acc |   .0039761   .0277364     0.14   0.886     -.050505    .0584572
                           lag_sd_acc |  -.0140135   .0344157    -0.41   0.684    -.0816143    .0535874
                    ln_avg_com_RevPAR |   .1202554    .011997    10.02   0.000     .0966903    .1438204
             ln_lag_RevPAR_clean_w199 |   .4396465   .0177424    24.78   0.000     .4047961    .4744969
                                _cons |   1.441924   .1502587     9.60   0.000     1.146779    1.737069
-------------------------------------------------------------------------------------------------------

Absorbed degrees of freedom:
------------------------------------------------------+
  Absorbed FE | Categories  - Redundant  = Num. Coefs |
--------------+---------------------------------------|
 hotel_id_num |       556         556           0    *|
           ym |       135           1         134     |
------------------------------------------------------+
* = FE nested within cluster; treated as redundant for DoF computation

. estimates store T2_service

. reghdfe ln_RevPAR_clean_w199 c.sim_mean##c.lag_mr_rep_room_share lag_mr_any lag_mr_count lag_mr_quick7_share ln_recent_volumn recent_rating recent_sd ln_lag_volumn_acc lag_avg_rating_acc lag_sd_acc ln_avg_com_RevPAR ln_lag_RevPAR_clean_w199 if !missing(
> sim_mean, lag_mr_rep_room_share), absorb(hotel_id_num ym) vce(cluster hotel_id_num)
(dropped 2 singleton observations)
(MWFE estimator converged in 7 iterations)

HDFE Linear regression                            Number of obs   =     33,317
Absorbing 2 HDFE groups                           F(  14,    555) =      96.77
Statistics robust to heteroskedasticity           Prob > F        =     0.0000
                                                  R-squared       =     0.8777
                                                  Adj R-squared   =     0.8751
                                                  Within R-sq.    =     0.3042
Number of clusters (hotel_id_num) =        556    Root MSE        =     0.2290

                                               (Std. err. adjusted for 556 clusters in hotel_id_num)
----------------------------------------------------------------------------------------------------
                                   |               Robust
              ln_RevPAR_clean_w199 | Coefficient  std. err.      t    P>|t|     [95% conf. interval]
-----------------------------------+----------------------------------------------------------------
                          sim_mean |  -.0837031   .0288114    -2.91   0.004    -.1402957   -.0271104
             lag_mr_rep_room_share |  -.0133903   .0189973    -0.70   0.481    -.0507056     .023925
                                   |
c.sim_mean#c.lag_mr_rep_room_share |   .0161596    .062139     0.26   0.795    -.1058967    .1382159
                                   |
                        lag_mr_any |   .0080204   .0073077     1.10   0.273    -.0063337    .0223745
                      lag_mr_count |  -.0004193   .0001982    -2.12   0.035    -.0008087   -.0000299
               lag_mr_quick7_share |   .0057119   .0065934     0.87   0.387    -.0072392    .0186629
                  ln_recent_volumn |   .0801843   .0085471     9.38   0.000     .0633956     .096973
                     recent_rating |   .0202826   .0059966     3.38   0.001     .0085038    .0320615
                         recent_sd |   .0021734   .0074335     0.29   0.770    -.0124279    .0167747
                 ln_lag_volumn_acc |   .0279981   .0071186     3.93   0.000     .0140155    .0419807
                lag_avg_rating_acc |   .0039221   .0277582     0.14   0.888    -.0506019    .0584462
                        lag_sd_acc |  -.0140517   .0344488    -0.41   0.684    -.0817176    .0536142
                 ln_avg_com_RevPAR |   .1202788   .0119926    10.03   0.000     .0967224    .1438352
          ln_lag_RevPAR_clean_w199 |   .4396189   .0177531    24.76   0.000     .4047473    .4744905
                             _cons |   1.446016   .1498269     9.65   0.000     1.151719    1.740313
----------------------------------------------------------------------------------------------------

Absorbed degrees of freedom:
------------------------------------------------------+
  Absorbed FE | Categories  - Redundant  = Num. Coefs |
--------------+---------------------------------------|
 hotel_id_num |       556         556           0    *|
           ym |       135           1         134     |
------------------------------------------------------+
* = FE nested within cluster; treated as redundant for DoF computation

. estimates store T3_room

. 
. * T4-T6: the original Route B targeting production outcomes.
. reghdfe ln_recent_volumn lag_mr_rep_complaint_share lag_mr_rep_service_share lag_mr_rep_room_share lag_mr_rep_clean_share lag_mr_rep_value_share lag_mr_rate lag_mr_count ln_lag_mr_words recent_sd recent_rating ln_lag_volumn_acc lag_avg_rating_acc lag_sd
> _acc lag_avg_rating_month ln_avg_com_RevPAR ln_lag_RevPAR_clean_w199 if !missing(ln_recent_volumn), absorb(hotel_id_num ym) vce(cluster hotel_id_num)
(dropped 2 singleton observations)
(MWFE estimator converged in 7 iterations)

HDFE Linear regression                            Number of obs   =     33,514
Absorbing 2 HDFE groups                           F(  16,    555) =      34.24
Statistics robust to heteroskedasticity           Prob > F        =     0.0000
                                                  R-squared       =     0.7023
                                                  Adj R-squared   =     0.6959
                                                  Within R-sq.    =     0.1340
Number of clusters (hotel_id_num) =        556    Root MSE        =     0.2076

                                       (Std. err. adjusted for 556 clusters in hotel_id_num)
--------------------------------------------------------------------------------------------
                           |               Robust
          ln_recent_volumn | Coefficient  std. err.      t    P>|t|     [95% conf. interval]
---------------------------+----------------------------------------------------------------
lag_mr_rep_complaint_share |  -.0326195   .0129924    -2.51   0.012    -.0581397   -.0070992
  lag_mr_rep_service_share |   .0010111   .0057349     0.18   0.860    -.0102537    .0122758
     lag_mr_rep_room_share |  -.0107372   .0059836    -1.79   0.073    -.0224904    .0010161
    lag_mr_rep_clean_share |  -.0286174   .0058577    -4.89   0.000    -.0401234   -.0171114
    lag_mr_rep_value_share |  -.0172902   .0073839    -2.34   0.020    -.0317939   -.0027864
               lag_mr_rate |  -.0280738   .0066986    -4.19   0.000    -.0412315   -.0149161
              lag_mr_count |   .0081018   .0012841     6.31   0.000     .0055795    .0106241
           ln_lag_mr_words |   .0167014   .0034408     4.85   0.000     .0099427      .02346
                 recent_sd |  -.0365445   .0089546    -4.08   0.000    -.0541335   -.0189556
             recent_rating |   .0580643   .0073261     7.93   0.000     .0436741    .0724546
         ln_lag_volumn_acc |   .0767768   .0116927     6.57   0.000     .0538094    .0997443
        lag_avg_rating_acc |   .0595487   .0332515     1.79   0.074    -.0057654    .1248628
                lag_sd_acc |    .050991   .0444775     1.15   0.252    -.0363738    .1383558
      lag_avg_rating_month |  -.0029615   .0011742    -2.52   0.012    -.0052678   -.0006551
         ln_avg_com_RevPAR |   .0143915   .0070018     2.06   0.040     .0006383    .0281448
  ln_lag_RevPAR_clean_w199 |   .0520698   .0073442     7.09   0.000      .037644    .0664955
                     _cons |   1.511604   .1616887     9.35   0.000     1.194007      1.8292
--------------------------------------------------------------------------------------------

Absorbed degrees of freedom:
------------------------------------------------------+
  Absorbed FE | Categories  - Redundant  = Num. Coefs |
--------------+---------------------------------------|
 hotel_id_num |       556         556           0    *|
           ym |       135           1         134     |
------------------------------------------------------+
* = FE nested within cluster; treated as redundant for DoF computation

. estimates store T4_volume

. reghdfe sim_mean lag_mr_rep_complaint_share lag_mr_rep_service_share lag_mr_rep_room_share lag_mr_rep_clean_share lag_mr_rep_value_share lag_mr_rate lag_mr_count ln_lag_mr_words ln_recent_volumn recent_sd recent_rating ln_lag_volumn_acc lag_avg_rating_a
> cc lag_sd_acc lag_avg_rating_month ln_avg_com_RevPAR ln_lag_RevPAR_clean_w199 if !missing(sim_mean), absorb(hotel_id_num ym) vce(cluster hotel_id_num)
(dropped 2 singleton observations)
(MWFE estimator converged in 7 iterations)

HDFE Linear regression                            Number of obs   =     33,360
Absorbing 2 HDFE groups                           F(  17,    555) =      76.71
Statistics robust to heteroskedasticity           Prob > F        =     0.0000
                                                  R-squared       =     0.2536
                                                  Adj R-squared   =     0.2375
                                                  Within R-sq.    =     0.0815
Number of clusters (hotel_id_num) =        556    Root MSE        =     0.0586

                                       (Std. err. adjusted for 556 clusters in hotel_id_num)
--------------------------------------------------------------------------------------------
                           |               Robust
                  sim_mean | Coefficient  std. err.      t    P>|t|     [95% conf. interval]
---------------------------+----------------------------------------------------------------
lag_mr_rep_complaint_share |   .0070717   .0034291     2.06   0.040     .0003361    .0138072
  lag_mr_rep_service_share |  -.0050254   .0018364    -2.74   0.006    -.0086325   -.0014182
     lag_mr_rep_room_share |  -.0138552   .0019005    -7.29   0.000    -.0175882   -.0101222
    lag_mr_rep_clean_share |   .0007528   .0017593     0.43   0.669     -.002703    .0042086
    lag_mr_rep_value_share |  -.0048762   .0020769    -2.35   0.019    -.0089558   -.0007967
               lag_mr_rate |    .000266   .0003289     0.81   0.419    -.0003801    .0009121
              lag_mr_count |  -.0001236   .0000473    -2.62   0.009    -.0002165   -.0000308
           ln_lag_mr_words |   .0010126   .0004299     2.36   0.019     .0001681    .0018571
          ln_recent_volumn |   .0249091   .0017888    13.93   0.000     .0213955    .0284228
                 recent_sd |   -.037067   .0017922   -20.68   0.000    -.0405873   -.0335468
             recent_rating |   .0063782   .0013873     4.60   0.000     .0036531    .0091033
         ln_lag_volumn_acc |   .0026116   .0014006     1.86   0.063    -.0001396    .0053629
        lag_avg_rating_acc |   -.019137   .0049724    -3.85   0.000     -.028904     -.00937
                lag_sd_acc |   .0120464   .0062174     1.94   0.053    -.0001661    .0242589
      lag_avg_rating_month |   .0067162   .0006236    10.77   0.000     .0054913    .0079412
         ln_avg_com_RevPAR |   .0004277   .0011326     0.38   0.706    -.0017969    .0026523
  ln_lag_RevPAR_clean_w199 |   -.003038    .001414    -2.15   0.032    -.0058155   -.0002604
                     _cons |   .2774623   .0234678    11.82   0.000     .2313658    .3235589
--------------------------------------------------------------------------------------------

Absorbed degrees of freedom:
------------------------------------------------------+
  Absorbed FE | Categories  - Redundant  = Num. Coefs |
--------------+---------------------------------------|
 hotel_id_num |       556         556           0    *|
           ym |       135           1         134     |
------------------------------------------------------+
* = FE nested within cluster; treated as redundant for DoF computation

. estimates store T5_pool

. reghdfe sent_net_pos_bing lag_mr_rep_complaint_share lag_mr_rep_service_share lag_mr_rep_room_share lag_mr_rep_clean_share lag_mr_rep_value_share lag_mr_rate lag_mr_count ln_lag_mr_words ln_recent_volumn sim_mean recent_sd recent_rating ln_lag_volumn_ac
> c lag_avg_rating_acc lag_sd_acc lag_avg_rating_month ln_avg_com_RevPAR ln_lag_RevPAR_clean_w199 if !missing(sent_net_pos_bing), absorb(hotel_id_num ym) vce(cluster hotel_id_num)
(dropped 2 singleton observations)
(MWFE estimator converged in 7 iterations)

HDFE Linear regression                            Number of obs   =     33,360
Absorbing 2 HDFE groups                           F(  18,    555) =     166.98
Statistics robust to heteroskedasticity           Prob > F        =     0.0000
                                                  R-squared       =     0.2984
                                                  Adj R-squared   =     0.2832
                                                  Within R-sq.    =     0.1111
Number of clusters (hotel_id_num) =        556    Root MSE        =     0.4351

                                       (Std. err. adjusted for 556 clusters in hotel_id_num)
--------------------------------------------------------------------------------------------
                           |               Robust
         sent_net_pos_bing | Coefficient  std. err.      t    P>|t|     [95% conf. interval]
---------------------------+----------------------------------------------------------------
lag_mr_rep_complaint_share |   .0289106   .0229234     1.26   0.208    -.0161167    .0739378
  lag_mr_rep_service_share |  -.0086765   .0141242    -0.61   0.539      -.03642     .019067
     lag_mr_rep_room_share |   .0119733   .0136654     0.88   0.381    -.0148689    .0388155
    lag_mr_rep_clean_share |  -.0114628   .0115936    -0.99   0.323    -.0342355      .01131
    lag_mr_rep_value_share |  -.0352418   .0164593    -2.14   0.033    -.0675719   -.0029117
               lag_mr_rate |   .0001976   .0024874     0.08   0.937    -.0046882    .0050835
              lag_mr_count |  -.0008418    .000296    -2.84   0.005    -.0014233   -.0002603
           ln_lag_mr_words |   .0000293   .0028118     0.01   0.992    -.0054938    .0055525
          ln_recent_volumn |  -.0150731   .0112739    -1.34   0.182    -.0372179    .0070717
                  sim_mean |   .4821219   .0641017     7.52   0.000     .3562103    .6080335
                 recent_sd |  -.0270043   .0120371    -2.24   0.025    -.0506482   -.0033605
             recent_rating |   .3760815   .0108161    34.77   0.000     .3548361    .3973269
         ln_lag_volumn_acc |  -.0034835   .0068863    -0.51   0.613      -.01701     .010043
        lag_avg_rating_acc |  -.2155547   .0395787    -5.45   0.000    -.2932971   -.1378123
                lag_sd_acc |    .022803   .0459093     0.50   0.620    -.0673742    .1129803
      lag_avg_rating_month |  -.0488344   .0047366   -10.31   0.000    -.0581383   -.0395306
         ln_avg_com_RevPAR |  -.0002923   .0065344    -0.04   0.964    -.0131276     .012543
  ln_lag_RevPAR_clean_w199 |   .0038437   .0101667     0.38   0.706    -.0161263    .0238136
                     _cons |   .1321083   .1962301     0.67   0.501    -.2533362    .5175529
--------------------------------------------------------------------------------------------

Absorbed degrees of freedom:
------------------------------------------------------+
  Absorbed FE | Categories  - Redundant  = Num. Coefs |
--------------+---------------------------------------|
 hotel_id_num |       556         556           0    *|
           ym |       135           1         134     |
------------------------------------------------------+
* = FE nested within cluster; treated as redundant for DoF computation

. estimates store T6_sentiment

. 
. * Grouped T1 slopes as in the original Route B targeting file.
. capture drop t1_cell_median t1_high

. bysort Zip ym: egen double t1_cell_median = median(lag_mr_rep_complaint_share) if lag_mr_any == 1
(17,686 missing values generated)

. gen byte t1_high = lag_mr_rep_complaint_share > t1_cell_median if lag_mr_any == 1 & !missing(t1_cell_median)
(17,686 missing values generated)

. replace t1_high = 0 if lag_mr_any == 1 & !missing(t1_cell_median) & t1_high == 0
(0 real changes made)

. reghdfe ln_RevPAR_clean_w199 sim_mean lag_mr_any ln_recent_volumn recent_rating recent_sd ln_lag_volumn_acc lag_avg_rating_acc lag_sd_acc ln_avg_com_RevPAR ln_lag_RevPAR_clean_w199 if t1_high == 0 & !missing(sim_mean), absorb(hotel_id_num ym) vce(cluste
> r hotel_id_num)
(dropped 25 singleton observations)
(MWFE estimator converged in 8 iterations)
note: lag_mr_any is probably collinear with the fixed effects (all partialled-out values are close to zero; tol = 1.0e-09)

HDFE Linear regression                            Number of obs   =     13,331
Absorbing 2 HDFE groups                           F(   9,    494) =      71.21
Statistics robust to heteroskedasticity           Prob > F        =     0.0000
                                                  R-squared       =     0.8861
                                                  Adj R-squared   =     0.8804
                                                  Within R-sq.    =     0.2951
Number of clusters (hotel_id_num) =        495    Root MSE        =     0.2170

                                     (Std. err. adjusted for 495 clusters in hotel_id_num)
------------------------------------------------------------------------------------------
                         |               Robust
    ln_RevPAR_clean_w199 | Coefficient  std. err.      t    P>|t|     [95% conf. interval]
-------------------------+----------------------------------------------------------------
                sim_mean |  -.0938427   .0474537    -1.98   0.049    -.1870787   -.0006067
              lag_mr_any |          0  (omitted)
        ln_recent_volumn |   .0929512   .0120399     7.72   0.000     .0692955     .116607
           recent_rating |   .0095048   .0092156     1.03   0.303    -.0086019    .0276114
               recent_sd |  -.0128786    .011769    -1.09   0.274    -.0360021    .0102449
       ln_lag_volumn_acc |   .0295132    .011358     2.60   0.010     .0071973    .0518291
      lag_avg_rating_acc |   .0428173   .0391299     1.09   0.274    -.0340643    .1196988
              lag_sd_acc |  -.0288016   .0556588    -0.52   0.605    -.1381587    .0805555
       ln_avg_com_RevPAR |   .1418069   .0172617     8.22   0.000     .1078915    .1757223
ln_lag_RevPAR_clean_w199 |   .4283924    .024282    17.64   0.000     .3806836    .4761012
                   _cons |      1.308   .2072249     6.31   0.000     .9008491    1.715151
------------------------------------------------------------------------------------------

Absorbed degrees of freedom:
------------------------------------------------------+
  Absorbed FE | Categories  - Redundant  = Num. Coefs |
--------------+---------------------------------------|
 hotel_id_num |       495         495           0    *|
           ym |       132           1         131     |
------------------------------------------------------+
* = FE nested within cluster; treated as redundant for DoF computation

. estimates store T1_low

. reghdfe ln_RevPAR_clean_w199 sim_mean lag_mr_any ln_recent_volumn recent_rating recent_sd ln_lag_volumn_acc lag_avg_rating_acc lag_sd_acc ln_avg_com_RevPAR ln_lag_RevPAR_clean_w199 if t1_high == 1 & !missing(sim_mean), absorb(hotel_id_num ym) vce(cluste
> r hotel_id_num)
(dropped 66 singleton observations)
(MWFE estimator converged in 9 iterations)
note: lag_mr_any is probably collinear with the fixed effects (all partialled-out values are close to zero; tol = 1.0e-09)

HDFE Linear regression                            Number of obs   =      3,292
Absorbing 2 HDFE groups                           F(   9,    367) =      38.61
Statistics robust to heteroskedasticity           Prob > F        =     0.0000
                                                  R-squared       =     0.9125
                                                  Adj R-squared   =     0.8973
                                                  Within R-sq.    =     0.2769
Number of clusters (hotel_id_num) =        368    Root MSE        =     0.1902

                                     (Std. err. adjusted for 368 clusters in hotel_id_num)
------------------------------------------------------------------------------------------
                         |               Robust
    ln_RevPAR_clean_w199 | Coefficient  std. err.      t    P>|t|     [95% conf. interval]
-------------------------+----------------------------------------------------------------
                sim_mean |  -.0620639   .0846999    -0.73   0.464    -.2286219    .1044941
              lag_mr_any |          0  (omitted)
        ln_recent_volumn |   .0392413   .0147758     2.66   0.008     .0101854    .0682972
           recent_rating |   .0094385   .0138888     0.68   0.497    -.0178731    .0367502
               recent_sd |   .0076508   .0193715     0.39   0.693    -.0304423    .0457438
       ln_lag_volumn_acc |   .0422313    .014565     2.90   0.004     .0135899    .0708727
      lag_avg_rating_acc |   .1656612   .0573883     2.89   0.004       .05281    .2785124
              lag_sd_acc |   .1710194   .0875826     1.95   0.052    -.0012073    .3432462
       ln_avg_com_RevPAR |   .1625489   .0254132     6.40   0.000     .1125752    .2125226
ln_lag_RevPAR_clean_w199 |   .3638449   .0357152    10.19   0.000     .2936127     .434077
                   _cons |   .9043365   .3218819     2.81   0.005     .2713723    1.537301
------------------------------------------------------------------------------------------

Absorbed degrees of freedom:
------------------------------------------------------+
  Absorbed FE | Categories  - Redundant  = Num. Coefs |
--------------+---------------------------------------|
 hotel_id_num |       368         368           0    *|
           ym |       110           1         109     |
------------------------------------------------------+
* = FE nested within cluster; treated as redundant for DoF computation

. estimates store T1_high

. 
. estimates table T1_complaint T2_service T3_room T4_volume T5_pool T6_sentiment T1_low T1_high, b(%9.4f) se stats(N r2_a)

--------------------------------------------------------------------------------------------------------------
    Variable | T1_comp~t   T2_serv~e    T3_room    T4_volume    T5_pool    T6_sent~t    T1_low      T1_high   
-------------+------------------------------------------------------------------------------------------------
    sim_mean |   -0.0844     -0.0765     -0.0837                              0.4821     -0.0938     -0.0621  
             |    0.0306      0.0299      0.0288                              0.0641      0.0475      0.0847  
lag~nt_share |   -0.0100                             -0.0326      0.0071      0.0289                          
             |    0.0180                              0.0130      0.0034      0.0229                          
             |
  c.sim_mean#|
          c. |
lag~nt_share |    0.0172                                                                                      
             |    0.0516                                                                                      
             |
  lag_mr_any |    0.0072      0.0017      0.0080                                       (omitted)   (omitted)  
             |    0.0102      0.0079      0.0073                                                              
lag_mr_count |   -0.0004     -0.0004     -0.0004      0.0081     -0.0001     -0.0008                          
             |    0.0002      0.0002      0.0002      0.0013      0.0000      0.0003                          
lag_~7_share |    0.0056      0.0056      0.0057                                                              
             |    0.0066      0.0066      0.0066                                                              
ln_recent_~n |    0.0802      0.0803      0.0802                  0.0249     -0.0151      0.0930      0.0392  
             |    0.0085      0.0085      0.0085                  0.0018      0.0113      0.0120      0.0148  
recent_rat~g |    0.0206      0.0206      0.0203      0.0581      0.0064      0.3761      0.0095      0.0094  
             |    0.0060      0.0060      0.0060      0.0073      0.0014      0.0108      0.0092      0.0139  
   recent_sd |    0.0022      0.0022      0.0022     -0.0365     -0.0371     -0.0270     -0.0129      0.0077  
             |    0.0074      0.0074      0.0074      0.0090      0.0018      0.0120      0.0118      0.0194  
ln_lag_vol~c |    0.0280      0.0280      0.0280      0.0768      0.0026     -0.0035      0.0295      0.0422  
             |    0.0071      0.0071      0.0071      0.0117      0.0014      0.0069      0.0114      0.0146  
lag_avg_ra~c |    0.0040      0.0040      0.0039      0.0595     -0.0191     -0.2156      0.0428      0.1657  
             |    0.0277      0.0277      0.0278      0.0333      0.0050      0.0396      0.0391      0.0574  
  lag_sd_acc |   -0.0140     -0.0140     -0.0141      0.0510      0.0120      0.0228     -0.0288      0.1710  
             |    0.0344      0.0344      0.0344      0.0445      0.0062      0.0459      0.0557      0.0876  
ln_avg_com~R |    0.1203      0.1203      0.1203      0.0144      0.0004     -0.0003      0.1418      0.1625  
             |    0.0120      0.0120      0.0120      0.0070      0.0011      0.0065      0.0173      0.0254  
ln_la~n_w199 |    0.4397      0.4396      0.4396      0.0521     -0.0030      0.0038      0.4284      0.3638  
             |    0.0177      0.0177      0.0178      0.0073      0.0014      0.0102      0.0243      0.0357  
lag~ce_share |                0.0039                  0.0010     -0.0050     -0.0087                          
             |                0.0197                  0.0057      0.0018      0.0141                          
             |
  c.sim_mean#|
          c. |
lag~ce_share |               -0.0085                                                                          
             |                0.0652                                                                          
             |
lag_~m_share |                           -0.0134     -0.0107     -0.0139      0.0120                          
             |                            0.0190      0.0060      0.0019      0.0137                          
             |
  c.sim_mean#|
          c. |
lag_~m_share |                            0.0162                                                              
             |                            0.0621                                                              
             |
lag_~n_share |                                       -0.0286      0.0008     -0.0115                          
             |                                        0.0059      0.0018      0.0116                          
lag~ue_share |                                       -0.0173     -0.0049     -0.0352                          
             |                                        0.0074      0.0021      0.0165                          
 lag_mr_rate |                                       -0.0281      0.0003      0.0002                          
             |                                        0.0067      0.0003      0.0025                          
ln_l~r_words |                                        0.0167      0.0010      0.0000                          
             |                                        0.0034      0.0004      0.0028                          
lag_avg_ra~h |                                       -0.0030      0.0067     -0.0488                          
             |                                        0.0012      0.0006      0.0047                          
       _cons |    1.4444      1.4419      1.4460      1.5116      0.2775      0.1321      1.3080      0.9043  
             |    0.1500      0.1503      0.1498      0.1617      0.0235      0.1962      0.2072      0.3219  
-------------+------------------------------------------------------------------------------------------------
           N |     33317       33317       33317       33514       33360       33360       13331        3292  
        r2_a |    0.8751      0.8751      0.8751      0.6959      0.2375      0.2832      0.8804      0.8973  
--------------------------------------------------------------------------------------------------------------
                                                                                                  Legend: b/se

. log close
      name:  <unnamed>
       log:  /Users/samxie/Research/ReviewSimi_Sales/Code/stata-log/run_event_month_pool_gt100_mr_targeting_260711.log
  log type:  text
 closed on:  12 Jul 2026, 19:31:48
---------------------------------------------------------------------------------------------------------------------------------------------------------------------------------------------------------------------------------------------------------------

. 
end of do-file

. 
end of do-file
