
  ___  ____  ____  ____  ____ ©
 /__    /   ____/   /   ____/      17.0
___/   /   /___/   /   /___/       MP—Parallel Edition

 Statistics and Data Science       Copyright 1985-2021 StataCorp LLC
                                   StataCorp
                                   4905 Lakeway Drive
                                   College Station, Texas 77845 USA
                                   800-STATA-PC        https://www.stata.com
                                   979-696-4600        stata@stata.com

Stata license: Single-user 2-core  perpetual
Serial number: 501806366047
  Licensed to: Sam Xie
               samxie

Notes:
      1. Stata is running in batch mode.
      2. Unicode is supported; see help unicode_advice.
      3. More than 2 billion observations are allowed; see help obs_advice.
      4. Maximum number of variables is set to 5,000; see help set_maxvar.


Running /Applications/Stata/profile.do ...
command window is unrecognized
r(199);

. do scripts/stata/run_event_month_full_replication_260710.do 

. *******************************************************
. * Event-month ARS full replication, 260710.
. * Writes a text log only: no CSV, XLSX, or RTF artifacts.
. * The foreach expansion is a prespecified cross/pool measurement
. * replication, not a model-search or candidate-model loop.
. *******************************************************
. version 17.0

. clear all

. set more off

. set linesize 255

. capture log close

. local p "/Users/samxie/Research/ReviewSimi_Sales/Code"

. use "`p'/outputs/core_simi_260501/data/event_month_ars_mr_panel_260710.dta", clear

. log using "`p'/stata-log/run_event_month_full_replication_260710.log", text replace
---------------------------------------------------------------------------------------------------------------------------------------------------------------------------------------------------------------------------------------------------------------
      name:  <unnamed>
       log:  /Users/samxie/Research/ReviewSimi_Sales/Code/stata-log/run_event_month_full_replication_260710.log
  log type:  text
 opened on:  25 Jul 2026, 04:04:02

. capture which reghdfe

. if _rc exit 199

. keep if cs_sample_focus100 == 1
(55,391 observations deleted)

. capture confirm numeric variable HotelID

. if _rc encode HotelID, gen(hotel_id_num)

. else gen long hotel_id_num = HotelID

. gen ym = monthly(event_ym, "YM")

. format ym %tm

. xtset hotel_id_num ym

Panel variable: hotel_id_num (unbalanced)
 Time variable: ym, 2011m1 to 2021m5, but with gaps
         Delta: 1 month

. 
. * Idempotent event-month winsors; raw variables remain unchanged.
. capture drop lnRevenue_current_w199 lnRevenue_current_w595 lnRevenue_lag_month_w199 lnRevenue_lag_month_w595 lnRevenue_next_calendar_w199 lnRevenue_next_calendar_w595

. foreach x in lnRevenue_current lnRevenue_lag_month lnRevenue_next_calendar {
  2.     quietly _pctile `x' if !missing(`x'), p(1 99)
  3.     gen double `x'_w199 = min(max(`x', r(r1)), r(r2)) if !missing(`x')
  4.     quietly _pctile `x' if !missing(`x'), p(5 95)
  5.     gen double `x'_w595 = min(max(`x', r(r1)), r(r2)) if !missing(`x')
  6. }
(524 missing values generated)
(524 missing values generated)
(999 missing values generated)
(999 missing values generated)
(5,087 missing values generated)
(5,087 missing values generated)

. capture drop zip_n_full_c city_n_full_c gap_zip_mean_full_c gap_city_mean_full_c price_gap_c high_star4 high_rank_status high_popularity hotel_evaluation_factor ln_pmr_words ln_pmr_avg_words

. foreach x in zip_n_full city_n_full gap_zip_mean_full gap_city_mean_full price_gap {
  2.     quietly summarize `x' if !missing(`x'), meanonly
  3.     gen double `x'_c = `x' - r(mean) if !missing(`x')
  4. }
(577 missing values generated)
(577 missing values generated)
(1,424 missing values generated)
(577 missing values generated)
(999 missing values generated)

. gen byte high_star4 = star_class_final >= 4 if !missing(star_class_final)
(652 missing values generated)

. quietly summarize hotel_rank_pct if !missing(hotel_rank_pct), detail

. gen byte high_rank_status = hotel_rank_pct <= r(p50) if !missing(hotel_rank_pct)

. bysort Zip ym: egen double _popmed = median(ln_lag_volumn_acc)
(170 missing values generated)

. gen byte high_popularity = ln_lag_volumn_acc > _popmed if !missing(ln_lag_volumn_acc, _popmed)
(488 missing values generated)

. drop _popmed

. capture confirm string variable hotel_evaluation_raw

. if !_rc encode hotel_evaluation_raw, gen(hotel_evaluation_factor)

. else gen long hotel_evaluation_factor = hotel_evaluation_raw

. gen double ln_pmr_words = ln(pmr_activity_words + 1)

. gen double ln_pmr_avg_words = ln(pmr_activity_avg_words + 1) if !missing(pmr_activity_avg_words)
(11,978 missing values generated)

. 
. * Product-systematic measures are deterministically rebuilt from the profile source.
. tempfile profile

. preserve

.     import delimited using "`p'/full-data/hotel_profile_TP.csv", varnames(1) clear bindquote(loose) maxquotedrows(unlimited) encoding("UTF-8")
Note: Unmatched quote while processing row 1978; this can be due to a formatting problem in the file or because a quoted data element spans multiple lines. You should carefully inspect your data after importing. Consider using option bindquote(strict)
    if quoted data spans multiple lines or option bindquote(nobind) if quotes are not used for binding data.
Note: Unmatched quote while processing row 1978; this can be due to a formatting problem in the file or because a quoted data element spans multiple lines. You should carefully inspect your data after importing. Consider using option bindquote(strict)
    if quoted data spans multiple lines or option bindquote(nobind) if quotes are not used for binding data.
Note: Unmatched quote while processing row 2298; this can be due to a formatting problem in the file or because a quoted data element spans multiple lines. You should carefully inspect your data after importing. Consider using option bindquote(strict)
    if quoted data spans multiple lines or option bindquote(nobind) if quotes are not used for binding data.
Note: Unmatched quote while processing row 9087; this can be due to a formatting problem in the file or because a quoted data element spans multiple lines. You should carefully inspect your data after importing. Consider using option bindquote(strict)
    if quoted data spans multiple lines or option bindquote(nobind) if quotes are not used for binding data.
(50 vars, 11,441 obs)

.     keep hotel_id_ta hotel_price_low hotel_price_high hotel_amenities hotel_style travelers_choice

.     rename hotel_id_ta HotelID

.     capture confirm string variable HotelID

.     if _rc tostring HotelID, replace format(%18.0f)
HotelID was long now str8

.     replace HotelID = strtrim(HotelID)
(0 real changes made)

.     duplicates drop HotelID, force

Duplicates in terms of HotelID

(0 observations are duplicates)

.     destring hotel_price_low hotel_price_high, replace ignore(",") force
hotel_price_low already numeric; no replace
hotel_price_high already numeric; no replace

.     gen double tp_price_mid = (hotel_price_low + hotel_price_high) / 2 if !missing(hotel_price_low, hotel_price_high)
(4,097 missing values generated)

.     gen double ln_tp_price_mid = ln(tp_price_mid) if tp_price_mid > 0
(4,097 missing values generated)

.     gen strL amen_lc = ustrlower(hotel_amenities)
(350 missing values generated)

.     gen strL style_lc = ustrlower(hotel_style)
(7 missing values generated)

.     gen double tp_amenity_count = strlen(hotel_amenities)-strlen(subinstr(hotel_amenities, ",", "", .))+1 if strtrim(hotel_amenities)!="" & !missing(hotel_amenities)
(350 missing values generated)

.     replace tp_amenity_count = 0 if missing(tp_amenity_count) & !missing(hotel_amenities)
(0 real changes made)

.     gen byte amen_rec_index = regexm(amen_lc,"pool") + regexm(amen_lc,"fitness|gym|workout") + regexm(amen_lc,"spa|hot tub|jacuzzi|sauna") + regexm(amen_lc,"golf") if !missing(amen_lc)
(350 missing values generated)

.     gen byte amen_serv_index = regexm(amen_lc,"breakfast") + regexm(amen_lc,"parking|park") + regexm(amen_lc,"wifi|wi-fi|internet") + regexm(amen_lc,"laundry|dry cleaning") + regexm(amen_lc,"24-hour|front desk|concierge") if !missing(amen_lc)
(350 missing values generated)

.     gen byte amen_bus_index = regexm(amen_lc,"business center|business") + regexm(amen_lc,"meeting") + regexm(amen_lc,"conference|banquet") + regexm(amen_lc,"workspace|desk|work area") if !missing(amen_lc)
(350 missing values generated)

.     gen byte style_upscale = regexm(style_lc,"luxury|romantic|boutique|modern|trendy") if !missing(style_lc)
(7 missing values generated)

.     gen byte travelers_choice_flag = regexm(ustrlower(travelers_choice),"travelers' choice|best of the best") if !missing(travelers_choice)
(5,919 missing values generated)

.     foreach x in amen_rec_index amen_serv_index amen_bus_index style_upscale travelers_choice_flag {
  2.         replace `x' = 0 if missing(`x')
  3.     }
(350 real changes made)
(350 real changes made)
(350 real changes made)
(7 real changes made)
(5,919 real changes made)

.     keep HotelID ln_tp_price_mid tp_amenity_count amen_rec_index amen_serv_index amen_bus_index style_upscale travelers_choice_flag

.     save `profile', replace
(file /var/folders/x9/p1d98gj518326zdc2s5gzn8w0000gn/T//St71601.000001 not found)
file /var/folders/x9/p1d98gj518326zdc2s5gzn8w0000gn/T//St71601.000001 saved as .dta format

. restore

. merge m:1 HotelID using `profile', keep(master match) nogen

    Result                      Number of obs
    -----------------------------------------
    Not matched                             0
    Matched                            28,880  
    -----------------------------------------

. 
. * All formal specifications below have hotel and event-calendar-month FE, hotel clustering, current event controls, and prior accumulated controls.
. * M0.1--M9: market boundaries.
. foreach a in ars_cross_ev ars_pool_ev {
  2.     reghdfe lnRevenue_current_w199 `a' ev_ln_review_count ev_mean_rating ev_sd_rating ev_ln_mean_text_chars sent_avg_bing sent_pos_share_bing sent_neg_share_bing ln_lag_volumn_acc lag_avg_rating_acc lag_sd_acc ln_avg_com_RevPAR lnRevenue_lag_month_w1
> 99 if !missing(`a'), absorb(hotel_id_num ym) vce(cluster hotel_id_num)
  3.     estimates store M01_`a'
  4.     foreach m in c.ln_avg_com_RevPAR i.high_comp_zip_focus100 i.high_comp_city_focus100 c.zip_n_full_c c.city_n_full_c c.ln_comp_zip_mean_excl_full c.ln_comp_city_mean_excl_full c.gap_zip_mean_full_c c.gap_city_mean_full_c c.price_gap_c {
  5.         reghdfe lnRevenue_current_w199 c.`a'##`m' ev_ln_review_count ev_mean_rating ev_sd_rating ev_ln_mean_text_chars sent_avg_bing sent_pos_share_bing sent_neg_share_bing ln_lag_volumn_acc lag_avg_rating_acc lag_sd_acc ln_avg_com_RevPAR lnRevenue_l
> ag_month_w199 if !missing(`a'), absorb(hotel_id_num ym) vce(cluster hotel_id_num)
  6.     }
  7.     * M1--M13: organization boundaries.
.     foreach m in i.chain i.independent i.chain_small i.chain3_small i.star_class_final i.high_star4 c.lag_avg_rating_acc i.high_quality_ym i.high_quality_cityym i.high_quality_zipym i.high_rank_status i.hotel_evaluation_factor c.ln_lag_volumn_acc {
  8.         reghdfe lnRevenue_current_w199 c.`a'##`m' ev_ln_review_count ev_mean_rating ev_sd_rating ev_ln_mean_text_chars sent_avg_bing sent_pos_share_bing sent_neg_share_bing ln_lag_volumn_acc lag_avg_rating_acc lag_sd_acc ln_avg_com_RevPAR lnRevenue_l
> ag_month_w199 if !missing(`a'), absorb(hotel_id_num ym) vce(cluster hotel_id_num)
  9.     }
 10.     * V1--V3, H1--H7, P1: product systematics.
.     foreach m in c.star_class_final_raw c.hotel_avg_rating c.hotel_rank_pct c.tp_amenity_count c.amen_rec_index c.amen_serv_index c.amen_bus_index i.style_upscale i.style_luxury i.travelers_choice_flag c.ln_tp_price_mid {
 11.         reghdfe lnRevenue_current_w199 c.`a'##`m' ev_ln_review_count ev_mean_rating ev_sd_rating ev_ln_mean_text_chars sent_avg_bing sent_pos_share_bing sent_neg_share_bing ln_lag_volumn_acc lag_avg_rating_acc lag_sd_acc ln_avg_com_RevPAR lnRevenue_l
> ag_month_w199 if !missing(`a'), absorb(hotel_id_num ym) vce(cluster hotel_id_num)
 12.     }
 13.     * E1--E6: event-aligned current and previous-event review environment.
.     foreach m in c.recent_sd_10 c.prevvis_recent_sd c.sent_avg_bing_10 c.sent_net_pos_bing_10 c.prevvis_sent_avg_bing c.prevvis_sent_net_pos_bing {
 14.         reghdfe lnRevenue_current_w199 c.`a'##`m' ev_ln_review_count ev_mean_rating ev_sd_rating ev_ln_mean_text_chars sent_avg_bing sent_pos_share_bing sent_neg_share_bing ln_lag_volumn_acc lag_avg_rating_acc lag_sd_acc ln_avg_com_RevPAR lnRevenue_l
> ag_month_w199 if !missing(`a'), absorb(hotel_id_num ym) vce(cluster hotel_id_num)
 15.     }
 16.     * G1--G16: prior-event management-response engagement style.
.     foreach m in i.pmr_any c.pmr_cohort_rate7 c.pmr_activity_n c.ln_pmr_words c.ln_pmr_avg_words c.pmr_activity_avg_days c.pmr_cohort_rate30 c.pmr_text_thanks_zf c.pmr_text_apology_zf c.pmr_text_invite_zf c.pmr_text_recovery_zf c.pmr_text_positive_zf c.
> pmr_text_problem_zf c.pmr_text_personalization_zf c.pmr_text_manager_zf c.pmr_text_template_zf {
 17.         reghdfe lnRevenue_current_w199 c.`a'##`m' pmr_any ev_ln_review_count ev_mean_rating ev_sd_rating ev_ln_mean_text_chars sent_avg_bing sent_pos_share_bing sent_neg_share_bing ln_lag_volumn_acc lag_avg_rating_acc lag_sd_acc ln_avg_com_RevPAR lnR
> evenue_lag_month_w199 if !missing(`a'), absorb(hotel_id_num ym) vce(cluster hotel_id_num)
 18.     }
 19.     * L1--L2: corrected next-event learning levels, not mechanically coupled deltas.
.     reghdfe next_event_`a' `a' ev_ln_review_count ev_mean_rating ev_sd_rating ev_ln_mean_text_chars sent_avg_bing ln_lag_volumn_acc lag_avg_rating_acc lag_sd_acc if !missing(next_event_`a',`a'), absorb(hotel_id_num ym) vce(cluster hotel_id_num)
 20.     reghdfe next_event_mean_text_chars `a' ev_ln_review_count ev_mean_rating ev_sd_rating ev_ln_mean_text_chars sent_avg_bing ln_lag_volumn_acc lag_avg_rating_acc lag_sd_acc if !missing(next_event_mean_text_chars,`a'), absorb(hotel_id_num ym) vce(clu
> ster hotel_id_num)
 21.     * T1--T6: complaint / service / room / cleanliness / value / low-rating response targeting.
.     foreach m in c.pmr_target_complaint_zf c.pmr_target_service_zf c.pmr_target_room_zf c.pmr_target_cleanliness_zf c.pmr_target_value_zf c.pmr_target_low_zf {
 22.         reghdfe lnRevenue_current_w199 c.`a'##`m' pmr_any pmr_activity_n pmr_cohort_rate7 ev_ln_review_count ev_mean_rating ev_sd_rating ev_ln_mean_text_chars sent_avg_bing sent_pos_share_bing sent_neg_share_bing ln_lag_volumn_acc lag_avg_rating_acc 
> lag_sd_acc ln_avg_com_RevPAR lnRevenue_lag_month_w199 if !missing(`a'), absorb(hotel_id_num ym) vce(cluster hotel_id_num)
 23.     }
 24. }
(dropped 16 singleton observations)
(MWFE estimator converged in 7 iterations)

HDFE Linear regression                            Number of obs   =     21,926
Absorbing 2 HDFE groups                           F(  13,    511) =      74.01
Statistics robust to heteroskedasticity           Prob > F        =     0.0000
                                                  R-squared       =     0.8924
                                                  Adj R-squared   =     0.8892
                                                  Within R-sq.    =     0.2936
Number of clusters (hotel_id_num) =        512    Root MSE        =     0.2027

                                     (Std. err. adjusted for 512 clusters in hotel_id_num)
------------------------------------------------------------------------------------------
                         |               Robust
  lnRevenue_current_w199 | Coefficient  std. err.      t    P>|t|     [95% conf. interval]
-------------------------+----------------------------------------------------------------
            ars_cross_ev |  -.0461488   .0315546    -1.46   0.144    -.1081416     .015844
      ev_ln_review_count |   .0448224   .0047609     9.41   0.000      .035469    .0541758
          ev_mean_rating |   .0017266   .0039049     0.44   0.659     -.005945    .0093982
            ev_sd_rating |    .002037   .0035583     0.57   0.567    -.0049537    .0090277
   ev_ln_mean_text_chars |   .0093912   .0047337     1.98   0.048     .0000913    .0186912
           sent_avg_bing |  -.0002411   .0011034    -0.22   0.827    -.0024088    .0019266
     sent_pos_share_bing |   .0147715   .0130898     1.13   0.260    -.0109449     .040488
     sent_neg_share_bing |   .0282059   .0151151     1.87   0.063    -.0014895    .0579013
       ln_lag_volumn_acc |   .0335817   .0075744     4.43   0.000     .0187009    .0484625
      lag_avg_rating_acc |   .0391494   .0302071     1.30   0.196    -.0201959    .0984948
              lag_sd_acc |  -.0011906   .0377744    -0.03   0.975    -.0754029    .0730217
       ln_avg_com_RevPAR |   .1333667   .0159745     8.35   0.000     .1019829    .1647505
lnRevenue_lag_month_w199 |   .4074627    .020781    19.61   0.000      .366636    .4482894
                   _cons |   1.505827   .1633678     9.22   0.000     1.184872    1.826782
------------------------------------------------------------------------------------------

Absorbed degrees of freedom:
------------------------------------------------------+
  Absorbed FE | Categories  - Redundant  = Num. Coefs |
--------------+---------------------------------------|
 hotel_id_num |       512         512           0    *|
           ym |       119           1         118     |
------------------------------------------------------+
* = FE nested within cluster; treated as redundant for DoF computation
(dropped 16 singleton observations)
(MWFE estimator converged in 7 iterations)
note: ln_avg_com_RevPAR omitted because of collinearity

HDFE Linear regression                            Number of obs   =     21,926
Absorbing 2 HDFE groups                           F(  14,    511) =      70.63
Statistics robust to heteroskedasticity           Prob > F        =     0.0000
                                                  R-squared       =     0.8925
                                                  Adj R-squared   =     0.8892
                                                  Within R-sq.    =     0.2941
Number of clusters (hotel_id_num) =        512    Root MSE        =     0.2027

                                               (Std. err. adjusted for 512 clusters in hotel_id_num)
----------------------------------------------------------------------------------------------------
                                   |               Robust
            lnRevenue_current_w199 | Coefficient  std. err.      t    P>|t|     [95% conf. interval]
-----------------------------------+----------------------------------------------------------------
                      ars_cross_ev |    .509525   .2238765     2.28   0.023     .0696934    .9493566
                 ln_avg_com_RevPAR |   .1727948    .022657     7.63   0.000     .1282825    .2173071
                                   |
c.ars_cross_ev#c.ln_avg_com_RevPAR |  -.1316969   .0518929    -2.54   0.011    -.2336466   -.0297472
                                   |
                ev_ln_review_count |   .0451671   .0047537     9.50   0.000      .035828    .0545063
                    ev_mean_rating |    .001839   .0039098     0.47   0.638    -.0058423    .0095204
                      ev_sd_rating |   .0020391   .0035552     0.57   0.567    -.0049456    .0090237
             ev_ln_mean_text_chars |   .0092323   .0047291     1.95   0.051    -.0000585    .0185231
                     sent_avg_bing |  -.0002818   .0011066    -0.25   0.799    -.0024558    .0018923
               sent_pos_share_bing |   .0148395    .013062     1.14   0.256    -.0108223    .0405013
               sent_neg_share_bing |   .0279206   .0150697     1.85   0.064    -.0016857    .0575269
                 ln_lag_volumn_acc |   .0338944    .007579     4.47   0.000     .0190046    .0487843
                lag_avg_rating_acc |   .0381125   .0300818     1.27   0.206    -.0209868    .0972117
                        lag_sd_acc |  -.0018839   .0376582    -0.05   0.960    -.0758679    .0721001
                 ln_avg_com_RevPAR |          0  (omitted)
          lnRevenue_lag_month_w199 |   .4074447   .0207737    19.61   0.000     .3666325     .448257
                             _cons |   1.342222   .1756574     7.64   0.000      .997122    1.687321
----------------------------------------------------------------------------------------------------

Absorbed degrees of freedom:
------------------------------------------------------+
  Absorbed FE | Categories  - Redundant  = Num. Coefs |
--------------+---------------------------------------|
 hotel_id_num |       512         512           0    *|
           ym |       119           1         118     |
------------------------------------------------------+
* = FE nested within cluster; treated as redundant for DoF computation
(dropped 16 singleton observations)
(MWFE estimator converged in 7 iterations)

HDFE Linear regression                            Number of obs   =     21,902
Absorbing 2 HDFE groups                           F(  15,    511) =      65.25
Statistics robust to heteroskedasticity           Prob > F        =     0.0000
                                                  R-squared       =     0.8939
                                                  Adj R-squared   =     0.8907
                                                  Within R-sq.    =     0.2844
Number of clusters (hotel_id_num) =        512    Root MSE        =     0.2003

                                                  (Std. err. adjusted for 512 clusters in hotel_id_num)
-------------------------------------------------------------------------------------------------------
                                      |               Robust
               lnRevenue_current_w199 | Coefficient  std. err.      t    P>|t|     [95% conf. interval]
--------------------------------------+----------------------------------------------------------------
                         ars_cross_ev |  -.1046852   .0434447    -2.41   0.016    -.1900375   -.0193329
             1.high_comp_zip_focus100 |  -.0377765   .0215756    -1.75   0.081    -.0801642    .0046113
                                      |
high_comp_zip_focus100#c.ars_cross_ev |
                                   1  |    .123906     .06643     1.87   0.063    -.0066036    .2544156
                                      |
                   ev_ln_review_count |   .0455789    .004768     9.56   0.000     .0362115    .0549462
                       ev_mean_rating |   .0001419   .0037821     0.04   0.970    -.0072884    .0075722
                         ev_sd_rating |    .001346   .0035352     0.38   0.704    -.0055993    .0082914
                ev_ln_mean_text_chars |    .007932   .0047035     1.69   0.092    -.0013085    .0171725
                        sent_avg_bing |    -.00029   .0011028    -0.26   0.793    -.0024567    .0018766
                  sent_pos_share_bing |   .0156385   .0130511     1.20   0.231    -.0100019    .0412789
                  sent_neg_share_bing |   .0300364   .0151639     1.98   0.048     .0002452    .0598276
                    ln_lag_volumn_acc |    .035151   .0076333     4.60   0.000     .0201545    .0501475
                   lag_avg_rating_acc |   .0409703   .0288119     1.42   0.156    -.0156341    .0975747
                           lag_sd_acc |   .0026864   .0376965     0.07   0.943    -.0713728    .0767456
                    ln_avg_com_RevPAR |   .1340361   .0162461     8.25   0.000     .1021188    .1659534
             lnRevenue_lag_month_w199 |    .391412   .0192752    20.31   0.000     .3535436    .4292803
                                _cons |   1.585677   .1589098     9.98   0.000      1.27348    1.897874
-------------------------------------------------------------------------------------------------------

Absorbed degrees of freedom:
------------------------------------------------------+
  Absorbed FE | Categories  - Redundant  = Num. Coefs |
--------------+---------------------------------------|
 hotel_id_num |       512         512           0    *|
           ym |       119           1         118     |
------------------------------------------------------+
* = FE nested within cluster; treated as redundant for DoF computation
(dropped 16 singleton observations)
(MWFE estimator converged in 7 iterations)

HDFE Linear regression                            Number of obs   =     21,902
Absorbing 2 HDFE groups                           F(  15,    511) =      65.66
Statistics robust to heteroskedasticity           Prob > F        =     0.0000
                                                  R-squared       =     0.8939
                                                  Adj R-squared   =     0.8907
                                                  Within R-sq.    =     0.2843
Number of clusters (hotel_id_num) =        512    Root MSE        =     0.2003

                                                   (Std. err. adjusted for 512 clusters in hotel_id_num)
--------------------------------------------------------------------------------------------------------
                                       |               Robust
                lnRevenue_current_w199 | Coefficient  std. err.      t    P>|t|     [95% conf. interval]
---------------------------------------+----------------------------------------------------------------
                          ars_cross_ev |  -.0641577   .0435631    -1.47   0.141    -.1497424    .0214271
             1.high_comp_city_focus100 |  -.0001529   .0196344    -0.01   0.994    -.0387271    .0384212
                                       |
high_comp_city_focus100#c.ars_cross_ev |
                                    1  |    .027733   .0574635     0.48   0.630    -.0851608    .1406267
                                       |
                    ev_ln_review_count |   .0457833   .0047733     9.59   0.000     .0364056     .055161
                        ev_mean_rating |   .0002507   .0037885     0.07   0.947    -.0071923    .0076936
                          ev_sd_rating |    .001344   .0035479     0.38   0.705    -.0056262    .0083142
                 ev_ln_mean_text_chars |    .008053   .0046955     1.72   0.087    -.0011719    .0172779
                         sent_avg_bing |  -.0003349   .0011005    -0.30   0.761    -.0024969    .0018271
                   sent_pos_share_bing |   .0162469   .0130105     1.25   0.212    -.0093137    .0418076
                   sent_neg_share_bing |   .0303264   .0151745     2.00   0.046     .0005143    .0601385
                     ln_lag_volumn_acc |   .0347672   .0076623     4.54   0.000     .0197137    .0498207
                    lag_avg_rating_acc |   .0408694   .0290735     1.41   0.160     -.016249    .0979877
                            lag_sd_acc |   .0032933   .0379209     0.09   0.931    -.0712069    .0777934
                     ln_avg_com_RevPAR |   .1339554   .0161155     8.31   0.000     .1022946    .1656162
              lnRevenue_lag_month_w199 |   .3912207   .0193606    20.21   0.000     .3531846    .4292568
                                 _cons |   1.570351   .1613346     9.73   0.000     1.253391    1.887312
--------------------------------------------------------------------------------------------------------

Absorbed degrees of freedom:
------------------------------------------------------+
  Absorbed FE | Categories  - Redundant  = Num. Coefs |
--------------+---------------------------------------|
 hotel_id_num |       512         512           0    *|
           ym |       119           1         118     |
------------------------------------------------------+
* = FE nested within cluster; treated as redundant for DoF computation
(dropped 16 singleton observations)
(MWFE estimator converged in 7 iterations)

HDFE Linear regression                            Number of obs   =     21,902
Absorbing 2 HDFE groups                           F(  15,    511) =      65.44
Statistics robust to heteroskedasticity           Prob > F        =     0.0000
                                                  R-squared       =     0.8940
                                                  Adj R-squared   =     0.8907
                                                  Within R-sq.    =     0.2844
Number of clusters (hotel_id_num) =        512    Root MSE        =     0.2003

                                          (Std. err. adjusted for 512 clusters in hotel_id_num)
-----------------------------------------------------------------------------------------------
                              |               Robust
       lnRevenue_current_w199 | Coefficient  std. err.      t    P>|t|     [95% conf. interval]
------------------------------+----------------------------------------------------------------
                 ars_cross_ev |  -.0476466   .0310447    -1.53   0.125    -.1086376    .0133444
                 zip_n_full_c |  -.0024294   .0017914    -1.36   0.176    -.0059488    .0010901
                              |
c.ars_cross_ev#c.zip_n_full_c |   .0084136   .0048926     1.72   0.086    -.0011984    .0180257
                              |
           ev_ln_review_count |   .0454447   .0047574     9.55   0.000     .0360982    .0547911
               ev_mean_rating |   .0000512    .003785     0.01   0.989    -.0073848    .0074872
                 ev_sd_rating |   .0013386   .0035388     0.38   0.705    -.0056137    .0082909
        ev_ln_mean_text_chars |   .0079882   .0046987     1.70   0.090     -.001243    .0172194
                sent_avg_bing |  -.0002837   .0011013    -0.26   0.797    -.0024473    .0018799
          sent_pos_share_bing |   .0159364   .0129962     1.23   0.221    -.0095962     .041469
          sent_neg_share_bing |   .0299551    .015178     1.97   0.049     .0001362     .059774
            ln_lag_volumn_acc |   .0351977   .0076282     4.61   0.000     .0202112    .0501842
           lag_avg_rating_acc |   .0402451   .0290762     1.38   0.167    -.0168784    .0973686
                   lag_sd_acc |   .0028417   .0378104     0.08   0.940    -.0714413    .0771247
            ln_avg_com_RevPAR |    .134061   .0161189     8.32   0.000     .1023935    .1657286
     lnRevenue_lag_month_w199 |   .3913839   .0192933    20.29   0.000     .3534799    .4292879
                        _cons |   1.570717   .1602487     9.80   0.000      1.25589    1.885544
-----------------------------------------------------------------------------------------------

Absorbed degrees of freedom:
------------------------------------------------------+
  Absorbed FE | Categories  - Redundant  = Num. Coefs |
--------------+---------------------------------------|
 hotel_id_num |       512         512           0    *|
           ym |       119           1         118     |
------------------------------------------------------+
* = FE nested within cluster; treated as redundant for DoF computation
(dropped 16 singleton observations)
(MWFE estimator converged in 7 iterations)

HDFE Linear regression                            Number of obs   =     21,902
Absorbing 2 HDFE groups                           F(  15,    511) =      74.28
Statistics robust to heteroskedasticity           Prob > F        =     0.0000
                                                  R-squared       =     0.8944
                                                  Adj R-squared   =     0.8912
                                                  Within R-sq.    =     0.2873
Number of clusters (hotel_id_num) =        512    Root MSE        =     0.1999

                                           (Std. err. adjusted for 512 clusters in hotel_id_num)
------------------------------------------------------------------------------------------------
                               |               Robust
        lnRevenue_current_w199 | Coefficient  std. err.      t    P>|t|     [95% conf. interval]
-------------------------------+----------------------------------------------------------------
                  ars_cross_ev |  -.0551329   .0310467    -1.78   0.076    -.1161279     .005862
                 city_n_full_c |  -.0007281   .0001607    -4.53   0.000    -.0010439   -.0004123
                               |
c.ars_cross_ev#c.city_n_full_c |   .0004139   .0002754     1.50   0.133    -.0001272    .0009549
                               |
            ev_ln_review_count |   .0461156   .0047874     9.63   0.000     .0367101    .0555211
                ev_mean_rating |  -.0000319   .0037783    -0.01   0.993    -.0074547     .007391
                  ev_sd_rating |   .0014352   .0035413     0.41   0.685    -.0055221    .0083924
         ev_ln_mean_text_chars |   .0083866   .0046506     1.80   0.072      -.00075    .0175232
                 sent_avg_bing |  -.0002237   .0011051    -0.20   0.840    -.0023948    .0019473
           sent_pos_share_bing |    .015939   .0130204     1.22   0.221    -.0096411    .0415191
           sent_neg_share_bing |   .0300281   .0151855     1.98   0.049     .0001943    .0598618
             ln_lag_volumn_acc |   .0362709   .0074314     4.88   0.000     .0216711    .0508708
            lag_avg_rating_acc |   .0405057   .0272113     1.49   0.137    -.0129541    .0939655
                    lag_sd_acc |   .0084717   .0361633     0.23   0.815    -.0625753    .0795188
             ln_avg_com_RevPAR |   .1281438   .0159629     8.03   0.000     .0967828    .1595047
      lnRevenue_lag_month_w199 |   .3855367   .0198788    19.39   0.000     .3464824     .424591
                         _cons |   1.604222   .1564429    10.25   0.000     1.296872    1.911573
------------------------------------------------------------------------------------------------

Absorbed degrees of freedom:
------------------------------------------------------+
  Absorbed FE | Categories  - Redundant  = Num. Coefs |
--------------+---------------------------------------|
 hotel_id_num |       512         512           0    *|
           ym |       119           1         118     |
------------------------------------------------------+
* = FE nested within cluster; treated as redundant for DoF computation
(dropped 16 singleton observations)
(MWFE estimator converged in 8 iterations)

HDFE Linear regression                            Number of obs   =     21,229
Absorbing 2 HDFE groups                           F(  15,    507) =      63.01
Statistics robust to heteroskedasticity           Prob > F        =     0.0000
                                                  R-squared       =     0.9005
                                                  Adj R-squared   =     0.8975
                                                  Within R-sq.    =     0.3209
Number of clusters (hotel_id_num) =        508    Root MSE        =     0.1954

                                                        (Std. err. adjusted for 508 clusters in hotel_id_num)
-------------------------------------------------------------------------------------------------------------
                                            |               Robust
                     lnRevenue_current_w199 | Coefficient  std. err.      t    P>|t|     [95% conf. interval]
--------------------------------------------+----------------------------------------------------------------
                               ars_cross_ev |   .9376308   .3343238     2.80   0.005     .2808002    1.594461
                 ln_comp_zip_mean_excl_full |   .2467075   .0326253     7.56   0.000     .1826101    .3108048
                                            |
c.ars_cross_ev#c.ln_comp_zip_mean_excl_full |  -.2351937   .0801144    -2.94   0.003    -.3925908   -.0777967
                                            |
                         ev_ln_review_count |   .0415055   .0049429     8.40   0.000     .0317944    .0512166
                             ev_mean_rating |   .0017752   .0037527     0.47   0.636    -.0055975    .0091479
                               ev_sd_rating |    .002199   .0036493     0.60   0.547    -.0049707    .0093687
                      ev_ln_mean_text_chars |   .0088853   .0048396     1.84   0.067    -.0006227    .0183934
                              sent_avg_bing |   .0000854   .0010975     0.08   0.938    -.0020709    .0022417
                        sent_pos_share_bing |   .0182037   .0129535     1.41   0.161    -.0072455    .0436529
                        sent_neg_share_bing |   .0316948   .0151263     2.10   0.037     .0019769    .0614127
                          ln_lag_volumn_acc |   .0348601   .0077443     4.50   0.000     .0196452     .050075
                         lag_avg_rating_acc |   .0455223   .0293558     1.55   0.122    -.0121517    .1031963
                                 lag_sd_acc |   .0000899   .0359212     0.00   0.998    -.0704829    .0706626
                          ln_avg_com_RevPAR |   .0674736   .0152855     4.41   0.000     .0374429    .0975042
                   lnRevenue_lag_month_w199 |   .3750967   .0196852    19.05   0.000      .336422    .4137714
                                      _cons |   .8501668   .2060602     4.13   0.000     .4453297    1.255004
-------------------------------------------------------------------------------------------------------------

Absorbed degrees of freedom:
------------------------------------------------------+
  Absorbed FE | Categories  - Redundant  = Num. Coefs |
--------------+---------------------------------------|
 hotel_id_num |       508         508           0    *|
           ym |       119           1         118     |
------------------------------------------------------+
* = FE nested within cluster; treated as redundant for DoF computation
(dropped 16 singleton observations)
(MWFE estimator converged in 7 iterations)

HDFE Linear regression                            Number of obs   =     21,902
Absorbing 2 HDFE groups                           F(  15,    511) =     109.93
Statistics robust to heteroskedasticity           Prob > F        =     0.0000
                                                  R-squared       =     0.8993
                                                  Adj R-squared   =     0.8962
                                                  Within R-sq.    =     0.3202
Number of clusters (hotel_id_num) =        512    Root MSE        =     0.1952

                                                         (Std. err. adjusted for 512 clusters in hotel_id_num)
--------------------------------------------------------------------------------------------------------------
                                             |               Robust
                      lnRevenue_current_w199 | Coefficient  std. err.      t    P>|t|     [95% conf. interval]
---------------------------------------------+----------------------------------------------------------------
                                ars_cross_ev |   1.149462   .5191187     2.21   0.027      .129593    2.169332
                 ln_comp_city_mean_excl_full |   .4117088   .0393905    10.45   0.000     .3343215    .4890961
                                             |
c.ars_cross_ev#c.ln_comp_city_mean_excl_full |  -.2731522   .1183491    -2.31   0.021    -.5056628   -.0406415
                                             |
                          ev_ln_review_count |    .045556   .0047365     9.62   0.000     .0362506    .0548613
                              ev_mean_rating |   .0024776   .0037259     0.66   0.506    -.0048424    .0097976
                                ev_sd_rating |   .0024181   .0035107     0.69   0.491    -.0044791    .0093152
                       ev_ln_mean_text_chars |    .008531    .004537     1.88   0.061    -.0003824    .0174444
                               sent_avg_bing |  -.0003777   .0010927    -0.35   0.730    -.0025244     .001769
                         sent_pos_share_bing |   .0214651   .0126753     1.69   0.091    -.0034371    .0463672
                         sent_neg_share_bing |   .0317551   .0152335     2.08   0.038     .0018271    .0616831
                           ln_lag_volumn_acc |   .0407487   .0079731     5.11   0.000     .0250847    .0564127
                          lag_avg_rating_acc |   .0313352   .0302179     1.04   0.300    -.0280313    .0907018
                                  lag_sd_acc |   .0031943   .0391151     0.08   0.935     -.073652    .0800406
                           ln_avg_com_RevPAR |   .1018581   .0157296     6.48   0.000     .0709555    .1327606
                    lnRevenue_lag_month_w199 |    .375566   .0203674    18.44   0.000     .3355519    .4155802
                                       _cons |  -.0396912   .2290828    -0.17   0.863    -.4897511    .4103688
--------------------------------------------------------------------------------------------------------------

Absorbed degrees of freedom:
------------------------------------------------------+
  Absorbed FE | Categories  - Redundant  = Num. Coefs |
--------------+---------------------------------------|
 hotel_id_num |       512         512           0    *|
           ym |       119           1         118     |
------------------------------------------------------+
* = FE nested within cluster; treated as redundant for DoF computation
(dropped 16 singleton observations)
(MWFE estimator converged in 8 iterations)

HDFE Linear regression                            Number of obs   =     21,229
Absorbing 2 HDFE groups                           F(  15,    507) =     122.15
Statistics robust to heteroskedasticity           Prob > F        =     0.0000
                                                  R-squared       =     0.9277
                                                  Adj R-squared   =     0.9255
                                                  Within R-sq.    =     0.5066
Number of clusters (hotel_id_num) =        508    Root MSE        =     0.1666

                                                 (Std. err. adjusted for 508 clusters in hotel_id_num)
------------------------------------------------------------------------------------------------------
                                     |               Robust
              lnRevenue_current_w199 | Coefficient  std. err.      t    P>|t|     [95% conf. interval]
-------------------------------------+----------------------------------------------------------------
                        ars_cross_ev |  -.0221065   .0287394    -0.77   0.442    -.0785695    .0343565
                 gap_zip_mean_full_c |   .3874017    .033081    11.71   0.000      .322409    .4523945
                                     |
c.ars_cross_ev#c.gap_zip_mean_full_c |  -.0300043   .0679012    -0.44   0.659    -.1634067    .1033982
                                     |
                  ev_ln_review_count |    .034364     .00503     6.83   0.000     .0244819    .0442462
                      ev_mean_rating |   -.002917   .0034816    -0.84   0.403    -.0097572    .0039232
                        ev_sd_rating |  -.0019074   .0027727    -0.69   0.492    -.0073548      .00354
               ev_ln_mean_text_chars |   .0031888   .0038942     0.82   0.413     -.004462    .0108396
                       sent_avg_bing |  -.0008322    .001052    -0.79   0.429    -.0028989    .0012346
                 sent_pos_share_bing |   .0075108   .0111128     0.68   0.499    -.0143221    .0293436
                 sent_neg_share_bing |   .0135249   .0126251     1.07   0.285    -.0112791    .0383289
                   ln_lag_volumn_acc |   .0311758   .0085889     3.63   0.000     .0143016    .0480499
                  lag_avg_rating_acc |  -.0155802   .0310155    -0.50   0.616     -.076515    .0453547
                          lag_sd_acc |  -.0653806   .0460365    -1.42   0.156    -.1558265    .0250653
                   ln_avg_com_RevPAR |    .240504   .0303909     7.91   0.000     .1807964    .3002116
            lnRevenue_lag_month_w199 |   .2769894   .0184427    15.02   0.000     .2407559     .313223
                               _cons |   1.979951   .1633503    12.12   0.000     1.659024    2.300878
------------------------------------------------------------------------------------------------------

Absorbed degrees of freedom:
------------------------------------------------------+
  Absorbed FE | Categories  - Redundant  = Num. Coefs |
--------------+---------------------------------------|
 hotel_id_num |       508         508           0    *|
           ym |       119           1         118     |
------------------------------------------------------+
* = FE nested within cluster; treated as redundant for DoF computation
(dropped 16 singleton observations)
(MWFE estimator converged in 7 iterations)

HDFE Linear regression                            Number of obs   =     21,902
Absorbing 2 HDFE groups                           F(  15,    511) =     143.46
Statistics robust to heteroskedasticity           Prob > F        =     0.0000
                                                  R-squared       =     0.9568
                                                  Adj R-squared   =     0.9555
                                                  Within R-sq.    =     0.7083
Number of clusters (hotel_id_num) =        512    Root MSE        =     0.1279

                                                  (Std. err. adjusted for 512 clusters in hotel_id_num)
-------------------------------------------------------------------------------------------------------
                                      |               Robust
               lnRevenue_current_w199 | Coefficient  std. err.      t    P>|t|     [95% conf. interval]
--------------------------------------+----------------------------------------------------------------
                         ars_cross_ev |  -.0472332   .0203398    -2.32   0.021    -.0871932   -.0072732
                 gap_city_mean_full_c |   .6489477   .0355533    18.25   0.000     .5790991    .7187963
                                      |
c.ars_cross_ev#c.gap_city_mean_full_c |    .033995   .0507108     0.67   0.503    -.0656323    .1336224
                                      |
                   ev_ln_review_count |   .0174513   .0037586     4.64   0.000     .0100671    .0248356
                       ev_mean_rating |  -.0053212   .0023737    -2.24   0.025    -.0099845   -.0006578
                         ev_sd_rating |  -.0025056   .0022007    -1.14   0.255    -.0068292     .001818
                ev_ln_mean_text_chars |   .0018978    .003128     0.61   0.544    -.0042476    .0080431
                        sent_avg_bing |  -.0000375   .0007517    -0.05   0.960    -.0015143    .0014393
                  sent_pos_share_bing |  -.0070602   .0083509    -0.85   0.398    -.0234665     .009346
                  sent_neg_share_bing |   .0005022   .0094516     0.05   0.958    -.0180666    .0190709
                    ln_lag_volumn_acc |   .0003659   .0063144     0.06   0.954    -.0120394    .0127713
                   lag_avg_rating_acc |   .0249155   .0211002     1.18   0.238    -.0165383    .0663692
                           lag_sd_acc |  -.0057088   .0285486    -0.20   0.842    -.0617959    .0503782
                    ln_avg_com_RevPAR |   .1061842   .0101354    10.48   0.000     .0862721    .1260963
             lnRevenue_lag_month_w199 |   .1488246   .0085907    17.32   0.000     .1319471    .1657021
                                _cons |   3.099066   .1146087    27.04   0.000     2.873903    3.324228
-------------------------------------------------------------------------------------------------------

Absorbed degrees of freedom:
------------------------------------------------------+
  Absorbed FE | Categories  - Redundant  = Num. Coefs |
--------------+---------------------------------------|
 hotel_id_num |       512         512           0    *|
           ym |       119           1         118     |
------------------------------------------------------+
* = FE nested within cluster; treated as redundant for DoF computation
(dropped 16 singleton observations)
(MWFE estimator converged in 7 iterations)

HDFE Linear regression                            Number of obs   =     21,926
Absorbing 2 HDFE groups                           F(  15,    511) =      68.18
Statistics robust to heteroskedasticity           Prob > F        =     0.0000
                                                  R-squared       =     0.8960
                                                  Adj R-squared   =     0.8929
                                                  Within R-sq.    =     0.3173
Number of clusters (hotel_id_num) =        512    Root MSE        =     0.1993

                                         (Std. err. adjusted for 512 clusters in hotel_id_num)
----------------------------------------------------------------------------------------------
                             |               Robust
      lnRevenue_current_w199 | Coefficient  std. err.      t    P>|t|     [95% conf. interval]
-----------------------------+----------------------------------------------------------------
                ars_cross_ev |  -.0423693   .0304965    -1.39   0.165    -.1022833    .0175447
                 price_gap_c |   .1335938   .0227516     5.87   0.000     .0888956     .178292
                             |
c.ars_cross_ev#c.price_gap_c |   .0186178   .0585197     0.32   0.751    -.0963509    .1335866
                             |
          ev_ln_review_count |    .044829   .0045559     9.84   0.000     .0358783    .0537797
              ev_mean_rating |   .0014142   .0037771     0.37   0.708    -.0060064    .0088348
                ev_sd_rating |   .0021455   .0035235     0.61   0.543    -.0047769    .0090679
       ev_ln_mean_text_chars |   .0068484   .0046972     1.46   0.145    -.0023799    .0160767
               sent_avg_bing |  -.0003824   .0010678    -0.36   0.720    -.0024803    .0017154
         sent_pos_share_bing |   .0183353   .0128236     1.43   0.153    -.0068582    .0435288
         sent_neg_share_bing |   .0286879   .0146476     1.96   0.051    -.0000889    .0574648
           ln_lag_volumn_acc |   .0320034   .0073051     4.38   0.000     .0176517    .0463551
          lag_avg_rating_acc |   .0314818   .0291761     1.08   0.281    -.0258382    .0888017
                  lag_sd_acc |  -.0041297   .0348366    -0.12   0.906    -.0725703    .0643108
           ln_avg_com_RevPAR |   .2274998   .0200427    11.35   0.000     .1881235    .2668761
    lnRevenue_lag_month_w199 |   .2963978   .0198614    14.92   0.000     .2573777     .335418
                       _cons |    1.63236   .1558144    10.48   0.000     1.326244    1.938475
----------------------------------------------------------------------------------------------

Absorbed degrees of freedom:
------------------------------------------------------+
  Absorbed FE | Categories  - Redundant  = Num. Coefs |
--------------+---------------------------------------|
 hotel_id_num |       512         512           0    *|
           ym |       119           1         118     |
------------------------------------------------------+
* = FE nested within cluster; treated as redundant for DoF computation
(dropped 13 singleton observations)
(MWFE estimator converged in 8 iterations)
note: 1bn.chain is probably collinear with the fixed effects (all partialled-out values are close to zero; tol = 1.0e-09)

HDFE Linear regression                            Number of obs   =     18,024
Absorbing 2 HDFE groups                           F(  14,    421) =      62.49
Statistics robust to heteroskedasticity           Prob > F        =     0.0000
                                                  R-squared       =     0.8948
                                                  Adj R-squared   =     0.8914
                                                  Within R-sq.    =     0.2757
Number of clusters (hotel_id_num) =        422    Root MSE        =     0.1994

                                     (Std. err. adjusted for 422 clusters in hotel_id_num)
------------------------------------------------------------------------------------------
                         |               Robust
  lnRevenue_current_w199 | Coefficient  std. err.      t    P>|t|     [95% conf. interval]
-------------------------+----------------------------------------------------------------
            ars_cross_ev |  -.2572957   .1025214    -2.51   0.012    -.4588132   -.0557782
                 1.chain |          0  (omitted)
                         |
    chain#c.ars_cross_ev |
                      1  |   .2301947   .1097509     2.10   0.037     .0144668    .4459226
                         |
      ev_ln_review_count |   .0454404   .0052723     8.62   0.000     .0350771    .0558036
          ev_mean_rating |   .0010556   .0041292     0.26   0.798    -.0070609    .0091721
            ev_sd_rating |   .0025366   .0038741     0.65   0.513    -.0050784    .0101515
   ev_ln_mean_text_chars |   .0085502   .0053607     1.59   0.111     -.001987    .0190873
           sent_avg_bing |  -.0016777   .0011801    -1.42   0.156    -.0039974    .0006419
     sent_pos_share_bing |    .022107   .0141841     1.56   0.120    -.0057734    .0499875
     sent_neg_share_bing |   .0240928   .0175091     1.38   0.170    -.0103233    .0585089
       ln_lag_volumn_acc |   .0358227   .0075993     4.71   0.000     .0208854    .0507601
      lag_avg_rating_acc |   .0449151   .0349089     1.29   0.199    -.0237023    .1135325
              lag_sd_acc |   .0266764   .0409231     0.65   0.515    -.0537626    .1071154
       ln_avg_com_RevPAR |   .1299191   .0174431     7.45   0.000     .0956327    .1642055
lnRevenue_lag_month_w199 |   .3818703   .0207077    18.44   0.000     .3411669    .4225737
                   _cons |   1.598205   .1774676     9.01   0.000     1.249372    1.947038
------------------------------------------------------------------------------------------

Absorbed degrees of freedom:
------------------------------------------------------+
  Absorbed FE | Categories  - Redundant  = Num. Coefs |
--------------+---------------------------------------|
 hotel_id_num |       422         422           0    *|
           ym |       119           1         118     |
------------------------------------------------------+
* = FE nested within cluster; treated as redundant for DoF computation
(dropped 13 singleton observations)
(MWFE estimator converged in 8 iterations)
note: 1bn.independent is probably collinear with the fixed effects (all partialled-out values are close to zero; tol = 1.0e-09)

HDFE Linear regression                            Number of obs   =     18,024
Absorbing 2 HDFE groups                           F(  14,    421) =      62.49
Statistics robust to heteroskedasticity           Prob > F        =     0.0000
                                                  R-squared       =     0.8948
                                                  Adj R-squared   =     0.8914
                                                  Within R-sq.    =     0.2757
Number of clusters (hotel_id_num) =        422    Root MSE        =     0.1994

                                       (Std. err. adjusted for 422 clusters in hotel_id_num)
--------------------------------------------------------------------------------------------
                           |               Robust
    lnRevenue_current_w199 | Coefficient  std. err.      t    P>|t|     [95% conf. interval]
---------------------------+----------------------------------------------------------------
              ars_cross_ev |   -.027101   .0357435    -0.76   0.449    -.0973589     .043157
             1.independent |          0  (omitted)
                           |
independent#c.ars_cross_ev |
                        1  |  -.2301947   .1097509    -2.10   0.037    -.4459226   -.0144668
                           |
        ev_ln_review_count |   .0454404   .0052723     8.62   0.000     .0350771    .0558036
            ev_mean_rating |   .0010556   .0041292     0.26   0.798    -.0070609    .0091721
              ev_sd_rating |   .0025366   .0038741     0.65   0.513    -.0050784    .0101515
     ev_ln_mean_text_chars |   .0085502   .0053607     1.59   0.111     -.001987    .0190873
             sent_avg_bing |  -.0016777   .0011801    -1.42   0.156    -.0039974    .0006419
       sent_pos_share_bing |    .022107   .0141841     1.56   0.120    -.0057734    .0499875
       sent_neg_share_bing |   .0240928   .0175091     1.38   0.170    -.0103233    .0585089
         ln_lag_volumn_acc |   .0358227   .0075993     4.71   0.000     .0208854    .0507601
        lag_avg_rating_acc |   .0449151   .0349089     1.29   0.199    -.0237023    .1135325
                lag_sd_acc |   .0266764   .0409231     0.65   0.515    -.0537626    .1071154
         ln_avg_com_RevPAR |   .1299191   .0174431     7.45   0.000     .0956327    .1642055
  lnRevenue_lag_month_w199 |   .3818703   .0207077    18.44   0.000     .3411669    .4225737
                     _cons |   1.598205   .1774676     9.01   0.000     1.249372    1.947038
--------------------------------------------------------------------------------------------

Absorbed degrees of freedom:
------------------------------------------------------+
  Absorbed FE | Categories  - Redundant  = Num. Coefs |
--------------+---------------------------------------|
 hotel_id_num |       422         422           0    *|
           ym |       119           1         118     |
------------------------------------------------------+
* = FE nested within cluster; treated as redundant for DoF computation
(dropped 13 singleton observations)
(MWFE estimator converged in 8 iterations)
note: 1bn.chain_small is probably collinear with the fixed effects (all partialled-out values are close to zero; tol = 1.0e-09)

HDFE Linear regression                            Number of obs   =     18,024
Absorbing 2 HDFE groups                           F(  14,    421) =      62.49
Statistics robust to heteroskedasticity           Prob > F        =     0.0000
                                                  R-squared       =     0.8948
                                                  Adj R-squared   =     0.8914
                                                  Within R-sq.    =     0.2757
Number of clusters (hotel_id_num) =        422    Root MSE        =     0.1994

                                       (Std. err. adjusted for 422 clusters in hotel_id_num)
--------------------------------------------------------------------------------------------
                           |               Robust
    lnRevenue_current_w199 | Coefficient  std. err.      t    P>|t|     [95% conf. interval]
---------------------------+----------------------------------------------------------------
              ars_cross_ev |  -.2572957   .1025214    -2.51   0.012    -.4588132   -.0557782
             1.chain_small |          0  (omitted)
                           |
chain_small#c.ars_cross_ev |
                        1  |   .2301947   .1097509     2.10   0.037     .0144668    .4459226
                           |
        ev_ln_review_count |   .0454404   .0052723     8.62   0.000     .0350771    .0558036
            ev_mean_rating |   .0010556   .0041292     0.26   0.798    -.0070609    .0091721
              ev_sd_rating |   .0025366   .0038741     0.65   0.513    -.0050784    .0101515
     ev_ln_mean_text_chars |   .0085502   .0053607     1.59   0.111     -.001987    .0190873
             sent_avg_bing |  -.0016777   .0011801    -1.42   0.156    -.0039974    .0006419
       sent_pos_share_bing |    .022107   .0141841     1.56   0.120    -.0057734    .0499875
       sent_neg_share_bing |   .0240928   .0175091     1.38   0.170    -.0103233    .0585089
         ln_lag_volumn_acc |   .0358227   .0075993     4.71   0.000     .0208854    .0507601
        lag_avg_rating_acc |   .0449151   .0349089     1.29   0.199    -.0237023    .1135325
                lag_sd_acc |   .0266764   .0409231     0.65   0.515    -.0537626    .1071154
         ln_avg_com_RevPAR |   .1299191   .0174431     7.45   0.000     .0956327    .1642055
  lnRevenue_lag_month_w199 |   .3818703   .0207077    18.44   0.000     .3411669    .4225737
                     _cons |   1.598205   .1774676     9.01   0.000     1.249372    1.947038
--------------------------------------------------------------------------------------------

Absorbed degrees of freedom:
------------------------------------------------------+
  Absorbed FE | Categories  - Redundant  = Num. Coefs |
--------------+---------------------------------------|
 hotel_id_num |       422         422           0    *|
           ym |       119           1         118     |
------------------------------------------------------+
* = FE nested within cluster; treated as redundant for DoF computation
(dropped 13 singleton observations)
(MWFE estimator converged in 8 iterations)
note: 1bn.chain3_small is probably collinear with the fixed effects (all partialled-out values are close to zero; tol = 1.0e-09)

HDFE Linear regression                            Number of obs   =     18,024
Absorbing 2 HDFE groups                           F(  14,    421) =      62.53
Statistics robust to heteroskedasticity           Prob > F        =     0.0000
                                                  R-squared       =     0.8948
                                                  Adj R-squared   =     0.8914
                                                  Within R-sq.    =     0.2757
Number of clusters (hotel_id_num) =        422    Root MSE        =     0.1994

                                        (Std. err. adjusted for 422 clusters in hotel_id_num)
---------------------------------------------------------------------------------------------
                            |               Robust
     lnRevenue_current_w199 | Coefficient  std. err.      t    P>|t|     [95% conf. interval]
----------------------------+----------------------------------------------------------------
               ars_cross_ev |  -.2425734   .1008442    -2.41   0.017    -.4407943   -.0443525
             1.chain3_small |          0  (omitted)
                            |
chain3_small#c.ars_cross_ev |
                         1  |   .2140401    .108237     1.98   0.049     .0012879    .4267924
                            |
         ev_ln_review_count |   .0454242   .0052719     8.62   0.000     .0350615    .0557868
             ev_mean_rating |   .0010255   .0041298     0.25   0.804    -.0070921     .009143
               ev_sd_rating |   .0025242   .0038726     0.65   0.515    -.0050879    .0101363
      ev_ln_mean_text_chars |   .0085716   .0053605     1.60   0.111    -.0019651    .0191083
              sent_avg_bing |  -.0016802   .0011801    -1.42   0.155    -.0039998    .0006393
        sent_pos_share_bing |    .022073   .0141865     1.56   0.120    -.0058122    .0499582
        sent_neg_share_bing |   .0240995   .0175071     1.38   0.169    -.0103127    .0585116
          ln_lag_volumn_acc |   .0358277   .0075995     4.71   0.000     .0208901    .0507653
         lag_avg_rating_acc |   .0449273   .0349141     1.29   0.199    -.0237004     .113555
                 lag_sd_acc |   .0267505    .040921     0.65   0.514    -.0536844    .1071855
          ln_avg_com_RevPAR |   .1299025    .017443     7.45   0.000     .0956163    .1641887
   lnRevenue_lag_month_w199 |   .3818874   .0207065    18.44   0.000     .3411863    .4225885
                      _cons |   1.598086   .1774972     9.00   0.000     1.249195    1.946977
---------------------------------------------------------------------------------------------

Absorbed degrees of freedom:
------------------------------------------------------+
  Absorbed FE | Categories  - Redundant  = Num. Coefs |
--------------+---------------------------------------|
 hotel_id_num |       422         422           0    *|
           ym |       119           1         118     |
------------------------------------------------------+
* = FE nested within cluster; treated as redundant for DoF computation
(dropped 16 singleton observations)
(MWFE estimator converged in 7 iterations)
note: 3bn.star_class_final is probably collinear with the fixed effects (all partialled-out values are close to zero; tol = 1.0e-09)
note: 4bn.star_class_final is probably collinear with the fixed effects (all partialled-out values are close to zero; tol = 1.0e-09)
note: 5bn.star_class_final is probably collinear with the fixed effects (all partialled-out values are close to zero; tol = 1.0e-09)
note: 6bn.star_class_final is probably collinear with the fixed effects (all partialled-out values are close to zero; tol = 1.0e-09)
note: 7bn.star_class_final is probably collinear with the fixed effects (all partialled-out values are close to zero; tol = 1.0e-09)
note: 8bn.star_class_final is probably collinear with the fixed effects (all partialled-out values are close to zero; tol = 1.0e-09)
note: 9bn.star_class_final is probably collinear with the fixed effects (all partialled-out values are close to zero; tol = 1.0e-09)

HDFE Linear regression                            Number of obs   =     21,457
Absorbing 2 HDFE groups                           F(  20,    501) =      80.11
Statistics robust to heteroskedasticity           Prob > F        =     0.0000
                                                  R-squared       =     0.8914
                                                  Adj R-squared   =     0.8881
                                                  Within R-sq.    =     0.3033
Number of clusters (hotel_id_num) =        502    Root MSE        =     0.1984

                                            (Std. err. adjusted for 502 clusters in hotel_id_num)
-------------------------------------------------------------------------------------------------
                                |               Robust
         lnRevenue_current_w199 | Coefficient  std. err.      t    P>|t|     [95% conf. interval]
--------------------------------+----------------------------------------------------------------
                   ars_cross_ev |  -.6697386   .0989793    -6.77   0.000    -.8642042    -.475273
                                |
               star_class_final |
                             3  |          0  (omitted)
                             4  |          0  (omitted)
                             5  |          0  (omitted)
                             6  |          0  (omitted)
                             7  |          0  (omitted)
                             8  |          0  (omitted)
                             9  |          0  (omitted)
                                |
star_class_final#c.ars_cross_ev |
                             3  |   .5990184   .1374106     4.36   0.000     .3290464    .8689904
                             4  |   .5578758   .1160402     4.81   0.000     .3298905    .7858611
                             5  |    .714363   .1054153     6.78   0.000     .5072524    .9214736
                             6  |   .5339491   .1630519     3.27   0.001     .2135994    .8542989
                             7  |   .6405926   .1795137     3.57   0.000        .2879    .9932851
                             8  |   .0516014   .3119841     0.17   0.869     -.561357    .6645598
                             9  |   .5240412   .1760968     2.98   0.003     .1780619    .8700204
                                |
             ev_ln_review_count |   .0452285   .0047336     9.55   0.000     .0359284    .0545287
                 ev_mean_rating |   .0012552   .0039481     0.32   0.751    -.0065018    .0090121
                   ev_sd_rating |   .0021709   .0035457     0.61   0.541    -.0047953    .0091371
          ev_ln_mean_text_chars |   .0093115   .0047134     1.98   0.049     .0000511    .0185719
                  sent_avg_bing |  -.0003457   .0011245    -0.31   0.759    -.0025551    .0018636
            sent_pos_share_bing |   .0168014   .0131893     1.27   0.203    -.0091118    .0427145
            sent_neg_share_bing |   .0283547   .0153105     1.85   0.065    -.0017261    .0584355
              ln_lag_volumn_acc |   .0311632   .0076686     4.06   0.000     .0160966    .0462297
             lag_avg_rating_acc |   .0396603   .0302186     1.31   0.190    -.0197106    .0990311
                     lag_sd_acc |   .0034048   .0379157     0.09   0.928    -.0710886    .0778982
              ln_avg_com_RevPAR |    .132174   .0160046     8.26   0.000     .1007296    .1636185
       lnRevenue_lag_month_w199 |   .4155085    .021107    19.69   0.000     .3740393    .4569777
                          _cons |   1.478318   .1645142     8.99   0.000     1.155095     1.80154
-------------------------------------------------------------------------------------------------

Absorbed degrees of freedom:
------------------------------------------------------+
  Absorbed FE | Categories  - Redundant  = Num. Coefs |
--------------+---------------------------------------|
 hotel_id_num |       502         502           0    *|
           ym |       119           1         118     |
------------------------------------------------------+
* = FE nested within cluster; treated as redundant for DoF computation
(dropped 16 singleton observations)
(MWFE estimator converged in 7 iterations)
note: 1bn.high_star4 is probably collinear with the fixed effects (all partialled-out values are close to zero; tol = 1.0e-09)

HDFE Linear regression                            Number of obs   =     21,457
Absorbing 2 HDFE groups                           F(  14,    501) =      69.43
Statistics robust to heteroskedasticity           Prob > F        =     0.0000
                                                  R-squared       =     0.8914
                                                  Adj R-squared   =     0.8881
                                                  Within R-sq.    =     0.3029
Number of clusters (hotel_id_num) =        502    Root MSE        =     0.1984

                                      (Std. err. adjusted for 502 clusters in hotel_id_num)
-------------------------------------------------------------------------------------------
                          |               Robust
   lnRevenue_current_w199 | Coefficient  std. err.      t    P>|t|     [95% conf. interval]
--------------------------+----------------------------------------------------------------
             ars_cross_ev |  -.0768484   .0949321    -0.81   0.419    -.2633625    .1096657
             1.high_star4 |          0  (omitted)
                          |
high_star4#c.ars_cross_ev |
                       1  |   .0415023   .1016788     0.41   0.683    -.1582672    .2412717
                          |
       ev_ln_review_count |   .0449852    .004743     9.48   0.000     .0356666    .0543039
           ev_mean_rating |   .0012054   .0039455     0.31   0.760    -.0065464    .0089572
             ev_sd_rating |   .0021425   .0035533     0.60   0.547    -.0048388    .0091238
    ev_ln_mean_text_chars |   .0094027   .0047108     2.00   0.046     .0001473    .0186581
            sent_avg_bing |  -.0003208    .001122    -0.29   0.775    -.0025252    .0018836
      sent_pos_share_bing |   .0170489   .0131763     1.29   0.196    -.0088388    .0429365
      sent_neg_share_bing |   .0290023   .0152795     1.90   0.058    -.0010175    .0590222
        ln_lag_volumn_acc |   .0304825   .0076335     3.99   0.000     .0154849    .0454801
       lag_avg_rating_acc |    .041221   .0301835     1.37   0.173    -.0180808    .1005228
               lag_sd_acc |    .003634   .0378455     0.10   0.924    -.0707215    .0779896
        ln_avg_com_RevPAR |   .1319797   .0159853     8.26   0.000     .1005732    .1633861
 lnRevenue_lag_month_w199 |   .4157027   .0211041    19.70   0.000     .3742393    .4571661
                    _cons |   1.473333   .1643856     8.96   0.000     1.150363    1.796303
-------------------------------------------------------------------------------------------

Absorbed degrees of freedom:
------------------------------------------------------+
  Absorbed FE | Categories  - Redundant  = Num. Coefs |
--------------+---------------------------------------|
 hotel_id_num |       502         502           0    *|
           ym |       119           1         118     |
------------------------------------------------------+
* = FE nested within cluster; treated as redundant for DoF computation
(dropped 16 singleton observations)
(MWFE estimator converged in 7 iterations)
note: lag_avg_rating_acc omitted because of collinearity

HDFE Linear regression                            Number of obs   =     21,926
Absorbing 2 HDFE groups                           F(  14,    511) =      70.15
Statistics robust to heteroskedasticity           Prob > F        =     0.0000
                                                  R-squared       =     0.8924
                                                  Adj R-squared   =     0.8892
                                                  Within R-sq.    =     0.2936
Number of clusters (hotel_id_num) =        512    Root MSE        =     0.2027

                                                (Std. err. adjusted for 512 clusters in hotel_id_num)
-----------------------------------------------------------------------------------------------------
                                    |               Robust
             lnRevenue_current_w199 | Coefficient  std. err.      t    P>|t|     [95% conf. interval]
------------------------------------+----------------------------------------------------------------
                       ars_cross_ev |   .0904955   .2634476     0.34   0.731    -.4270783    .6080692
                 lag_avg_rating_acc |   .0488595   .0329482     1.48   0.139    -.0158711      .11359
                                    |
c.ars_cross_ev#c.lag_avg_rating_acc |  -.0347348   .0657574    -0.53   0.598     -.163923    .0944534
                                    |
                 ev_ln_review_count |   .0448637   .0047491     9.45   0.000     .0355335     .054194
                     ev_mean_rating |   .0017827   .0038932     0.46   0.647    -.0058658    .0094313
                       ev_sd_rating |   .0020198   .0035644     0.57   0.571     -.004983    .0090225
              ev_ln_mean_text_chars |    .009378   .0047365     1.98   0.048     .0000727    .0186834
                      sent_avg_bing |  -.0002528    .001105    -0.23   0.819    -.0024238    .0019181
                sent_pos_share_bing |   .0149582   .0131567     1.14   0.256    -.0108897    .0408061
                sent_neg_share_bing |    .028165   .0151064     1.86   0.063    -.0015132    .0578432
                  ln_lag_volumn_acc |   .0335948   .0075735     4.44   0.000     .0187157    .0484738
                 lag_avg_rating_acc |          0  (omitted)
                         lag_sd_acc |  -.0016642   .0378955    -0.04   0.965    -.0761144     .072786
                  ln_avg_com_RevPAR |    .133359   .0159779     8.35   0.000     .1019685    .1647495
           lnRevenue_lag_month_w199 |   .4074691     .02078    19.61   0.000     .3666443    .4482939
                              _cons |   1.467865   .1661641     8.83   0.000     1.141416    1.794314
-----------------------------------------------------------------------------------------------------

Absorbed degrees of freedom:
------------------------------------------------------+
  Absorbed FE | Categories  - Redundant  = Num. Coefs |
--------------+---------------------------------------|
 hotel_id_num |       512         512           0    *|
           ym |       119           1         118     |
------------------------------------------------------+
* = FE nested within cluster; treated as redundant for DoF computation
(dropped 16 singleton observations)
(MWFE estimator converged in 7 iterations)

HDFE Linear regression                            Number of obs   =     21,926
Absorbing 2 HDFE groups                           F(  15,    511) =      65.29
Statistics robust to heteroskedasticity           Prob > F        =     0.0000
                                                  R-squared       =     0.8925
                                                  Adj R-squared   =     0.8892
                                                  Within R-sq.    =     0.2939
Number of clusters (hotel_id_num) =        512    Root MSE        =     0.2027

                                           (Std. err. adjusted for 512 clusters in hotel_id_num)
------------------------------------------------------------------------------------------------
                               |               Robust
        lnRevenue_current_w199 | Coefficient  std. err.      t    P>|t|     [95% conf. interval]
-------------------------------+----------------------------------------------------------------
                  ars_cross_ev |    .014416   .0466724     0.31   0.758    -.0772775    .1061095
             1.high_quality_ym |   .0163734   .0203219     0.81   0.421    -.0235513    .0562981
                               |
high_quality_ym#c.ars_cross_ev |
                            1  |   -.117808    .061541    -1.91   0.056    -.2387124    .0030965
                               |
            ev_ln_review_count |   .0446031   .0047844     9.32   0.000     .0352036    .0540026
                ev_mean_rating |    .001704   .0039005     0.44   0.662    -.0059589    .0093669
                  ev_sd_rating |   .0018659   .0035701     0.52   0.601    -.0051479    .0088797
         ev_ln_mean_text_chars |   .0092925   .0047359     1.96   0.050    -.0000117    .0185967
                 sent_avg_bing |  -.0002772   .0011051    -0.25   0.802    -.0024482    .0018938
           sent_pos_share_bing |   .0155231   .0130918     1.19   0.236    -.0101974    .0412435
           sent_neg_share_bing |   .0283529   .0151322     1.87   0.062    -.0013761     .058082
             ln_lag_volumn_acc |    .034103   .0075532     4.52   0.000     .0192639    .0489422
            lag_avg_rating_acc |   .0483809   .0300449     1.61   0.108    -.0106457    .1074075
                    lag_sd_acc |  -.0049808   .0379243    -0.13   0.896    -.0794876     .069526
             ln_avg_com_RevPAR |   .1334932   .0159131     8.39   0.000       .10223    .1647564
      lnRevenue_lag_month_w199 |   .4072688    .020685    19.69   0.000     .3666307    .4479069
                         _cons |   1.463728   .1617598     9.05   0.000     1.145932    1.781524
------------------------------------------------------------------------------------------------

Absorbed degrees of freedom:
------------------------------------------------------+
  Absorbed FE | Categories  - Redundant  = Num. Coefs |
--------------+---------------------------------------|
 hotel_id_num |       512         512           0    *|
           ym |       119           1         118     |
------------------------------------------------------+
* = FE nested within cluster; treated as redundant for DoF computation
(dropped 16 singleton observations)
(MWFE estimator converged in 7 iterations)

HDFE Linear regression                            Number of obs   =     21,926
Absorbing 2 HDFE groups                           F(  15,    511) =      64.79
Statistics robust to heteroskedasticity           Prob > F        =     0.0000
                                                  R-squared       =     0.8925
                                                  Adj R-squared   =     0.8892
                                                  Within R-sq.    =     0.2938
Number of clusters (hotel_id_num) =        512    Root MSE        =     0.2027

                                               (Std. err. adjusted for 512 clusters in hotel_id_num)
----------------------------------------------------------------------------------------------------
                                   |               Robust
            lnRevenue_current_w199 | Coefficient  std. err.      t    P>|t|     [95% conf. interval]
-----------------------------------+----------------------------------------------------------------
                      ars_cross_ev |   .0083262   .0465739     0.18   0.858    -.0831738    .0998261
             1.high_quality_cityym |   .0190594   .0207126     0.92   0.358    -.0216329    .0597517
                                   |
high_quality_cityym#c.ars_cross_ev |
                                1  |  -.1074849   .0609455    -1.76   0.078    -.2272194    .0122497
                                   |
                ev_ln_review_count |    .044914   .0047394     9.48   0.000     .0356028    .0542251
                    ev_mean_rating |   .0016694   .0039031     0.43   0.669    -.0059988    .0093376
                      ev_sd_rating |   .0019359   .0035625     0.54   0.587     -.005063    .0089349
             ev_ln_mean_text_chars |   .0092217   .0047274     1.95   0.052    -.0000659    .0185093
                     sent_avg_bing |  -.0002539   .0011043    -0.23   0.818    -.0024235    .0019157
               sent_pos_share_bing |   .0152242   .0131083     1.16   0.246    -.0105286     .040977
               sent_neg_share_bing |   .0281367   .0151276     1.86   0.063    -.0015833    .0578568
                 ln_lag_volumn_acc |   .0339413   .0075513     4.49   0.000     .0191058    .0487768
                lag_avg_rating_acc |   .0450669   .0302357     1.49   0.137    -.0143347    .1044686
                        lag_sd_acc |   -.004586   .0375758    -0.12   0.903    -.0784081    .0692361
                 ln_avg_com_RevPAR |   .1332056   .0159871     8.33   0.000     .1017971    .1646141
          lnRevenue_lag_month_w199 |   .4074482   .0206899    19.69   0.000     .3668005    .4480958
                             _cons |    1.47652   .1644402     8.98   0.000     1.153458    1.799582
----------------------------------------------------------------------------------------------------

Absorbed degrees of freedom:
------------------------------------------------------+
  Absorbed FE | Categories  - Redundant  = Num. Coefs |
--------------+---------------------------------------|
 hotel_id_num |       512         512           0    *|
           ym |       119           1         118     |
------------------------------------------------------+
* = FE nested within cluster; treated as redundant for DoF computation
(dropped 16 singleton observations)
(MWFE estimator converged in 7 iterations)

HDFE Linear regression                            Number of obs   =     21,926
Absorbing 2 HDFE groups                           F(  15,    511) =      64.50
Statistics robust to heteroskedasticity           Prob > F        =     0.0000
                                                  R-squared       =     0.8924
                                                  Adj R-squared   =     0.8892
                                                  Within R-sq.    =     0.2936
Number of clusters (hotel_id_num) =        512    Root MSE        =     0.2027

                                              (Std. err. adjusted for 512 clusters in hotel_id_num)
---------------------------------------------------------------------------------------------------
                                  |               Robust
           lnRevenue_current_w199 | Coefficient  std. err.      t    P>|t|     [95% conf. interval]
----------------------------------+----------------------------------------------------------------
                     ars_cross_ev |   -.030413   .0412673    -0.74   0.461    -.1114875    .0506615
             1.high_quality_zipym |    .006908   .0183691     0.38   0.707    -.0291802    .0429962
                                  |
high_quality_zipym#c.ars_cross_ev |
                               1  |  -.0391668   .0574273    -0.68   0.496    -.1519895     .073656
                                  |
               ev_ln_review_count |   .0446975   .0047631     9.38   0.000     .0353398    .0540553
                   ev_mean_rating |   .0017708   .0039077     0.45   0.651    -.0059064    .0094479
                     ev_sd_rating |   .0020609   .0035591     0.58   0.563    -.0049314    .0090533
            ev_ln_mean_text_chars |   .0093986   .0047374     1.98   0.048     .0000914    .0187058
                    sent_avg_bing |  -.0002541   .0011029    -0.23   0.818    -.0024208    .0019127
              sent_pos_share_bing |    .014915   .0130975     1.14   0.255    -.0108165    .0406466
              sent_neg_share_bing |   .0282503    .015122     1.87   0.062    -.0014587    .0579594
                ln_lag_volumn_acc |   .0336475   .0075644     4.45   0.000     .0187864    .0485085
               lag_avg_rating_acc |   .0409381   .0298888     1.37   0.171     -.017782    .0996582
                       lag_sd_acc |  -.0018564   .0379682    -0.05   0.961    -.0764494    .0727367
                ln_avg_com_RevPAR |   .1334231   .0159766     8.35   0.000     .1020353    .1648109
         lnRevenue_lag_month_w199 |   .4074063   .0207659    19.62   0.000     .3666094    .4482033
                            _cons |   1.496427   .1625352     9.21   0.000     1.177107    1.815746
---------------------------------------------------------------------------------------------------

Absorbed degrees of freedom:
------------------------------------------------------+
  Absorbed FE | Categories  - Redundant  = Num. Coefs |
--------------+---------------------------------------|
 hotel_id_num |       512         512           0    *|
           ym |       119           1         118     |
------------------------------------------------------+
* = FE nested within cluster; treated as redundant for DoF computation
(dropped 16 singleton observations)
(MWFE estimator converged in 7 iterations)
note: 1bn.high_rank_status is probably collinear with the fixed effects (all partialled-out values are close to zero; tol = 1.0e-09)

HDFE Linear regression                            Number of obs   =     21,926
Absorbing 2 HDFE groups                           F(  14,    511) =      69.17
Statistics robust to heteroskedasticity           Prob > F        =     0.0000
                                                  R-squared       =     0.8924
                                                  Adj R-squared   =     0.8892
                                                  Within R-sq.    =     0.2936
Number of clusters (hotel_id_num) =        512    Root MSE        =     0.2027

                                            (Std. err. adjusted for 512 clusters in hotel_id_num)
-------------------------------------------------------------------------------------------------
                                |               Robust
         lnRevenue_current_w199 | Coefficient  std. err.      t    P>|t|     [95% conf. interval]
--------------------------------+----------------------------------------------------------------
                   ars_cross_ev |  -.0204283   .0410767    -0.50   0.619    -.1011284    .0602718
             1.high_rank_status |          0  (omitted)
                                |
high_rank_status#c.ars_cross_ev |
                             1  |  -.0557434   .0620315    -0.90   0.369    -.1776115    .0661247
                                |
             ev_ln_review_count |   .0450756   .0047185     9.55   0.000     .0358056    .0543456
                 ev_mean_rating |   .0017944   .0039045     0.46   0.646    -.0058765    .0094652
                   ev_sd_rating |   .0019478   .0035603     0.55   0.585    -.0050468    .0089424
          ev_ln_mean_text_chars |   .0093343   .0047333     1.97   0.049     .0000352    .0186334
                  sent_avg_bing |  -.0002712   .0011065    -0.25   0.806    -.0024451    .0019026
            sent_pos_share_bing |   .0151343   .0131228     1.15   0.249    -.0106469    .0409155
            sent_neg_share_bing |   .0283613   .0151363     1.87   0.062    -.0013757    .0580983
              ln_lag_volumn_acc |   .0336237   .0075723     4.44   0.000     .0187471    .0485004
             lag_avg_rating_acc |   .0393147   .0302067     1.30   0.194    -.0200298    .0986592
                     lag_sd_acc |  -.0016364   .0378036    -0.04   0.965    -.0759059    .0726332
              ln_avg_com_RevPAR |   .1333779   .0159708     8.35   0.000     .1020013    .1647545
       lnRevenue_lag_month_w199 |   .4075631   .0207837    19.61   0.000      .366731    .4483951
                          _cons |   1.506143   .1635263     9.21   0.000     1.184876    1.827409
-------------------------------------------------------------------------------------------------

Absorbed degrees of freedom:
------------------------------------------------------+
  Absorbed FE | Categories  - Redundant  = Num. Coefs |
--------------+---------------------------------------|
 hotel_id_num |       512         512           0    *|
           ym |       119           1         118     |
------------------------------------------------------+
* = FE nested within cluster; treated as redundant for DoF computation
(dropped 16 singleton observations)
(MWFE estimator converged in 7 iterations)
note: 2bn.hotel_evaluation_factor is probably collinear with the fixed effects (all partialled-out values are close to zero; tol = 1.0e-09)
note: 3bn.hotel_evaluation_factor is probably collinear with the fixed effects (all partialled-out values are close to zero; tol = 1.0e-09)
note: 4bn.hotel_evaluation_factor is probably collinear with the fixed effects (all partialled-out values are close to zero; tol = 1.0e-09)
note: 5bn.hotel_evaluation_factor is probably collinear with the fixed effects (all partialled-out values are close to zero; tol = 1.0e-09)

HDFE Linear regression                            Number of obs   =     21,926
Absorbing 2 HDFE groups                           F(  17,    511) =      58.28
Statistics robust to heteroskedasticity           Prob > F        =     0.0000
                                                  R-squared       =     0.8925
                                                  Adj R-squared   =     0.8892
                                                  Within R-sq.    =     0.2938
Number of clusters (hotel_id_num) =        512    Root MSE        =     0.2027

                                                   (Std. err. adjusted for 512 clusters in hotel_id_num)
--------------------------------------------------------------------------------------------------------
                                       |               Robust
                lnRevenue_current_w199 | Coefficient  std. err.      t    P>|t|     [95% conf. interval]
---------------------------------------+----------------------------------------------------------------
                          ars_cross_ev |   .0553157   .0641952     0.86   0.389    -.0708033    .1814347
                                       |
               hotel_evaluation_factor |
                            Excellent  |          0  (omitted)
                                 Good  |          0  (omitted)
                                 Poor  |          0  (omitted)
                            Very Good  |          0  (omitted)
                                       |
hotel_evaluation_factor#c.ars_cross_ev |
                            Excellent  |  -.3274705   .2476462    -1.32   0.187    -.8140004    .1590594
                                 Good  |  -.0774337   .0785024    -0.99   0.324     -.231661    .0767935
                                 Poor  |  -.1897654   .1904347    -1.00   0.319    -.5638967    .1843659
                            Very Good  |  -.1784405   .0878479    -2.03   0.043    -.3510281   -.0058529
                                       |
                    ev_ln_review_count |   .0452278   .0047463     9.53   0.000     .0359032    .0545523
                        ev_mean_rating |   .0017192   .0038794     0.44   0.658    -.0059023    .0093407
                          ev_sd_rating |   .0017931   .0035607     0.50   0.615    -.0052024    .0087885
                 ev_ln_mean_text_chars |    .009454   .0047391     1.99   0.047     .0001434    .0187645
                         sent_avg_bing |  -.0002924   .0011077    -0.26   0.792    -.0024685    .0018838
                   sent_pos_share_bing |   .0152008   .0131305     1.16   0.248    -.0105956    .0409971
                   sent_neg_share_bing |   .0289088   .0151369     1.91   0.057    -.0008295    .0586471
                     ln_lag_volumn_acc |   .0337347    .007565     4.46   0.000     .0188724    .0485969
                    lag_avg_rating_acc |   .0387328   .0301388     1.29   0.199    -.0204785    .0979441
                            lag_sd_acc |   -.002987   .0376797    -0.08   0.937    -.0770131    .0710392
                     ln_avg_com_RevPAR |   .1333569   .0159623     8.35   0.000      .101997    .1647168
              lnRevenue_lag_month_w199 |   .4075675   .0207861    19.61   0.000     .3667308    .4484042
                                 _cons |   1.508589   .1631102     9.25   0.000      1.18814    1.829039
--------------------------------------------------------------------------------------------------------

Absorbed degrees of freedom:
------------------------------------------------------+
  Absorbed FE | Categories  - Redundant  = Num. Coefs |
--------------+---------------------------------------|
 hotel_id_num |       512         512           0    *|
           ym |       119           1         118     |
------------------------------------------------------+
* = FE nested within cluster; treated as redundant for DoF computation
(dropped 16 singleton observations)
(MWFE estimator converged in 7 iterations)
note: ln_lag_volumn_acc omitted because of collinearity

HDFE Linear regression                            Number of obs   =     21,926
Absorbing 2 HDFE groups                           F(  14,    511) =      70.16
Statistics robust to heteroskedasticity           Prob > F        =     0.0000
                                                  R-squared       =     0.8925
                                                  Adj R-squared   =     0.8892
                                                  Within R-sq.    =     0.2939
Number of clusters (hotel_id_num) =        512    Root MSE        =     0.2027

                                               (Std. err. adjusted for 512 clusters in hotel_id_num)
----------------------------------------------------------------------------------------------------
                                   |               Robust
            lnRevenue_current_w199 | Coefficient  std. err.      t    P>|t|     [95% conf. interval]
-----------------------------------+----------------------------------------------------------------
                      ars_cross_ev |  -.4215766   .1724331    -2.44   0.015    -.7603416   -.0828115
                 ln_lag_volumn_acc |   .0116032   .0129906     0.89   0.372    -.0139183    .0371248
                                   |
c.ars_cross_ev#c.ln_lag_volumn_acc |    .072737   .0336236     2.16   0.031     .0066794    .1387945
                                   |
                ev_ln_review_count |   .0440534   .0047122     9.35   0.000     .0347956    .0533111
                    ev_mean_rating |   .0014029     .00389     0.36   0.719    -.0062396    .0090453
                      ev_sd_rating |   .0021811     .00356     0.61   0.540    -.0048129     .009175
             ev_ln_mean_text_chars |    .009796   .0047082     2.08   0.038     .0005463    .0190458
                     sent_avg_bing |  -.0002108   .0011022    -0.19   0.848    -.0023762    .0019547
               sent_pos_share_bing |   .0143818    .013059     1.10   0.271    -.0112741    .0400377
               sent_neg_share_bing |   .0278617   .0150796     1.85   0.065     -.001764    .0574874
                 ln_lag_volumn_acc |          0  (omitted)
                lag_avg_rating_acc |   .0385619   .0301289     1.28   0.201    -.0206299    .0977537
                        lag_sd_acc |   .0000409   .0376989     0.00   0.999    -.0740229    .0741048
                 ln_avg_com_RevPAR |   .1331311   .0159655     8.34   0.000      .101765    .1644971
          lnRevenue_lag_month_w199 |   .4073143    .020819    19.56   0.000     .3664129    .4482158
                             _cons |   1.622314    .168524     9.63   0.000     1.291229    1.953399
----------------------------------------------------------------------------------------------------

Absorbed degrees of freedom:
------------------------------------------------------+
  Absorbed FE | Categories  - Redundant  = Num. Coefs |
--------------+---------------------------------------|
 hotel_id_num |       512         512           0    *|
           ym |       119           1         118     |
------------------------------------------------------+
* = FE nested within cluster; treated as redundant for DoF computation
(dropped 16 singleton observations)
(MWFE estimator converged in 7 iterations)
note: star_class_final_raw is probably collinear with the fixed effects (all partialled-out values are close to zero; tol = 1.0e-09)

HDFE Linear regression                            Number of obs   =     21,457
Absorbing 2 HDFE groups                           F(  14,    501) =      69.40
Statistics robust to heteroskedasticity           Prob > F        =     0.0000
                                                  R-squared       =     0.8914
                                                  Adj R-squared   =     0.8881
                                                  Within R-sq.    =     0.3029
Number of clusters (hotel_id_num) =        502    Root MSE        =     0.1984

                                                  (Std. err. adjusted for 502 clusters in hotel_id_num)
-------------------------------------------------------------------------------------------------------
                                      |               Robust
               lnRevenue_current_w199 | Coefficient  std. err.      t    P>|t|     [95% conf. interval]
--------------------------------------+----------------------------------------------------------------
                         ars_cross_ev |   -.042377   .1593618    -0.27   0.790    -.3554769    .2707228
                 star_class_final_raw |          0  (omitted)
                                      |
c.ars_cross_ev#c.star_class_final_raw |   .0002711   .0545289     0.00   0.996    -.1068623    .1074046
                                      |
                   ev_ln_review_count |   .0450207   .0047116     9.56   0.000     .0357637    .0542777
                       ev_mean_rating |   .0012424   .0039476     0.31   0.753    -.0065136    .0089984
                         ev_sd_rating |   .0021471   .0035646     0.60   0.547    -.0048563    .0091504
                ev_ln_mean_text_chars |   .0093946   .0047124     1.99   0.047      .000136    .0186532
                        sent_avg_bing |  -.0003289   .0011248    -0.29   0.770    -.0025388     .001881
                  sent_pos_share_bing |   .0171146    .013181     1.30   0.195    -.0087823    .0430114
                  sent_neg_share_bing |    .029011    .015294     1.90   0.058    -.0010372    .0590592
                    ln_lag_volumn_acc |   .0304841   .0076299     4.00   0.000     .0154936    .0454747
                   lag_avg_rating_acc |   .0411272   .0301406     1.36   0.173    -.0180903    .1003447
                           lag_sd_acc |    .003404   .0378577     0.09   0.928    -.0709754    .0777834
                    ln_avg_com_RevPAR |   .1319754   .0159893     8.25   0.000     .1005611    .1633897
             lnRevenue_lag_month_w199 |   .4156923   .0211026    19.70   0.000     .3742318    .4571528
                                _cons |   1.474065   .1642076     8.98   0.000     1.151445    1.796686
-------------------------------------------------------------------------------------------------------

Absorbed degrees of freedom:
------------------------------------------------------+
  Absorbed FE | Categories  - Redundant  = Num. Coefs |
--------------+---------------------------------------|
 hotel_id_num |       502         502           0    *|
           ym |       119           1         118     |
------------------------------------------------------+
* = FE nested within cluster; treated as redundant for DoF computation
(dropped 16 singleton observations)
(MWFE estimator converged in 7 iterations)
note: hotel_avg_rating is probably collinear with the fixed effects (all partialled-out values are close to zero; tol = 1.0e-09)

HDFE Linear regression                            Number of obs   =     21,926
Absorbing 2 HDFE groups                           F(  14,    511) =      70.10
Statistics robust to heteroskedasticity           Prob > F        =     0.0000
                                                  R-squared       =     0.8924
                                                  Adj R-squared   =     0.8892
                                                  Within R-sq.    =     0.2936
Number of clusters (hotel_id_num) =        512    Root MSE        =     0.2027

                                              (Std. err. adjusted for 512 clusters in hotel_id_num)
---------------------------------------------------------------------------------------------------
                                  |               Robust
           lnRevenue_current_w199 | Coefficient  std. err.      t    P>|t|     [95% conf. interval]
----------------------------------+----------------------------------------------------------------
                     ars_cross_ev |   .2236289   .2714198     0.82   0.410     -.309607    .7568649
                 hotel_avg_rating |          0  (omitted)
                                  |
c.ars_cross_ev#c.hotel_avg_rating |   -.068278   .0681302    -1.00   0.317    -.2021278    .0655717
                                  |
               ev_ln_review_count |   .0450527   .0047312     9.52   0.000     .0357577    .0543477
                   ev_mean_rating |   .0018849   .0038855     0.49   0.628    -.0057487    .0095184
                     ev_sd_rating |   .0019816   .0035693     0.56   0.579    -.0050307    .0089939
            ev_ln_mean_text_chars |   .0094418   .0047344     1.99   0.047     .0001404    .0187431
                    sent_avg_bing |  -.0002879   .0011068    -0.26   0.795    -.0024624    .0018865
              sent_pos_share_bing |   .0152416   .0131723     1.16   0.248     -.010637    .0411202
              sent_neg_share_bing |   .0282156   .0151116     1.87   0.062    -.0014728    .0579041
                ln_lag_volumn_acc |   .0336613    .007572     4.45   0.000     .0187852    .0485373
               lag_avg_rating_acc |    .039141   .0302191     1.30   0.196     -.020228    .0985101
                       lag_sd_acc |  -.0020394   .0378356    -0.05   0.957    -.0763718     .072293
                ln_avg_com_RevPAR |   .1333619   .0159733     8.35   0.000     .1019805    .1647433
         lnRevenue_lag_month_w199 |   .4074896   .0207827    19.61   0.000     .3666596    .4483195
                            _cons |   1.505852   .1634047     9.22   0.000     1.184825     1.82688
---------------------------------------------------------------------------------------------------

Absorbed degrees of freedom:
------------------------------------------------------+
  Absorbed FE | Categories  - Redundant  = Num. Coefs |
--------------+---------------------------------------|
 hotel_id_num |       512         512           0    *|
           ym |       119           1         118     |
------------------------------------------------------+
* = FE nested within cluster; treated as redundant for DoF computation
(dropped 16 singleton observations)
(MWFE estimator converged in 7 iterations)
note: hotel_rank_pct is probably collinear with the fixed effects (all partialled-out values are close to zero; tol = 1.0e-09)

HDFE Linear regression                            Number of obs   =     21,926
Absorbing 2 HDFE groups                           F(  14,    511) =      68.87
Statistics robust to heteroskedasticity           Prob > F        =     0.0000
                                                  R-squared       =     0.8924
                                                  Adj R-squared   =     0.8892
                                                  Within R-sq.    =     0.2936
Number of clusters (hotel_id_num) =        512    Root MSE        =     0.2027

                                            (Std. err. adjusted for 512 clusters in hotel_id_num)
-------------------------------------------------------------------------------------------------
                                |               Robust
         lnRevenue_current_w199 | Coefficient  std. err.      t    P>|t|     [95% conf. interval]
--------------------------------+----------------------------------------------------------------
                   ars_cross_ev |  -.0602964   .0567715    -1.06   0.289    -.1718306    .0512379
                 hotel_rank_pct |          0  (omitted)
                                |
c.ars_cross_ev#c.hotel_rank_pct |   .0423485   .1379698     0.31   0.759    -.2287093    .3134064
                                |
             ev_ln_review_count |   .0448934    .004738     9.48   0.000     .0355851    .0542017
                 ev_mean_rating |   .0017826   .0038921     0.46   0.647    -.0058639    .0094291
                   ev_sd_rating |   .0020248   .0035643     0.57   0.570    -.0049777    .0090273
          ev_ln_mean_text_chars |   .0093863   .0047344     1.98   0.048     .0000849    .0186876
                  sent_avg_bing |  -.0002555   .0011078    -0.23   0.818    -.0024319    .0019208
            sent_pos_share_bing |    .014938    .013171     1.13   0.257     -.010938     .040814
            sent_neg_share_bing |   .0282183   .0151205     1.87   0.063    -.0014878    .0579244
              ln_lag_volumn_acc |   .0336058   .0075809     4.43   0.000     .0187122    .0484993
             lag_avg_rating_acc |   .0392109   .0301945     1.30   0.195    -.0201098    .0985316
                     lag_sd_acc |  -.0013713    .037837    -0.04   0.971    -.0757064    .0729639
              ln_avg_com_RevPAR |   .1333648   .0159745     8.35   0.000      .101981    .1647486
       lnRevenue_lag_month_w199 |   .4074871   .0207868    19.60   0.000     .3666491    .4483252
                          _cons |   1.505701   .1633665     9.22   0.000     1.184748    1.826654
-------------------------------------------------------------------------------------------------

Absorbed degrees of freedom:
------------------------------------------------------+
  Absorbed FE | Categories  - Redundant  = Num. Coefs |
--------------+---------------------------------------|
 hotel_id_num |       512         512           0    *|
           ym |       119           1         118     |
------------------------------------------------------+
* = FE nested within cluster; treated as redundant for DoF computation
(dropped 16 singleton observations)
(MWFE estimator converged in 7 iterations)
note: tp_amenity_count is probably collinear with the fixed effects (all partialled-out values are close to zero; tol = 1.0e-09)

HDFE Linear regression                            Number of obs   =     21,926
Absorbing 2 HDFE groups                           F(  14,    511) =      68.37
Statistics robust to heteroskedasticity           Prob > F        =     0.0000
                                                  R-squared       =     0.8924
                                                  Adj R-squared   =     0.8892
                                                  Within R-sq.    =     0.2937
Number of clusters (hotel_id_num) =        512    Root MSE        =     0.2027

                                              (Std. err. adjusted for 512 clusters in hotel_id_num)
---------------------------------------------------------------------------------------------------
                                  |               Robust
           lnRevenue_current_w199 | Coefficient  std. err.      t    P>|t|     [95% conf. interval]
----------------------------------+----------------------------------------------------------------
                     ars_cross_ev |  -.1699071   .0916689    -1.85   0.064    -.3500013    .0101872
                 tp_amenity_count |          0  (omitted)
                                  |
c.ars_cross_ev#c.tp_amenity_count |   .0048069   .0033496     1.44   0.152    -.0017737    .0113875
                                  |
               ev_ln_review_count |   .0444399    .004744     9.37   0.000     .0351198    .0537599
                   ev_mean_rating |   .0015412   .0039142     0.39   0.694    -.0061488    .0092312
                     ev_sd_rating |   .0020357   .0035586     0.57   0.568    -.0049556     .009027
            ev_ln_mean_text_chars |   .0095227   .0047339     2.01   0.045     .0002224    .0188231
                    sent_avg_bing |   -.000184   .0011056    -0.17   0.868    -.0023561    .0019881
              sent_pos_share_bing |   .0142738   .0131135     1.09   0.277    -.0114892    .0400369
              sent_neg_share_bing |   .0278552    .015131     1.84   0.066    -.0018714    .0575817
                ln_lag_volumn_acc |   .0332742   .0075921     4.38   0.000     .0183586    .0481898
               lag_avg_rating_acc |   .0392866   .0303455     1.29   0.196    -.0203306    .0989038
                       lag_sd_acc |  -.0004038   .0378643    -0.01   0.991    -.0747927    .0739851
                ln_avg_com_RevPAR |   .1332881   .0159628     8.35   0.000     .1019273     .164649
         lnRevenue_lag_month_w199 |   .4073518   .0207899    19.59   0.000     .3665077    .4481959
                            _cons |   1.503473    .164142     9.16   0.000     1.180997    1.825949
---------------------------------------------------------------------------------------------------

Absorbed degrees of freedom:
------------------------------------------------------+
  Absorbed FE | Categories  - Redundant  = Num. Coefs |
--------------+---------------------------------------|
 hotel_id_num |       512         512           0    *|
           ym |       119           1         118     |
------------------------------------------------------+
* = FE nested within cluster; treated as redundant for DoF computation
(dropped 16 singleton observations)
(MWFE estimator converged in 7 iterations)
note: amen_rec_index is probably collinear with the fixed effects (all partialled-out values are close to zero; tol = 1.0e-09)

HDFE Linear regression                            Number of obs   =     21,926
Absorbing 2 HDFE groups                           F(  14,    511) =      68.27
Statistics robust to heteroskedasticity           Prob > F        =     0.0000
                                                  R-squared       =     0.8924
                                                  Adj R-squared   =     0.8892
                                                  Within R-sq.    =     0.2937
Number of clusters (hotel_id_num) =        512    Root MSE        =     0.2027

                                            (Std. err. adjusted for 512 clusters in hotel_id_num)
-------------------------------------------------------------------------------------------------
                                |               Robust
         lnRevenue_current_w199 | Coefficient  std. err.      t    P>|t|     [95% conf. interval]
--------------------------------+----------------------------------------------------------------
                   ars_cross_ev |  -.1914621   .0904709    -2.12   0.035    -.3692029   -.0137213
                 amen_rec_index |          0  (omitted)
                                |
c.ars_cross_ev#c.amen_rec_index |   .0647882   .0357841     1.81   0.071     -.005514    .1350904
                                |
             ev_ln_review_count |   .0448722   .0047719     9.40   0.000     .0354973    .0542471
                 ev_mean_rating |   .0017266   .0039013     0.44   0.658     -.005938    .0093912
                   ev_sd_rating |    .001955   .0035574     0.55   0.583    -.0050339    .0089439
          ev_ln_mean_text_chars |   .0095026   .0047262     2.01   0.045     .0002174    .0187879
                  sent_avg_bing |   -.000204    .001105    -0.18   0.854    -.0023749    .0019669
            sent_pos_share_bing |   .0144636   .0131122     1.10   0.271    -.0112968    .0402239
            sent_neg_share_bing |   .0283882   .0151242     1.88   0.061     -.001325    .0581013
              ln_lag_volumn_acc |   .0334764   .0075655     4.42   0.000      .018613    .0483397
             lag_avg_rating_acc |   .0398415   .0302603     1.32   0.189    -.0196083    .0992914
                     lag_sd_acc |  -.0009034   .0378028    -0.02   0.981    -.0751714    .0733646
              ln_avg_com_RevPAR |   .1333773   .0159522     8.36   0.000     .1020373    .1647173
       lnRevenue_lag_month_w199 |   .4074645   .0207854    19.60   0.000     .3666292    .4482999
                          _cons |   1.500998   .1637671     9.17   0.000     1.179258    1.822738
-------------------------------------------------------------------------------------------------

Absorbed degrees of freedom:
------------------------------------------------------+
  Absorbed FE | Categories  - Redundant  = Num. Coefs |
--------------+---------------------------------------|
 hotel_id_num |       512         512           0    *|
           ym |       119           1         118     |
------------------------------------------------------+
* = FE nested within cluster; treated as redundant for DoF computation
(dropped 16 singleton observations)
(MWFE estimator converged in 7 iterations)
note: amen_serv_index is probably collinear with the fixed effects (all partialled-out values are close to zero; tol = 1.0e-09)

HDFE Linear regression                            Number of obs   =     21,926
Absorbing 2 HDFE groups                           F(  14,    511) =      68.44
Statistics robust to heteroskedasticity           Prob > F        =     0.0000
                                                  R-squared       =     0.8925
                                                  Adj R-squared   =     0.8892
                                                  Within R-sq.    =     0.2938
Number of clusters (hotel_id_num) =        512    Root MSE        =     0.2027

                                             (Std. err. adjusted for 512 clusters in hotel_id_num)
--------------------------------------------------------------------------------------------------
                                 |               Robust
          lnRevenue_current_w199 | Coefficient  std. err.      t    P>|t|     [95% conf. interval]
---------------------------------+----------------------------------------------------------------
                    ars_cross_ev |  -.5208429   .3023265    -1.72   0.086    -1.114799    .0731129
                 amen_serv_index |          0  (omitted)
                                 |
c.ars_cross_ev#c.amen_serv_index |   .1016968   .0631372     1.61   0.108    -.0223436    .2257372
                                 |
              ev_ln_review_count |   .0448941   .0047715     9.41   0.000     .0355198    .0542683
                  ev_mean_rating |   .0017477   .0038999     0.45   0.654     -.005914    .0094095
                    ev_sd_rating |   .0019758   .0035661     0.55   0.580    -.0050303    .0089819
           ev_ln_mean_text_chars |   .0095207   .0047269     2.01   0.045     .0002342    .0188072
                   sent_avg_bing |  -.0002288   .0011035    -0.21   0.836    -.0023967    .0019392
             sent_pos_share_bing |   .0146353   .0130794     1.12   0.264    -.0110608    .0403314
             sent_neg_share_bing |   .0282767   .0151148     1.87   0.062    -.0014181    .0579714
               ln_lag_volumn_acc |   .0333784   .0075635     4.41   0.000      .018519    .0482378
              lag_avg_rating_acc |   .0400048   .0303897     1.32   0.189    -.0196992    .0997089
                      lag_sd_acc |  -.0007727   .0378895    -0.02   0.984     -.075211    .0736655
               ln_avg_com_RevPAR |   .1332516   .0159722     8.34   0.000     .1018723    .1646309
        lnRevenue_lag_month_w199 |   .4074825   .0207783    19.61   0.000     .3666611    .4483039
                           _cons |   1.500955   .1642547     9.14   0.000     1.178257    1.823652
--------------------------------------------------------------------------------------------------

Absorbed degrees of freedom:
------------------------------------------------------+
  Absorbed FE | Categories  - Redundant  = Num. Coefs |
--------------+---------------------------------------|
 hotel_id_num |       512         512           0    *|
           ym |       119           1         118     |
------------------------------------------------------+
* = FE nested within cluster; treated as redundant for DoF computation
(dropped 16 singleton observations)
(MWFE estimator converged in 7 iterations)
note: amen_bus_index is probably collinear with the fixed effects (all partialled-out values are close to zero; tol = 1.0e-09)

HDFE Linear regression                            Number of obs   =     21,926
Absorbing 2 HDFE groups                           F(  14,    511) =      68.52
Statistics robust to heteroskedasticity           Prob > F        =     0.0000
                                                  R-squared       =     0.8925
                                                  Adj R-squared   =     0.8892
                                                  Within R-sq.    =     0.2938
Number of clusters (hotel_id_num) =        512    Root MSE        =     0.2027

                                            (Std. err. adjusted for 512 clusters in hotel_id_num)
-------------------------------------------------------------------------------------------------
                                |               Robust
         lnRevenue_current_w199 | Coefficient  std. err.      t    P>|t|     [95% conf. interval]
--------------------------------+----------------------------------------------------------------
                   ars_cross_ev |  -.2072288    .094609    -2.19   0.029    -.3930993   -.0213584
                 amen_bus_index |          0  (omitted)
                                |
c.ars_cross_ev#c.amen_bus_index |   .0569702   .0298138     1.91   0.057    -.0016025     .115543
                                |
             ev_ln_review_count |   .0446326   .0047612     9.37   0.000     .0352787    .0539864
                 ev_mean_rating |   .0015891   .0039105     0.41   0.685    -.0060935    .0092717
                   ev_sd_rating |    .001994    .003556     0.56   0.575    -.0049922    .0089801
          ev_ln_mean_text_chars |   .0095767    .004733     2.02   0.044     .0002782    .0188752
                  sent_avg_bing |  -.0001948   .0011034    -0.18   0.860    -.0023627     .001973
            sent_pos_share_bing |   .0142669   .0131132     1.09   0.277    -.0114955    .0400293
            sent_neg_share_bing |   .0279952   .0151085     1.85   0.064    -.0016873    .0576776
              ln_lag_volumn_acc |   .0332279   .0075646     4.39   0.000     .0183663    .0480895
             lag_avg_rating_acc |   .0396181   .0302719     1.31   0.191    -.0198546    .0990908
                     lag_sd_acc |  -.0003769    .037867    -0.01   0.992    -.0747711    .0740173
              ln_avg_com_RevPAR |   .1333758     .01596     8.36   0.000     .1020204    .1647312
       lnRevenue_lag_month_w199 |   .4076323   .0207905    19.61   0.000     .3667869    .4484777
                          _cons |   1.501054   .1637986     9.16   0.000     1.179252    1.822855
-------------------------------------------------------------------------------------------------

Absorbed degrees of freedom:
------------------------------------------------------+
  Absorbed FE | Categories  - Redundant  = Num. Coefs |
--------------+---------------------------------------|
 hotel_id_num |       512         512           0    *|
           ym |       119           1         118     |
------------------------------------------------------+
* = FE nested within cluster; treated as redundant for DoF computation
(dropped 16 singleton observations)
(MWFE estimator converged in 7 iterations)
note: 1bn.style_upscale is probably collinear with the fixed effects (all partialled-out values are close to zero; tol = 1.0e-09)

HDFE Linear regression                            Number of obs   =     21,926
Absorbing 2 HDFE groups                           F(  14,    511) =      68.77
Statistics robust to heteroskedasticity           Prob > F        =     0.0000
                                                  R-squared       =     0.8924
                                                  Adj R-squared   =     0.8892
                                                  Within R-sq.    =     0.2937
Number of clusters (hotel_id_num) =        512    Root MSE        =     0.2027

                                         (Std. err. adjusted for 512 clusters in hotel_id_num)
----------------------------------------------------------------------------------------------
                             |               Robust
      lnRevenue_current_w199 | Coefficient  std. err.      t    P>|t|     [95% conf. interval]
-----------------------------+----------------------------------------------------------------
                ars_cross_ev |   -.008591   .0373938    -0.23   0.818    -.0820555    .0648735
             1.style_upscale |          0  (omitted)
                             |
style_upscale#c.ars_cross_ev |
                          1  |  -.1341094   .0648177    -2.07   0.039    -.2614514   -.0067675
                             |
          ev_ln_review_count |   .0448842   .0047568     9.44   0.000      .035539    .0542294
              ev_mean_rating |   .0018798    .003903     0.48   0.630    -.0057882    .0095478
                ev_sd_rating |   .0019826   .0035588     0.56   0.578    -.0050091    .0089744
       ev_ln_mean_text_chars |   .0093374   .0047326     1.97   0.049     .0000397    .0186351
               sent_avg_bing |  -.0002495   .0011029    -0.23   0.821    -.0024162    .0019172
         sent_pos_share_bing |   .0149428   .0130986     1.14   0.254    -.0107909    .0406764
         sent_neg_share_bing |   .0285149   .0151201     1.89   0.060    -.0011902      .05822
           ln_lag_volumn_acc |   .0335659   .0075759     4.43   0.000      .018682    .0484497
          lag_avg_rating_acc |   .0386199   .0301889     1.28   0.201    -.0206897    .0979296
                  lag_sd_acc |   -.002521   .0377266    -0.07   0.947    -.0766394    .0715974
           ln_avg_com_RevPAR |   .1333094   .0159765     8.34   0.000     .1019217    .1646971
    lnRevenue_lag_month_w199 |   .4072237   .0207566    19.62   0.000     .3664449    .4480024
                       _cons |   1.510125   .1632807     9.25   0.000     1.189341    1.830909
----------------------------------------------------------------------------------------------

Absorbed degrees of freedom:
------------------------------------------------------+
  Absorbed FE | Categories  - Redundant  = Num. Coefs |
--------------+---------------------------------------|
 hotel_id_num |       512         512           0    *|
           ym |       119           1         118     |
------------------------------------------------------+
* = FE nested within cluster; treated as redundant for DoF computation
(dropped 16 singleton observations)
(MWFE estimator converged in 7 iterations)
note: 1bn.style_luxury is probably collinear with the fixed effects (all partialled-out values are close to zero; tol = 1.0e-09)

HDFE Linear regression                            Number of obs   =     21,926
Absorbing 2 HDFE groups                           F(  14,    511) =      68.98
Statistics robust to heteroskedasticity           Prob > F        =     0.0000
                                                  R-squared       =     0.8924
                                                  Adj R-squared   =     0.8892
                                                  Within R-sq.    =     0.2937
Number of clusters (hotel_id_num) =        512    Root MSE        =     0.2027

                                        (Std. err. adjusted for 512 clusters in hotel_id_num)
---------------------------------------------------------------------------------------------
                            |               Robust
     lnRevenue_current_w199 | Coefficient  std. err.      t    P>|t|     [95% conf. interval]
----------------------------+----------------------------------------------------------------
               ars_cross_ev |  -.0365789   .0313188    -1.17   0.243    -.0981083    .0249505
             1.style_luxury |          0  (omitted)
                            |
style_luxury#c.ars_cross_ev |
                         1  |  -.2714415   .1950998    -1.39   0.165    -.6547379    .1118549
                            |
         ev_ln_review_count |   .0451167   .0047694     9.46   0.000     .0357466    .0544867
             ev_mean_rating |   .0018739   .0038957     0.48   0.631    -.0057797    .0095274
               ev_sd_rating |   .0020277   .0035586     0.57   0.569    -.0049636    .0090191
      ev_ln_mean_text_chars |   .0092315   .0047493     1.94   0.052    -.0000991    .0185621
              sent_avg_bing |   -.000254   .0011033    -0.23   0.818    -.0024215    .0019136
        sent_pos_share_bing |   .0146718   .0130882     1.12   0.263    -.0110414    .0403851
        sent_neg_share_bing |   .0285858   .0151201     1.89   0.059    -.0011195    .0582911
          ln_lag_volumn_acc |   .0335543   .0075889     4.42   0.000      .018645    .0484636
         lag_avg_rating_acc |   .0392245   .0301789     1.30   0.194    -.0200655    .0985144
                 lag_sd_acc |  -.0015907   .0377697    -0.04   0.966    -.0757936    .0726123
          ln_avg_com_RevPAR |   .1334352   .0159766     8.35   0.000     .1020472    .1648231
   lnRevenue_lag_month_w199 |   .4074088   .0207524    19.63   0.000     .3666383    .4481794
                      _cons |   1.507942   .1632864     9.23   0.000     1.187147    1.828737
---------------------------------------------------------------------------------------------

Absorbed degrees of freedom:
------------------------------------------------------+
  Absorbed FE | Categories  - Redundant  = Num. Coefs |
--------------+---------------------------------------|
 hotel_id_num |       512         512           0    *|
           ym |       119           1         118     |
------------------------------------------------------+
* = FE nested within cluster; treated as redundant for DoF computation
(dropped 16 singleton observations)
(MWFE estimator converged in 7 iterations)
note: 1bn.travelers_choice_flag is probably collinear with the fixed effects (all partialled-out values are close to zero; tol = 1.0e-09)

HDFE Linear regression                            Number of obs   =     21,926
Absorbing 2 HDFE groups                           F(  14,    511) =      68.85
Statistics robust to heteroskedasticity           Prob > F        =     0.0000
                                                  R-squared       =     0.8924
                                                  Adj R-squared   =     0.8892
                                                  Within R-sq.    =     0.2936
Number of clusters (hotel_id_num) =        512    Root MSE        =     0.2027

                                                 (Std. err. adjusted for 512 clusters in hotel_id_num)
------------------------------------------------------------------------------------------------------
                                     |               Robust
              lnRevenue_current_w199 | Coefficient  std. err.      t    P>|t|     [95% conf. interval]
-------------------------------------+----------------------------------------------------------------
                        ars_cross_ev |  -.0505405   .0321103    -1.57   0.116    -.1136249    .0125439
             1.travelers_choice_flag |          0  (omitted)
                                     |
travelers_choice_flag#c.ars_cross_ev |
                                  1  |   .0578421   .1376328     0.42   0.674    -.2125537     .328238
                                     |
                  ev_ln_review_count |   .0446877   .0047279     9.45   0.000     .0353993    .0539762
                      ev_mean_rating |   .0017001   .0039073     0.44   0.664    -.0059763    .0093765
                        ev_sd_rating |   .0020639   .0035563     0.58   0.562    -.0049229    .0090506
               ev_ln_mean_text_chars |   .0093951   .0047361     1.98   0.048     .0000905    .0186998
                       sent_avg_bing |   -.000243   .0011038    -0.22   0.826    -.0024116    .0019256
                 sent_pos_share_bing |   .0147655   .0130856     1.13   0.260    -.0109427    .0404737
                 sent_neg_share_bing |   .0280797   .0151378     1.85   0.064    -.0016601    .0578196
                   ln_lag_volumn_acc |   .0335566    .007575     4.43   0.000     .0186746    .0484385
                  lag_avg_rating_acc |   .0390406   .0301533     1.29   0.196    -.0201991    .0982803
                          lag_sd_acc |  -.0007209   .0377564    -0.02   0.985    -.0748978     .073456
                   ln_avg_com_RevPAR |    .133385   .0159808     8.35   0.000     .1019889    .1647811
            lnRevenue_lag_month_w199 |   .4074056   .0207844    19.60   0.000     .3665723    .4482389
                               _cons |   1.505602   .1631482     9.23   0.000     1.185078    1.826126
------------------------------------------------------------------------------------------------------

Absorbed degrees of freedom:
------------------------------------------------------+
  Absorbed FE | Categories  - Redundant  = Num. Coefs |
--------------+---------------------------------------|
 hotel_id_num |       512         512           0    *|
           ym |       119           1         118     |
------------------------------------------------------+
* = FE nested within cluster; treated as redundant for DoF computation
(dropped 15 singleton observations)
(MWFE estimator converged in 7 iterations)
note: ln_tp_price_mid is probably collinear with the fixed effects (all partialled-out values are close to zero; tol = 1.0e-09)

HDFE Linear regression                            Number of obs   =     21,001
Absorbing 2 HDFE groups                           F(  14,    478) =      65.88
Statistics robust to heteroskedasticity           Prob > F        =     0.0000
                                                  R-squared       =     0.8923
                                                  Adj R-squared   =     0.8891
                                                  Within R-sq.    =     0.3028
Number of clusters (hotel_id_num) =        479    Root MSE        =     0.1992

                                             (Std. err. adjusted for 479 clusters in hotel_id_num)
--------------------------------------------------------------------------------------------------
                                 |               Robust
          lnRevenue_current_w199 | Coefficient  std. err.      t    P>|t|     [95% conf. interval]
---------------------------------+----------------------------------------------------------------
                    ars_cross_ev |   -.010332   .3229133    -0.03   0.974    -.6448371     .624173
                 ln_tp_price_mid |          0  (omitted)
                                 |
c.ars_cross_ev#c.ln_tp_price_mid |  -.0046231   .0640768    -0.07   0.943    -.1305301    .1212839
                                 |
              ev_ln_review_count |   .0454296   .0048341     9.40   0.000     .0359309    .0549284
                  ev_mean_rating |    .000373   .0038568     0.10   0.923    -.0072054    .0079514
                    ev_sd_rating |   .0007158   .0036704     0.20   0.845    -.0064964    .0079279
           ev_ln_mean_text_chars |   .0091971   .0047889     1.92   0.055    -.0002128    .0186071
                   sent_avg_bing |  -.0005655   .0011324    -0.50   0.618    -.0027906    .0016597
             sent_pos_share_bing |   .0199928    .013499     1.48   0.139    -.0065319    .0465175
             sent_neg_share_bing |   .0364482   .0152204     2.39   0.017     .0065411    .0663552
               ln_lag_volumn_acc |   .0332693   .0076181     4.37   0.000     .0183002    .0482385
              lag_avg_rating_acc |   .0363172   .0304906     1.19   0.234    -.0235951    .0962294
                      lag_sd_acc |  -.0007263   .0384578    -0.02   0.985    -.0762936     .074841
               ln_avg_com_RevPAR |   .1348472   .0166622     8.09   0.000      .102107    .1675875
        lnRevenue_lag_month_w199 |   .4118377   .0220751    18.66   0.000     .3684614    .4552139
                           _cons |   1.497745   .1672996     8.95   0.000     1.169012    1.826479
--------------------------------------------------------------------------------------------------

Absorbed degrees of freedom:
------------------------------------------------------+
  Absorbed FE | Categories  - Redundant  = Num. Coefs |
--------------+---------------------------------------|
 hotel_id_num |       479         479           0    *|
           ym |       119           1         118     |
------------------------------------------------------+
* = FE nested within cluster; treated as redundant for DoF computation
(dropped 16 singleton observations)
(MWFE estimator converged in 7 iterations)

HDFE Linear regression                            Number of obs   =     21,926
Absorbing 2 HDFE groups                           F(  15,    511) =      65.47
Statistics robust to heteroskedasticity           Prob > F        =     0.0000
                                                  R-squared       =     0.8925
                                                  Adj R-squared   =     0.8892
                                                  Within R-sq.    =     0.2938
Number of clusters (hotel_id_num) =        512    Root MSE        =     0.2027

                                          (Std. err. adjusted for 512 clusters in hotel_id_num)
-----------------------------------------------------------------------------------------------
                              |               Robust
       lnRevenue_current_w199 | Coefficient  std. err.      t    P>|t|     [95% conf. interval]
------------------------------+----------------------------------------------------------------
                 ars_cross_ev |  -.1942481    .086354    -2.25   0.025    -.3639007   -.0245955
                 recent_sd_10 |   -.049685   .0238684    -2.08   0.038    -.0965772   -.0027928
                              |
c.ars_cross_ev#c.recent_sd_10 |   .1290507   .0760981     1.70   0.091    -.0204529    .2785542
                              |
           ev_ln_review_count |   .0445221   .0047623     9.35   0.000     .0351661    .0538782
               ev_mean_rating |   .0008498   .0039997     0.21   0.832    -.0070081    .0087076
                 ev_sd_rating |   .0037267   .0035962     1.04   0.301    -.0033384    .0107918
        ev_ln_mean_text_chars |   .0090673    .004699     1.93   0.054    -.0001644    .0182991
                sent_avg_bing |  -.0003171   .0011004    -0.29   0.773     -.002479    .0018448
          sent_pos_share_bing |   .0149693   .0130979     1.14   0.254     -.010763    .0407016
          sent_neg_share_bing |   .0286682    .015118     1.90   0.058    -.0010328    .0583693
            ln_lag_volumn_acc |   .0334399   .0075624     4.42   0.000     .0185827    .0482971
           lag_avg_rating_acc |   .0386637   .0301888     1.28   0.201    -.0206458    .0979732
                   lag_sd_acc |   .0069484   .0388163     0.18   0.858    -.0693109    .0832076
            ln_avg_com_RevPAR |   .1333167   .0159717     8.35   0.000     .1019385     .164695
     lnRevenue_lag_month_w199 |   .4074427    .020751    19.63   0.000     .3666748    .4482105
                        _cons |   1.561559   .1664349     9.38   0.000     1.234578     1.88854
-----------------------------------------------------------------------------------------------

Absorbed degrees of freedom:
------------------------------------------------------+
  Absorbed FE | Categories  - Redundant  = Num. Coefs |
--------------+---------------------------------------|
 hotel_id_num |       512         512           0    *|
           ym |       119           1         118     |
------------------------------------------------------+
* = FE nested within cluster; treated as redundant for DoF computation
(dropped 13 singleton observations)
(MWFE estimator converged in 8 iterations)

HDFE Linear regression                            Number of obs   =     19,100
Absorbing 2 HDFE groups                           F(  15,    496) =      53.82
Statistics robust to heteroskedasticity           Prob > F        =     0.0000
                                                  R-squared       =     0.8919
                                                  Adj R-squared   =     0.8882
                                                  Within R-sq.    =     0.2797
Number of clusters (hotel_id_num) =        497    Root MSE        =     0.1983

                                               (Std. err. adjusted for 497 clusters in hotel_id_num)
----------------------------------------------------------------------------------------------------
                                   |               Robust
            lnRevenue_current_w199 | Coefficient  std. err.      t    P>|t|     [95% conf. interval]
-----------------------------------+----------------------------------------------------------------
                      ars_cross_ev |  -.1771309   .0689982    -2.57   0.011    -.3126957   -.0415661
                 prevvis_recent_sd |  -.0403436   .0172674    -2.34   0.020    -.0742698   -.0064173
                                   |
c.ars_cross_ev#c.prevvis_recent_sd |   .1190466   .0598591     1.99   0.047     .0014381    .2366552
                                   |
                ev_ln_review_count |   .0446749   .0049892     8.95   0.000     .0348723    .0544774
                    ev_mean_rating |  -.0024375   .0044328    -0.55   0.583    -.0111469    .0062719
                      ev_sd_rating |  -.0012123   .0040367    -0.30   0.764    -.0091433    .0067188
             ev_ln_mean_text_chars |    .009881    .005057     1.95   0.051    -.0000548    .0198168
                     sent_avg_bing |   .0000509   .0012511     0.04   0.968    -.0024073    .0025091
               sent_pos_share_bing |   .0319899   .0145987     2.19   0.029      .003307    .0606728
               sent_neg_share_bing |   .0441649   .0174271     2.53   0.012     .0099248    .0784049
                 ln_lag_volumn_acc |   .0356291   .0079071     4.51   0.000     .0200936    .0511647
                lag_avg_rating_acc |    .051344   .0333384     1.54   0.124     -.014158    .1168459
                        lag_sd_acc |   .0065436   .0427725     0.15   0.878    -.0774941    .0905812
                 ln_avg_com_RevPAR |   .1330133   .0169984     7.83   0.000     .0996155    .1664111
          lnRevenue_lag_month_w199 |   .4092161   .0243947    16.77   0.000     .3612865    .4571457
                             _cons |   1.485273   .1807066     8.22   0.000     1.130228    1.840318
----------------------------------------------------------------------------------------------------

Absorbed degrees of freedom:
------------------------------------------------------+
  Absorbed FE | Categories  - Redundant  = Num. Coefs |
--------------+---------------------------------------|
 hotel_id_num |       497         497           0    *|
           ym |       119           1         118     |
------------------------------------------------------+
* = FE nested within cluster; treated as redundant for DoF computation
(dropped 16 singleton observations)
(MWFE estimator converged in 7 iterations)

HDFE Linear regression                            Number of obs   =     21,926
Absorbing 2 HDFE groups                           F(  15,    511) =      65.54
Statistics robust to heteroskedasticity           Prob > F        =     0.0000
                                                  R-squared       =     0.8925
                                                  Adj R-squared   =     0.8892
                                                  Within R-sq.    =     0.2940
Number of clusters (hotel_id_num) =        512    Root MSE        =     0.2027

                                              (Std. err. adjusted for 512 clusters in hotel_id_num)
---------------------------------------------------------------------------------------------------
                                  |               Robust
           lnRevenue_current_w199 | Coefficient  std. err.      t    P>|t|     [95% conf. interval]
----------------------------------+----------------------------------------------------------------
                     ars_cross_ev |    .037216   .0675152     0.55   0.582    -.0954255    .1698576
                 sent_avg_bing_10 |   .0112774   .0047142     2.39   0.017     .0020158    .0205389
                                  |
c.ars_cross_ev#c.sent_avg_bing_10 |   -.021728   .0149437    -1.45   0.147    -.0510867    .0076307
                                  |
               ev_ln_review_count |   .0448872   .0047424     9.46   0.000     .0355701    .0542042
                   ev_mean_rating |    .001228   .0038564     0.32   0.750    -.0063485    .0088044
                     ev_sd_rating |   .0020236   .0035574     0.57   0.570    -.0049652    .0090125
            ev_ln_mean_text_chars |   .0090049   .0046791     1.92   0.055    -.0001878    .0181977
                    sent_avg_bing |  -.0017433   .0011569    -1.51   0.132    -.0040163    .0005296
              sent_pos_share_bing |   .0152548   .0131595     1.16   0.247    -.0105986    .0411081
              sent_neg_share_bing |   .0277743   .0150847     1.84   0.066    -.0018613    .0574099
                ln_lag_volumn_acc |    .034048   .0075485     4.51   0.000     .0192182    .0488779
               lag_avg_rating_acc |   .0315814   .0305038     1.04   0.301    -.0283469    .0915096
                       lag_sd_acc |  -.0002949   .0376843    -0.01   0.994    -.0743301    .0737403
                ln_avg_com_RevPAR |   .1334619   .0159735     8.36   0.000     .1020802    .1648437
         lnRevenue_lag_month_w199 |   .4074518   .0207817    19.61   0.000     .3666238    .4482799
                            _cons |   1.497761   .1607374     9.32   0.000     1.181973    1.813548
---------------------------------------------------------------------------------------------------

Absorbed degrees of freedom:
------------------------------------------------------+
  Absorbed FE | Categories  - Redundant  = Num. Coefs |
--------------+---------------------------------------|
 hotel_id_num |       512         512           0    *|
           ym |       119           1         118     |
------------------------------------------------------+
* = FE nested within cluster; treated as redundant for DoF computation
(dropped 16 singleton observations)
(MWFE estimator converged in 7 iterations)

HDFE Linear regression                            Number of obs   =     21,926
Absorbing 2 HDFE groups                           F(  15,    511) =      65.67
Statistics robust to heteroskedasticity           Prob > F        =     0.0000
                                                  R-squared       =     0.8925
                                                  Adj R-squared   =     0.8892
                                                  Within R-sq.    =     0.2938
Number of clusters (hotel_id_num) =        512    Root MSE        =     0.2027

                                                  (Std. err. adjusted for 512 clusters in hotel_id_num)
-------------------------------------------------------------------------------------------------------
                                      |               Robust
               lnRevenue_current_w199 | Coefficient  std. err.      t    P>|t|     [95% conf. interval]
--------------------------------------+----------------------------------------------------------------
                         ars_cross_ev |   .0078842   .0746573     0.11   0.916    -.1387887    .1545571
                 sent_net_pos_bing_10 |   .0472227   .0299835     1.57   0.116    -.0116835    .1061288
                                      |
c.ars_cross_ev#c.sent_net_pos_bing_10 |   -.086205   .0996668    -0.86   0.387    -.2820121     .109602
                                      |
                   ev_ln_review_count |   .0446942   .0047557     9.40   0.000      .035351    .0540374
                       ev_mean_rating |   .0012364   .0038656     0.32   0.749    -.0063579    .0088308
                         ev_sd_rating |   .0019273   .0035539     0.54   0.588    -.0050547    .0089093
                ev_ln_mean_text_chars |    .009135   .0047182     1.94   0.053    -.0001344    .0184045
                        sent_avg_bing |  -.0002818   .0011043    -0.26   0.799    -.0024514    .0018878
                  sent_pos_share_bing |    .009185   .0132146     0.70   0.487    -.0167766    .0351466
                  sent_neg_share_bing |   .0338684   .0156075     2.17   0.030     .0032057    .0645311
                    ln_lag_volumn_acc |   .0337379   .0075691     4.46   0.000     .0188675    .0486083
                   lag_avg_rating_acc |   .0340355    .030788     1.11   0.269    -.0264511    .0945221
                           lag_sd_acc |   -.000217   .0376565    -0.01   0.995    -.0741975    .0737636
                    ln_avg_com_RevPAR |   .1331699   .0159788     8.33   0.000     .1017778    .1645621
             lnRevenue_lag_month_w199 |    .407408   .0207761    19.61   0.000      .366591    .4482251
                                _cons |   1.502076   .1622432     9.26   0.000      1.18333    1.820822
-------------------------------------------------------------------------------------------------------

Absorbed degrees of freedom:
------------------------------------------------------+
  Absorbed FE | Categories  - Redundant  = Num. Coefs |
--------------+---------------------------------------|
 hotel_id_num |       512         512           0    *|
           ym |       119           1         118     |
------------------------------------------------------+
* = FE nested within cluster; treated as redundant for DoF computation
(dropped 16 singleton observations)
(MWFE estimator converged in 7 iterations)

HDFE Linear regression                            Number of obs   =     21,926
Absorbing 2 HDFE groups                           F(  15,    511) =      65.57
Statistics robust to heteroskedasticity           Prob > F        =     0.0000
                                                  R-squared       =     0.8925
                                                  Adj R-squared   =     0.8892
                                                  Within R-sq.    =     0.2939
Number of clusters (hotel_id_num) =        512    Root MSE        =     0.2027

                                                   (Std. err. adjusted for 512 clusters in hotel_id_num)
--------------------------------------------------------------------------------------------------------
                                       |               Robust
                lnRevenue_current_w199 | Coefficient  std. err.      t    P>|t|     [95% conf. interval]
---------------------------------------+----------------------------------------------------------------
                          ars_cross_ev |   .0134512   .0454814     0.30   0.768    -.0759024    .1028048
                 prevvis_sent_avg_bing |   .0057827   .0023772     2.43   0.015     .0011124    .0104529
                                       |
c.ars_cross_ev#c.prevvis_sent_avg_bing |  -.0157911   .0083326    -1.90   0.059    -.0321615    .0005794
                                       |
                    ev_ln_review_count |   .0449403     .00475     9.46   0.000     .0356084    .0542722
                        ev_mean_rating |   .0019466   .0039002     0.50   0.618    -.0057159     .009609
                          ev_sd_rating |    .002069   .0035536     0.58   0.561    -.0049124    .0090505
                 ev_ln_mean_text_chars |   .0090355   .0046965     1.92   0.055    -.0001913    .0182624
                         sent_avg_bing |  -.0001881   .0011055    -0.17   0.865    -.0023599    .0019838
                   sent_pos_share_bing |   .0146383   .0131128     1.12   0.265    -.0111234    .0403999
                   sent_neg_share_bing |   .0281214   .0151031     1.86   0.063    -.0015503    .0577932
                     ln_lag_volumn_acc |   .0337903   .0075603     4.47   0.000     .0189371    .0486434
                    lag_avg_rating_acc |   .0356305    .030373     1.17   0.241    -.0240408    .0953018
                            lag_sd_acc |  -.0009089   .0377821    -0.02   0.981    -.0751363    .0733185
                     ln_avg_com_RevPAR |   .1334878   .0159683     8.36   0.000     .1021161    .1648594
              lnRevenue_lag_month_w199 |   .4073726   .0207863    19.60   0.000     .3665355    .4482097
                                 _cons |   1.497203   .1626038     9.21   0.000     1.177749    1.816657
--------------------------------------------------------------------------------------------------------

Absorbed degrees of freedom:
------------------------------------------------------+
  Absorbed FE | Categories  - Redundant  = Num. Coefs |
--------------+---------------------------------------|
 hotel_id_num |       512         512           0    *|
           ym |       119           1         118     |
------------------------------------------------------+
* = FE nested within cluster; treated as redundant for DoF computation
(dropped 16 singleton observations)
(MWFE estimator converged in 7 iterations)

HDFE Linear regression                            Number of obs   =     21,926
Absorbing 2 HDFE groups                           F(  15,    511) =      65.94
Statistics robust to heteroskedasticity           Prob > F        =     0.0000
                                                  R-squared       =     0.8925
                                                  Adj R-squared   =     0.8892
                                                  Within R-sq.    =     0.2938
Number of clusters (hotel_id_num) =        512    Root MSE        =     0.2027

                                                       (Std. err. adjusted for 512 clusters in hotel_id_num)
------------------------------------------------------------------------------------------------------------
                                           |               Robust
                    lnRevenue_current_w199 | Coefficient  std. err.      t    P>|t|     [95% conf. interval]
-------------------------------------------+----------------------------------------------------------------
                              ars_cross_ev |    .027437   .0509715     0.54   0.591    -.0727024    .1275765
                 prevvis_sent_net_pos_bing |   .0363688   .0161151     2.26   0.024     .0047088    .0680287
                                           |
c.ars_cross_ev#c.prevvis_sent_net_pos_bing |  -.1145185   .0576115    -1.99   0.047     -.227703   -.0013339
                                           |
                        ev_ln_review_count |   .0448406   .0047573     9.43   0.000     .0354942    .0541869
                            ev_mean_rating |   .0022146    .003904     0.57   0.571    -.0054553    .0098845
                              ev_sd_rating |   .0021674   .0035443     0.61   0.541    -.0047959    .0091306
                     ev_ln_mean_text_chars |   .0089395    .004713     1.90   0.058    -.0003198    .0181988
                             sent_avg_bing |  -.0001994   .0011041    -0.18   0.857    -.0023685    .0019697
                       sent_pos_share_bing |   .0151846   .0131285     1.16   0.248    -.0106079     .040977
                       sent_neg_share_bing |   .0275716   .0151006     1.83   0.068    -.0020954    .0572385
                         ln_lag_volumn_acc |   .0336389   .0075713     4.44   0.000     .0187642    .0485137
                        lag_avg_rating_acc |   .0372395   .0304819     1.22   0.222    -.0226458    .0971248
                                lag_sd_acc |  -.0008079   .0377728    -0.02   0.983     -.075017    .0734012
                         ln_avg_com_RevPAR |    .133403    .015963     8.36   0.000     .1020419    .1647641
                  lnRevenue_lag_month_w199 |    .407246   .0207928    19.59   0.000     .3663962    .4480958
                                     _cons |   1.490589    .163025     9.14   0.000     1.170308    1.810871
------------------------------------------------------------------------------------------------------------

Absorbed degrees of freedom:
------------------------------------------------------+
  Absorbed FE | Categories  - Redundant  = Num. Coefs |
--------------+---------------------------------------|
 hotel_id_num |       512         512           0    *|
           ym |       119           1         118     |
------------------------------------------------------+
* = FE nested within cluster; treated as redundant for DoF computation
(dropped 16 singleton observations)
(MWFE estimator converged in 7 iterations)
note: pmr_any omitted because of collinearity

HDFE Linear regression                            Number of obs   =     21,926
Absorbing 2 HDFE groups                           F(  15,    511) =      66.30
Statistics robust to heteroskedasticity           Prob > F        =     0.0000
                                                  R-squared       =     0.8924
                                                  Adj R-squared   =     0.8892
                                                  Within R-sq.    =     0.2936
Number of clusters (hotel_id_num) =        512    Root MSE        =     0.2027

                                     (Std. err. adjusted for 512 clusters in hotel_id_num)
------------------------------------------------------------------------------------------
                         |               Robust
  lnRevenue_current_w199 | Coefficient  std. err.      t    P>|t|     [95% conf. interval]
-------------------------+----------------------------------------------------------------
            ars_cross_ev |  -.0788736   .0433321    -1.82   0.069    -.1640046    .0062574
               1.pmr_any |  -.0187139   .0161603    -1.16   0.247    -.0504626    .0130348
                         |
  pmr_any#c.ars_cross_ev |
                      1  |   .0629687   .0540248     1.17   0.244    -.0431694    .1691069
                         |
                 pmr_any |          0  (omitted)
      ev_ln_review_count |   .0446504   .0047464     9.41   0.000     .0353256    .0539753
          ev_mean_rating |   .0017001   .0039081     0.44   0.664    -.0059777    .0093779
            ev_sd_rating |   .0020621   .0035602     0.58   0.563    -.0049323    .0090565
   ev_ln_mean_text_chars |   .0094826   .0047141     2.01   0.045     .0002212     .018744
           sent_avg_bing |  -.0002228   .0011003    -0.20   0.840    -.0023845    .0019389
     sent_pos_share_bing |   .0145153     .01312     1.11   0.269    -.0112605    .0402911
     sent_neg_share_bing |   .0280689   .0151179     1.86   0.064    -.0016319    .0577698
       ln_lag_volumn_acc |   .0335322   .0075801     4.42   0.000     .0186401    .0484242
      lag_avg_rating_acc |   .0389501   .0301354     1.29   0.197    -.0202544    .0981547
              lag_sd_acc |  -.0007116   .0377198    -0.02   0.985    -.0748166    .0733935
       ln_avg_com_RevPAR |   .1334875   .0159947     8.35   0.000     .1020641    .1649109
lnRevenue_lag_month_w199 |   .4075397   .0207999    19.59   0.000     .3666758    .4484036
                   _cons |   1.515309   .1632235     9.28   0.000     1.194638    1.835981
------------------------------------------------------------------------------------------

Absorbed degrees of freedom:
------------------------------------------------------+
  Absorbed FE | Categories  - Redundant  = Num. Coefs |
--------------+---------------------------------------|
 hotel_id_num |       512         512           0    *|
           ym |       119           1         118     |
------------------------------------------------------+
* = FE nested within cluster; treated as redundant for DoF computation
(dropped 14 singleton observations)
(MWFE estimator converged in 7 iterations)

HDFE Linear regression                            Number of obs   =     21,240
Absorbing 2 HDFE groups                           F(  16,    510) =      62.80
Statistics robust to heteroskedasticity           Prob > F        =     0.0000
                                                  R-squared       =     0.8930
                                                  Adj R-squared   =     0.8897
                                                  Within R-sq.    =     0.2906
Number of clusters (hotel_id_num) =        511    Root MSE        =     0.2016

                                              (Std. err. adjusted for 511 clusters in hotel_id_num)
---------------------------------------------------------------------------------------------------
                                  |               Robust
           lnRevenue_current_w199 | Coefficient  std. err.      t    P>|t|     [95% conf. interval]
----------------------------------+----------------------------------------------------------------
                     ars_cross_ev |  -.0634888    .044192    -1.44   0.151    -.1503096     .023332
                 pmr_cohort_rate7 |  -.0088628   .0211398    -0.42   0.675    -.0503946     .032669
                                  |
c.ars_cross_ev#c.pmr_cohort_rate7 |   .0485752   .0676778     0.72   0.473    -.0843864    .1815369
                                  |
                          pmr_any |  -.0043779   .0054663    -0.80   0.424    -.0151172    .0063614
               ev_ln_review_count |   .0442074   .0047288     9.35   0.000      .034917    .0534977
                   ev_mean_rating |   .0007668   .0039947     0.19   0.848    -.0070813    .0086148
                     ev_sd_rating |    .001672   .0036021     0.46   0.643    -.0054047    .0087487
            ev_ln_mean_text_chars |   .0101976   .0049516     2.06   0.040     .0004696    .0199257
                    sent_avg_bing |  -.0001211    .001138    -0.11   0.915    -.0023568    .0021146
              sent_pos_share_bing |   .0141923   .0135589     1.05   0.296    -.0124458    .0408305
              sent_neg_share_bing |   .0305308   .0157254     1.94   0.053    -.0003637    .0614254
                ln_lag_volumn_acc |   .0384871   .0078966     4.87   0.000     .0229733    .0540009
               lag_avg_rating_acc |   .0469107   .0303978     1.54   0.123    -.0128097     .106631
                       lag_sd_acc |   .0054275   .0389059     0.14   0.889    -.0710081     .081863
                ln_avg_com_RevPAR |    .134155   .0162986     8.23   0.000     .1021344    .1661756
         lnRevenue_lag_month_w199 |   .4076956   .0212691    19.17   0.000     .3659098    .4494814
                            _cons |   1.443787   .1650716     8.75   0.000     1.119483    1.768091
---------------------------------------------------------------------------------------------------

Absorbed degrees of freedom:
------------------------------------------------------+
  Absorbed FE | Categories  - Redundant  = Num. Coefs |
--------------+---------------------------------------|
 hotel_id_num |       511         511           0    *|
           ym |       119           1         118     |
------------------------------------------------------+
* = FE nested within cluster; treated as redundant for DoF computation
(dropped 16 singleton observations)
(MWFE estimator converged in 7 iterations)

HDFE Linear regression                            Number of obs   =     21,926
Absorbing 2 HDFE groups                           F(  16,    511) =      61.92
Statistics robust to heteroskedasticity           Prob > F        =     0.0000
                                                  R-squared       =     0.8924
                                                  Adj R-squared   =     0.8892
                                                  Within R-sq.    =     0.2937
Number of clusters (hotel_id_num) =        512    Root MSE        =     0.2027

                                            (Std. err. adjusted for 512 clusters in hotel_id_num)
-------------------------------------------------------------------------------------------------
                                |               Robust
         lnRevenue_current_w199 | Coefficient  std. err.      t    P>|t|     [95% conf. interval]
--------------------------------+----------------------------------------------------------------
                   ars_cross_ev |  -.0458064   .0318121    -1.44   0.151    -.1083049    .0166921
                 pmr_activity_n |  -.0004586   .0015921    -0.29   0.773    -.0035864    .0026693
                                |
c.ars_cross_ev#c.pmr_activity_n |   .0002406   .0048988     0.05   0.961    -.0093837    .0098649
                                |
                        pmr_any |   .0017669   .0049439     0.36   0.721     -.007946    .0114797
             ev_ln_review_count |   .0460172   .0047131     9.76   0.000     .0367578    .0552767
                 ev_mean_rating |   .0017619   .0039104     0.45   0.652    -.0059205    .0094443
                   ev_sd_rating |   .0019391   .0035594     0.54   0.586    -.0050537     .008932
          ev_ln_mean_text_chars |   .0092628   .0047262     1.96   0.051    -.0000224    .0185481
                  sent_avg_bing |  -.0002532   .0011001    -0.23   0.818    -.0024144     .001908
            sent_pos_share_bing |    .014906   .0131033     1.14   0.256    -.0108369    .0406489
            sent_neg_share_bing |   .0284871   .0151361     1.88   0.060    -.0012495    .0582237
              ln_lag_volumn_acc |   .0341728   .0075763     4.51   0.000     .0192883    .0490573
             lag_avg_rating_acc |   .0396361   .0301807     1.31   0.190    -.0196574    .0989297
                     lag_sd_acc |  -.0015174   .0377343    -0.04   0.968    -.0756508     .072616
              ln_avg_com_RevPAR |    .133282   .0159734     8.34   0.000     .1019004    .1646637
       lnRevenue_lag_month_w199 |   .4076686   .0208125    19.59   0.000       .36678    .4485571
                          _cons |   1.499512   .1634692     9.17   0.000     1.178357    1.820666
-------------------------------------------------------------------------------------------------

Absorbed degrees of freedom:
------------------------------------------------------+
  Absorbed FE | Categories  - Redundant  = Num. Coefs |
--------------+---------------------------------------|
 hotel_id_num |       512         512           0    *|
           ym |       119           1         118     |
------------------------------------------------------+
* = FE nested within cluster; treated as redundant for DoF computation
(dropped 16 singleton observations)
(MWFE estimator converged in 7 iterations)

HDFE Linear regression                            Number of obs   =     21,926
Absorbing 2 HDFE groups                           F(  16,    511) =      63.53
Statistics robust to heteroskedasticity           Prob > F        =     0.0000
                                                  R-squared       =     0.8924
                                                  Adj R-squared   =     0.8892
                                                  Within R-sq.    =     0.2937
Number of clusters (hotel_id_num) =        512    Root MSE        =     0.2027

                                          (Std. err. adjusted for 512 clusters in hotel_id_num)
-----------------------------------------------------------------------------------------------
                              |               Robust
       lnRevenue_current_w199 | Coefficient  std. err.      t    P>|t|     [95% conf. interval]
------------------------------+----------------------------------------------------------------
                 ars_cross_ev |  -.0768837   .0409919    -1.88   0.061    -.1574171    .0036497
                 ln_pmr_words |  -.0071392   .0038741    -1.84   0.066    -.0147504     .000472
                              |
c.ars_cross_ev#c.ln_pmr_words |    .011392   .0099824     1.14   0.254    -.0082196    .0310037
                              |
                      pmr_any |   .0199649   .0127892     1.56   0.119     -.005161    .0450907
           ev_ln_review_count |    .045648   .0046985     9.72   0.000     .0364173    .0548786
               ev_mean_rating |   .0016767   .0039077     0.43   0.668    -.0060003    .0093538
                 ev_sd_rating |   .0020193    .003564     0.57   0.571    -.0049825    .0090211
        ev_ln_mean_text_chars |   .0094347   .0047142     2.00   0.046      .000173    .0186963
                sent_avg_bing |  -.0002292   .0011001    -0.21   0.835    -.0023906    .0019321
          sent_pos_share_bing |   .0146238   .0131123     1.12   0.265    -.0111369    .0403844
          sent_neg_share_bing |   .0282519   .0151402     1.87   0.063    -.0014929    .0579966
            ln_lag_volumn_acc |   .0340602    .007604     4.48   0.000     .0191212    .0489992
           lag_avg_rating_acc |   .0392644    .030176     1.30   0.194    -.0200198    .0985487
                   lag_sd_acc |  -.0006811   .0377366    -0.02   0.986     -.074819    .0734568
            ln_avg_com_RevPAR |   .1334998   .0159973     8.35   0.000     .1020713    .1649283
     lnRevenue_lag_month_w199 |   .4079611   .0207877    19.63   0.000     .3671211     .448801
                        _cons |    1.50789   .1632229     9.24   0.000      1.18722    1.828561
-----------------------------------------------------------------------------------------------

Absorbed degrees of freedom:
------------------------------------------------------+
  Absorbed FE | Categories  - Redundant  = Num. Coefs |
--------------+---------------------------------------|
 hotel_id_num |       512         512           0    *|
           ym |       119           1         118     |
------------------------------------------------------+
* = FE nested within cluster; treated as redundant for DoF computation
(dropped 23 singleton observations)
(MWFE estimator converged in 8 iterations)
note: pmr_any is probably collinear with the fixed effects (all partialled-out values are close to zero; tol = 1.0e-09)

HDFE Linear regression                            Number of obs   =     13,915
Absorbing 2 HDFE groups                           F(  15,    471) =      50.61
Statistics robust to heteroskedasticity           Prob > F        =     0.0000
                                                  R-squared       =     0.8948
                                                  Adj R-squared   =     0.8900
                                                  Within R-sq.    =     0.3012
Number of clusters (hotel_id_num) =        472    Root MSE        =     0.1965

                                              (Std. err. adjusted for 472 clusters in hotel_id_num)
---------------------------------------------------------------------------------------------------
                                  |               Robust
           lnRevenue_current_w199 | Coefficient  std. err.      t    P>|t|     [95% conf. interval]
----------------------------------+----------------------------------------------------------------
                     ars_cross_ev |  -.5315232   .3101947    -1.71   0.087     -1.14106    .0780135
                 ln_pmr_avg_words |  -.0395159   .0229327    -1.72   0.086    -.0845788    .0055471
                                  |
c.ars_cross_ev#c.ln_pmr_avg_words |   .1246551   .0741441     1.68   0.093    -.0210391    .2703492
                                  |
                          pmr_any |          0  (omitted)
               ev_ln_review_count |   .0405756   .0056677     7.16   0.000     .0294385    .0517128
                   ev_mean_rating |   -.003395    .005269    -0.64   0.520    -.0137486    .0069586
                     ev_sd_rating |   .0005006   .0047209     0.11   0.916     -.008776    .0097772
            ev_ln_mean_text_chars |   .0135524   .0057969     2.34   0.020     .0021613    .0249434
                    sent_avg_bing |   .0018221   .0014875     1.22   0.221    -.0011008     .004745
              sent_pos_share_bing |   .0005682   .0194216     0.03   0.977    -.0375956     .038732
              sent_neg_share_bing |   .0023381   .0205158     0.11   0.909    -.0379758    .0426519
                ln_lag_volumn_acc |   .0312482   .0094232     3.32   0.001     .0127316    .0497649
               lag_avg_rating_acc |    .094956   .0402554     2.36   0.019     .0158535    .1740584
                       lag_sd_acc |    .016911   .0478948     0.35   0.724    -.0772029     .111025
                ln_avg_com_RevPAR |   .1400418   .0177739     7.88   0.000     .1051159    .1749677
         lnRevenue_lag_month_w199 |   .4205692   .0252459    16.66   0.000     .3709607    .4701777
                            _cons |   1.387794   .2254012     6.16   0.000     .9448775     1.83071
---------------------------------------------------------------------------------------------------

Absorbed degrees of freedom:
------------------------------------------------------+
  Absorbed FE | Categories  - Redundant  = Num. Coefs |
--------------+---------------------------------------|
 hotel_id_num |       472         472           0    *|
           ym |       119           1         118     |
------------------------------------------------------+
* = FE nested within cluster; treated as redundant for DoF computation
(dropped 22 singleton observations)
(MWFE estimator converged in 8 iterations)
note: pmr_any is probably collinear with the fixed effects (all partialled-out values are close to zero; tol = 1.0e-09)

HDFE Linear regression                            Number of obs   =     13,915
Absorbing 2 HDFE groups                           F(  15,    471) =      47.38
Statistics robust to heteroskedasticity           Prob > F        =     0.0000
                                                  R-squared       =     0.8948
                                                  Adj R-squared   =     0.8900
                                                  Within R-sq.    =     0.3010
Number of clusters (hotel_id_num) =        472    Root MSE        =     0.1965

                                                   (Std. err. adjusted for 472 clusters in hotel_id_num)
--------------------------------------------------------------------------------------------------------
                                       |               Robust
                lnRevenue_current_w199 | Coefficient  std. err.      t    P>|t|     [95% conf. interval]
---------------------------------------+----------------------------------------------------------------
                          ars_cross_ev |  -.0060975   .0404107    -0.15   0.880    -.0855049      .07331
                 pmr_activity_avg_days |   .0001727   .0003059     0.56   0.573    -.0004285    .0007739
                                       |
c.ars_cross_ev#c.pmr_activity_avg_days |  -.0005256   .0010152    -0.52   0.605    -.0025205    .0014693
                                       |
                               pmr_any |          0  (omitted)
                    ev_ln_review_count |   .0407347   .0056569     7.20   0.000     .0296188    .0518507
                        ev_mean_rating |  -.0033655   .0052707    -0.64   0.523    -.0137224    .0069914
                          ev_sd_rating |   .0006086   .0047281     0.13   0.898    -.0086821    .0098993
                 ev_ln_mean_text_chars |   .0136817   .0057865     2.36   0.018     .0023111    .0250522
                         sent_avg_bing |   .0018421    .001484     1.24   0.215     -.001074    .0047582
                   sent_pos_share_bing |   .0000411      .0194     0.00   0.998      -.03808    .0381623
                   sent_neg_share_bing |   .0031325   .0206107     0.15   0.879    -.0373679    .0436329
                     ln_lag_volumn_acc |   .0313498   .0093296     3.36   0.001     .0130169    .0496826
                    lag_avg_rating_acc |    .095247   .0403474     2.36   0.019     .0159638    .1745301
                            lag_sd_acc |   .0167896   .0479817     0.35   0.727    -.0774951    .1110743
                     ln_avg_com_RevPAR |   .1399898   .0177734     7.88   0.000     .1050649    .1749148
              lnRevenue_lag_month_w199 |   .4206605   .0251903    16.70   0.000     .3711611    .4701598
                                 _cons |   1.217955   .1989661     6.12   0.000     .8269843    1.608927
--------------------------------------------------------------------------------------------------------

Absorbed degrees of freedom:
------------------------------------------------------+
  Absorbed FE | Categories  - Redundant  = Num. Coefs |
--------------+---------------------------------------|
 hotel_id_num |       472         472           0    *|
           ym |       119           1         118     |
------------------------------------------------------+
* = FE nested within cluster; treated as redundant for DoF computation
(dropped 40 singleton observations)
(MWFE estimator converged in 10 iterations)

HDFE Linear regression                            Number of obs   =      4,129
Absorbing 2 HDFE groups                           F(  16,    464) =      24.67
Statistics robust to heteroskedasticity           Prob > F        =     0.0000
                                                  R-squared       =     0.9017
                                                  Adj R-squared   =     0.8851
                                                  Within R-sq.    =     0.2484
Number of clusters (hotel_id_num) =        465    Root MSE        =     0.2193

                                               (Std. err. adjusted for 465 clusters in hotel_id_num)
----------------------------------------------------------------------------------------------------
                                   |               Robust
            lnRevenue_current_w199 | Coefficient  std. err.      t    P>|t|     [95% conf. interval]
-----------------------------------+----------------------------------------------------------------
                      ars_cross_ev |  -.1105928   .1163936    -0.95   0.343    -.3393167    .1181311
                 pmr_cohort_rate30 |  -.0866265   .0473214    -1.83   0.068    -.1796174    .0063643
                                   |
c.ars_cross_ev#c.pmr_cohort_rate30 |     .23536   .1558102     1.51   0.132    -.0708211    .5415411
                                   |
                           pmr_any |   .0205178   .0126608     1.62   0.106    -.0043617    .0453974
                ev_ln_review_count |     .05831   .0108053     5.40   0.000     .0370766    .0795434
                    ev_mean_rating |   .0050896   .0098807     0.52   0.607     -.014327    .0245061
                      ev_sd_rating |   -.004826   .0076967    -0.63   0.531    -.0199507    .0102987
             ev_ln_mean_text_chars |   .0273103   .0124604     2.19   0.029     .0028245    .0517961
                     sent_avg_bing |   .0004726   .0028852     0.16   0.870    -.0051972    .0061423
               sent_pos_share_bing |   .0228759   .0347216     0.66   0.510    -.0453552     .091107
               sent_neg_share_bing |   .1101268   .0451124     2.44   0.015     .0214769    .1987767
                 ln_lag_volumn_acc |    .061481   .0168304     3.65   0.000     .0284077    .0945543
                lag_avg_rating_acc |   .0127042   .0385303     0.33   0.742    -.0630112    .0884196
                        lag_sd_acc |  -.0018078   .0631194    -0.03   0.977    -.1258431    .1222275
                 ln_avg_com_RevPAR |   .1240799   .0186784     6.64   0.000     .0873751    .1607847
          lnRevenue_lag_month_w199 |   .3304415   .0255897    12.91   0.000     .2801554    .3807277
                             _cons |   1.673672   .2511237     6.66   0.000     1.180191    2.167152
----------------------------------------------------------------------------------------------------

Absorbed degrees of freedom:
------------------------------------------------------+
  Absorbed FE | Categories  - Redundant  = Num. Coefs |
--------------+---------------------------------------|
 hotel_id_num |       465         465           0    *|
           ym |       118           1         117     |
------------------------------------------------------+
* = FE nested within cluster; treated as redundant for DoF computation
(dropped 16 singleton observations)
(MWFE estimator converged in 7 iterations)

HDFE Linear regression                            Number of obs   =     21,926
Absorbing 2 HDFE groups                           F(  16,    511) =      62.77
Statistics robust to heteroskedasticity           Prob > F        =     0.0000
                                                  R-squared       =     0.8925
                                                  Adj R-squared   =     0.8892
                                                  Within R-sq.    =     0.2939
Number of clusters (hotel_id_num) =        512    Root MSE        =     0.2027

                                                (Std. err. adjusted for 512 clusters in hotel_id_num)
-----------------------------------------------------------------------------------------------------
                                    |               Robust
             lnRevenue_current_w199 | Coefficient  std. err.      t    P>|t|     [95% conf. interval]
------------------------------------+----------------------------------------------------------------
                       ars_cross_ev |  -.0783561   .0420647    -1.86   0.063    -.1609971    .0042849
                 pmr_text_thanks_zf |   .0095751   .0205097     0.47   0.641    -.0307186    .0498688
                                    |
c.ars_cross_ev#c.pmr_text_thanks_zf |   .0646713   .0570891     1.13   0.258    -.0474869    .1768295
                                    |
                            pmr_any |  -.0261883   .0115087    -2.28   0.023    -.0487985   -.0035781
                 ev_ln_review_count |   .0447011   .0047522     9.41   0.000     .0353649    .0540374
                     ev_mean_rating |   .0017112   .0039078     0.44   0.662    -.0059661    .0093886
                       ev_sd_rating |   .0020788   .0035557     0.58   0.559    -.0049067    .0090643
              ev_ln_mean_text_chars |    .009383   .0047176     1.99   0.047     .0001148    .0186513
                      sent_avg_bing |  -.0002418   .0011024    -0.22   0.826    -.0024075    .0019239
                sent_pos_share_bing |   .0145571   .0131007     1.11   0.267    -.0111808    .0402949
                sent_neg_share_bing |   .0280207   .0150948     1.86   0.064    -.0016349    .0576762
                  ln_lag_volumn_acc |   .0335499   .0076033     4.41   0.000     .0186124    .0484874
                 lag_avg_rating_acc |   .0380282   .0301468     1.26   0.208    -.0211987     .097255
                         lag_sd_acc |  -.0008535   .0377182    -0.02   0.982    -.0749553    .0732482
                  ln_avg_com_RevPAR |   .1334912   .0159886     8.35   0.000     .1020798    .1649027
           lnRevenue_lag_month_w199 |    .407275   .0207421    19.64   0.000     .3665247    .4480253
                              _cons |   1.520371   .1629901     9.33   0.000     1.200158    1.840584
-----------------------------------------------------------------------------------------------------

Absorbed degrees of freedom:
------------------------------------------------------+
  Absorbed FE | Categories  - Redundant  = Num. Coefs |
--------------+---------------------------------------|
 hotel_id_num |       512         512           0    *|
           ym |       119           1         118     |
------------------------------------------------------+
* = FE nested within cluster; treated as redundant for DoF computation
(dropped 16 singleton observations)
(MWFE estimator converged in 7 iterations)

HDFE Linear regression                            Number of obs   =     21,926
Absorbing 2 HDFE groups                           F(  16,    511) =      63.28
Statistics robust to heteroskedasticity           Prob > F        =     0.0000
                                                  R-squared       =     0.8925
                                                  Adj R-squared   =     0.8892
                                                  Within R-sq.    =     0.2941
Number of clusters (hotel_id_num) =        512    Root MSE        =     0.2027

                                                 (Std. err. adjusted for 512 clusters in hotel_id_num)
------------------------------------------------------------------------------------------------------
                                     |               Robust
              lnRevenue_current_w199 | Coefficient  std. err.      t    P>|t|     [95% conf. interval]
-------------------------------------+----------------------------------------------------------------
                        ars_cross_ev |  -.0882158   .0350722    -2.52   0.012    -.1571193   -.0193123
                 pmr_text_apology_zf |  -.0766177   .0233423    -3.28   0.001    -.1224764    -.030759
                                     |
c.ars_cross_ev#c.pmr_text_apology_zf |   .2148397   .0795536     2.70   0.007     .0585473     .371132
                                     |
                             pmr_any |   .0051457   .0057825     0.89   0.374    -.0062148    .0165062
                  ev_ln_review_count |    .044478   .0047467     9.37   0.000     .0351526    .0538034
                      ev_mean_rating |   .0018405   .0039283     0.47   0.640    -.0058772    .0095582
                        ev_sd_rating |   .0020125   .0035843     0.56   0.575    -.0050293    .0090542
               ev_ln_mean_text_chars |   .0090581   .0047445     1.91   0.057    -.0002631    .0183793
                       sent_avg_bing |  -.0002318    .001099    -0.21   0.833    -.0023908    .0019273
                 sent_pos_share_bing |   .0148395   .0130958     1.13   0.258    -.0108887    .0405677
                 sent_neg_share_bing |   .0276921   .0150622     1.84   0.067    -.0018994    .0572837
                   ln_lag_volumn_acc |    .033623   .0075965     4.43   0.000     .0186988    .0485472
                  lag_avg_rating_acc |    .037052   .0302203     1.23   0.221    -.0223193    .0964234
                          lag_sd_acc |  -.0004969   .0377347    -0.01   0.989     -.074631    .0736373
                   ln_avg_com_RevPAR |   .1334324   .0159736     8.35   0.000     .1020505    .1648143
            lnRevenue_lag_month_w199 |   .4073424   .0208117    19.57   0.000     .3664553    .4482294
                               _cons |     1.5279   .1631713     9.36   0.000     1.207331    1.848469
------------------------------------------------------------------------------------------------------

Absorbed degrees of freedom:
------------------------------------------------------+
  Absorbed FE | Categories  - Redundant  = Num. Coefs |
--------------+---------------------------------------|
 hotel_id_num |       512         512           0    *|
           ym |       119           1         118     |
------------------------------------------------------+
* = FE nested within cluster; treated as redundant for DoF computation
(dropped 16 singleton observations)
(MWFE estimator converged in 7 iterations)

HDFE Linear regression                            Number of obs   =     21,926
Absorbing 2 HDFE groups                           F(  16,    511) =      62.05
Statistics robust to heteroskedasticity           Prob > F        =     0.0000
                                                  R-squared       =     0.8925
                                                  Adj R-squared   =     0.8892
                                                  Within R-sq.    =     0.2939
Number of clusters (hotel_id_num) =        512    Root MSE        =     0.2027

                                                (Std. err. adjusted for 512 clusters in hotel_id_num)
-----------------------------------------------------------------------------------------------------
                                    |               Robust
             lnRevenue_current_w199 | Coefficient  std. err.      t    P>|t|     [95% conf. interval]
------------------------------------+----------------------------------------------------------------
                       ars_cross_ev |  -.0685604   .0320019    -2.14   0.033    -.1314318   -.0056891
                 pmr_text_invite_zf |  -.1331319   .0487609    -2.73   0.007    -.2289284   -.0373354
                                    |
c.ars_cross_ev#c.pmr_text_invite_zf |   .4276262   .1612541     2.65   0.008     .1108237    .7444288
                                    |
                            pmr_any |   .0004182   .0048976     0.09   0.932    -.0092038    .0100401
                 ev_ln_review_count |   .0446916   .0047333     9.44   0.000     .0353924    .0539907
                     ev_mean_rating |   .0016811   .0039025     0.43   0.667    -.0059858     .009348
                       ev_sd_rating |   .0020653   .0035499     0.58   0.561    -.0049089    .0090395
              ev_ln_mean_text_chars |   .0096356   .0047307     2.04   0.042     .0003415    .0189296
                      sent_avg_bing |  -.0002197   .0011016    -0.20   0.842     -.002384    .0019446
                sent_pos_share_bing |   .0147716   .0131059     1.13   0.260    -.0109764    .0405197
                sent_neg_share_bing |   .0285774   .0151126     1.89   0.059    -.0011131    .0582679
                  ln_lag_volumn_acc |   .0336443   .0075616     4.45   0.000     .0187887       .0485
                 lag_avg_rating_acc |   .0387878   .0301583     1.29   0.199    -.0204617    .0980374
                         lag_sd_acc |  -.0012903   .0376678    -0.03   0.973     -.075293    .0727125
                  ln_avg_com_RevPAR |   .1333179   .0159594     8.35   0.000     .1019638    .1646719
           lnRevenue_lag_month_w199 |   .4074375   .0207928    19.60   0.000     .3665876    .4482874
                              _cons |   1.512967   .1631508     9.27   0.000     1.192438    1.833496
-----------------------------------------------------------------------------------------------------

Absorbed degrees of freedom:
------------------------------------------------------+
  Absorbed FE | Categories  - Redundant  = Num. Coefs |
--------------+---------------------------------------|
 hotel_id_num |       512         512           0    *|
           ym |       119           1         118     |
------------------------------------------------------+
* = FE nested within cluster; treated as redundant for DoF computation
(dropped 16 singleton observations)
(MWFE estimator converged in 7 iterations)

HDFE Linear regression                            Number of obs   =     21,926
Absorbing 2 HDFE groups                           F(  16,    511) =      61.75
Statistics robust to heteroskedasticity           Prob > F        =     0.0000
                                                  R-squared       =     0.8924
                                                  Adj R-squared   =     0.8892
                                                  Within R-sq.    =     0.2936
Number of clusters (hotel_id_num) =        512    Root MSE        =     0.2028

                                                  (Std. err. adjusted for 512 clusters in hotel_id_num)
-------------------------------------------------------------------------------------------------------
                                      |               Robust
               lnRevenue_current_w199 | Coefficient  std. err.      t    P>|t|     [95% conf. interval]
--------------------------------------+----------------------------------------------------------------
                         ars_cross_ev |  -.0489755   .0319965    -1.53   0.126    -.1118363    .0138853
                 pmr_text_recovery_zf |  -.0517315   .0687209    -0.75   0.452    -.1867418    .0832787
                                      |
c.ars_cross_ev#c.pmr_text_recovery_zf |   .1861311   .2362434     0.79   0.431    -.2779966    .6502589
                                      |
                              pmr_any |  -.0002825   .0049602    -0.06   0.955    -.0100275    .0094624
                   ev_ln_review_count |   .0448377   .0047536     9.43   0.000     .0354988    .0541767
                       ev_mean_rating |   .0017693   .0039008     0.45   0.650    -.0058942    .0094328
                         ev_sd_rating |    .002056    .003554     0.58   0.563    -.0049261    .0090382
                ev_ln_mean_text_chars |   .0093925   .0047258     1.99   0.047     .0001082    .0186769
                        sent_avg_bing |  -.0002374   .0011012    -0.22   0.829    -.0024007     .001926
                  sent_pos_share_bing |   .0147091   .0131044     1.12   0.262    -.0110359    .0404542
                  sent_neg_share_bing |   .0280977   .0151364     1.86   0.064    -.0016395    .0578348
                    ln_lag_volumn_acc |   .0335667   .0075763     4.43   0.000     .0186821    .0484513
                   lag_avg_rating_acc |   .0390418   .0301857     1.29   0.196    -.0202616    .0983451
                           lag_sd_acc |  -.0011844   .0377418    -0.03   0.975    -.0753327    .0729639
                    ln_avg_com_RevPAR |    .133395    .015979     8.35   0.000     .1020023    .1647876
             lnRevenue_lag_month_w199 |   .4074734   .0208044    19.59   0.000     .3666007    .4483461
                                _cons |   1.506978   .1633361     9.23   0.000     1.186086    1.827871
-------------------------------------------------------------------------------------------------------

Absorbed degrees of freedom:
------------------------------------------------------+
  Absorbed FE | Categories  - Redundant  = Num. Coefs |
--------------+---------------------------------------|
 hotel_id_num |       512         512           0    *|
           ym |       119           1         118     |
------------------------------------------------------+
* = FE nested within cluster; treated as redundant for DoF computation
(dropped 16 singleton observations)
(MWFE estimator converged in 7 iterations)

HDFE Linear regression                            Number of obs   =     21,926
Absorbing 2 HDFE groups                           F(  16,    511) =      62.51
Statistics robust to heteroskedasticity           Prob > F        =     0.0000
                                                  R-squared       =     0.8925
                                                  Adj R-squared   =     0.8892
                                                  Within R-sq.    =     0.2938
Number of clusters (hotel_id_num) =        512    Root MSE        =     0.2027

                                                  (Std. err. adjusted for 512 clusters in hotel_id_num)
-------------------------------------------------------------------------------------------------------
                                      |               Robust
               lnRevenue_current_w199 | Coefficient  std. err.      t    P>|t|     [95% conf. interval]
--------------------------------------+----------------------------------------------------------------
                         ars_cross_ev |   -.067594   .0373091    -1.81   0.071    -.1408921    .0057041
                 pmr_text_positive_zf |  -.0073412    .020027    -0.37   0.714    -.0466866    .0320042
                                      |
c.ars_cross_ev#c.pmr_text_positive_zf |   .0657971   .0686711     0.96   0.338    -.0691154    .2007095
                                      |
                              pmr_any |  -.0065555   .0062741    -1.04   0.297    -.0188816    .0057707
                   ev_ln_review_count |   .0445968   .0047558     9.38   0.000     .0352535    .0539401
                       ev_mean_rating |   .0014525   .0038998     0.37   0.710    -.0062092    .0091142
                         ev_sd_rating |   .0019942   .0035584     0.56   0.575    -.0049967     .008985
                ev_ln_mean_text_chars |   .0092294   .0047005     1.96   0.050    -5.34e-06     .018464
                        sent_avg_bing |  -.0002406   .0011004    -0.22   0.827    -.0024025    .0019214
                  sent_pos_share_bing |    .014604   .0131353     1.11   0.267    -.0112018    .0404098
                  sent_neg_share_bing |    .028137    .015126     1.86   0.063    -.0015799    .0578538
                    ln_lag_volumn_acc |   .0334047   .0075658     4.42   0.000     .0185408    .0482685
                   lag_avg_rating_acc |   .0377949   .0300166     1.26   0.209    -.0211762     .096766
                           lag_sd_acc |  -.0013303    .037657    -0.04   0.972    -.0753118    .0726512
                    ln_avg_com_RevPAR |   .1334009   .0160229     8.33   0.000     .1019219    .1648798
             lnRevenue_lag_month_w199 |   .4076247   .0208013    19.60   0.000     .3667582    .4484912
                                _cons |   1.520427   .1620362     9.38   0.000     1.202088    1.838767
-------------------------------------------------------------------------------------------------------

Absorbed degrees of freedom:
------------------------------------------------------+
  Absorbed FE | Categories  - Redundant  = Num. Coefs |
--------------+---------------------------------------|
 hotel_id_num |       512         512           0    *|
           ym |       119           1         118     |
------------------------------------------------------+
* = FE nested within cluster; treated as redundant for DoF computation
(dropped 16 singleton observations)
(MWFE estimator converged in 7 iterations)

HDFE Linear regression                            Number of obs   =     21,926
Absorbing 2 HDFE groups                           F(  16,    511) =      61.77
Statistics robust to heteroskedasticity           Prob > F        =     0.0000
                                                  R-squared       =     0.8925
                                                  Adj R-squared   =     0.8892
                                                  Within R-sq.    =     0.2939
Number of clusters (hotel_id_num) =        512    Root MSE        =     0.2027

                                                 (Std. err. adjusted for 512 clusters in hotel_id_num)
------------------------------------------------------------------------------------------------------
                                     |               Robust
              lnRevenue_current_w199 | Coefficient  std. err.      t    P>|t|     [95% conf. interval]
-------------------------------------+----------------------------------------------------------------
                        ars_cross_ev |  -.0594519   .0343803    -1.73   0.084     -.126996    .0080922
                 pmr_text_problem_zf |  -.0351848   .0271836    -1.29   0.196    -.0885902    .0182205
                                     |
c.ars_cross_ev#c.pmr_text_problem_zf |    .057491   .0925794     0.62   0.535    -.1243921    .2393741
                                     |
                             pmr_any |   .0044226   .0054836     0.81   0.420    -.0063505    .0151957
                  ev_ln_review_count |   .0445771   .0047345     9.42   0.000     .0352756    .0538787
                      ev_mean_rating |   .0014514   .0038968     0.37   0.710    -.0062044    .0091071
                        ev_sd_rating |   .0018872   .0035608     0.53   0.596    -.0051084    .0088828
               ev_ln_mean_text_chars |   .0089904   .0047296     1.90   0.058    -.0003014    .0182822
                       sent_avg_bing |  -.0002456    .001102    -0.22   0.824    -.0024106    .0019193
                 sent_pos_share_bing |   .0148098   .0131087     1.13   0.259    -.0109438    .0405634
                 sent_neg_share_bing |   .0279291   .0150947     1.85   0.065    -.0017262    .0575844
                   ln_lag_volumn_acc |   .0337061   .0075854     4.44   0.000     .0188037    .0486086
                  lag_avg_rating_acc |   .0373183   .0301426     1.24   0.216    -.0219003     .096537
                          lag_sd_acc |  -.0014731   .0376645    -0.04   0.969    -.0754694    .0725232
                   ln_avg_com_RevPAR |   .1333016   .0159796     8.34   0.000     .1019077    .1646955
            lnRevenue_lag_month_w199 |   .4075126   .0208184    19.57   0.000     .3666125    .4484127
                               _cons |   1.520642   .1629647     9.33   0.000     1.200479    1.840806
------------------------------------------------------------------------------------------------------

Absorbed degrees of freedom:
------------------------------------------------------+
  Absorbed FE | Categories  - Redundant  = Num. Coefs |
--------------+---------------------------------------|
 hotel_id_num |       512         512           0    *|
           ym |       119           1         118     |
------------------------------------------------------+
* = FE nested within cluster; treated as redundant for DoF computation
(dropped 16 singleton observations)
(MWFE estimator converged in 7 iterations)

HDFE Linear regression                            Number of obs   =     21,926
Absorbing 2 HDFE groups                           F(  16,    511) =      62.15
Statistics robust to heteroskedasticity           Prob > F        =     0.0000
                                                  R-squared       =     0.8924
                                                  Adj R-squared   =     0.8892
                                                  Within R-sq.    =     0.2937
Number of clusters (hotel_id_num) =        512    Root MSE        =     0.2027

                                                         (Std. err. adjusted for 512 clusters in hotel_id_num)
--------------------------------------------------------------------------------------------------------------
                                             |               Robust
                      lnRevenue_current_w199 | Coefficient  std. err.      t    P>|t|     [95% conf. interval]
---------------------------------------------+----------------------------------------------------------------
                                ars_cross_ev |  -.0781818   .0432662    -1.81   0.071    -.1631832    .0068196
                 pmr_text_personalization_zf |    .012344   .0315207     0.39   0.696    -.0495821    .0742702
                                             |
c.ars_cross_ev#c.pmr_text_personalization_zf |   .0631706   .0548437     1.15   0.250    -.0445763    .1709176
                                             |
                                     pmr_any |  -.0307723   .0266434    -1.15   0.249    -.0831164    .0215717
                          ev_ln_review_count |   .0446128   .0047533     9.39   0.000     .0352744    .0539513
                              ev_mean_rating |   .0016946   .0039075     0.43   0.665    -.0059822    .0093714
                                ev_sd_rating |   .0020665   .0035591     0.58   0.562    -.0049258    .0090588
                       ev_ln_mean_text_chars |   .0094585    .004716     2.01   0.045     .0001934    .0187237
                               sent_avg_bing |  -.0002227   .0011003    -0.20   0.840    -.0023844    .0019389
                         sent_pos_share_bing |   .0144965    .013116     1.11   0.270    -.0112715    .0402645
                         sent_neg_share_bing |   .0279648    .015122     1.85   0.065    -.0017442    .0576738
                           ln_lag_volumn_acc |   .0335613   .0075869     4.42   0.000     .0186559    .0484667
                          lag_avg_rating_acc |   .0387949   .0301437     1.29   0.199    -.0204259    .0980158
                                  lag_sd_acc |  -.0008225   .0377227    -0.02   0.983    -.0749332    .0732882
                           ln_avg_com_RevPAR |   .1334463   .0159965     8.34   0.000     .1020193    .1648733
                    lnRevenue_lag_month_w199 |   .4075384   .0208034    19.59   0.000     .3666678    .4484091
                                       _cons |   1.516105   .1631671     9.29   0.000     1.195544    1.836665
--------------------------------------------------------------------------------------------------------------

Absorbed degrees of freedom:
------------------------------------------------------+
  Absorbed FE | Categories  - Redundant  = Num. Coefs |
--------------+---------------------------------------|
 hotel_id_num |       512         512           0    *|
           ym |       119           1         118     |
------------------------------------------------------+
* = FE nested within cluster; treated as redundant for DoF computation
(dropped 16 singleton observations)
(MWFE estimator converged in 7 iterations)

HDFE Linear regression                            Number of obs   =     21,926
Absorbing 2 HDFE groups                           F(  16,    511) =      62.27
Statistics robust to heteroskedasticity           Prob > F        =     0.0000
                                                  R-squared       =     0.8924
                                                  Adj R-squared   =     0.8892
                                                  Within R-sq.    =     0.2937
Number of clusters (hotel_id_num) =        512    Root MSE        =     0.2027

                                                 (Std. err. adjusted for 512 clusters in hotel_id_num)
------------------------------------------------------------------------------------------------------
                                     |               Robust
              lnRevenue_current_w199 | Coefficient  std. err.      t    P>|t|     [95% conf. interval]
-------------------------------------+----------------------------------------------------------------
                        ars_cross_ev |  -.0754032   .0431136    -1.75   0.081     -.160105    .0092986
                 pmr_text_manager_zf |  -.0093781   .0189823    -0.49   0.621     -.046671    .0279149
                                     |
c.ars_cross_ev#c.pmr_text_manager_zf |   .0606453   .0550829     1.10   0.271    -.0475715    .1688622
                                     |
                             pmr_any |   -.008026   .0109952    -0.73   0.466    -.0296274    .0135754
                  ev_ln_review_count |   .0446181   .0047429     9.41   0.000     .0353002     .053936
                      ev_mean_rating |   .0016384   .0039074     0.42   0.675    -.0060381    .0093149
                        ev_sd_rating |   .0019851    .003557     0.56   0.577    -.0050031    .0089733
               ev_ln_mean_text_chars |   .0094523   .0047168     2.00   0.046     .0001857    .0187189
                       sent_avg_bing |  -.0002165   .0011015    -0.20   0.844    -.0023805    .0019476
                 sent_pos_share_bing |   .0145062   .0131287     1.10   0.270    -.0112867    .0402991
                 sent_neg_share_bing |   .0281736   .0151284     1.86   0.063    -.0015479    .0578951
                   ln_lag_volumn_acc |   .0337421   .0075688     4.46   0.000     .0188724    .0486119
                  lag_avg_rating_acc |   .0388534   .0300886     1.29   0.197    -.0202593     .097966
                          lag_sd_acc |  -.0004386   .0377272    -0.01   0.991    -.0745582    .0736809
                   ln_avg_com_RevPAR |   .1335593   .0159845     8.36   0.000     .1021559    .1649628
            lnRevenue_lag_month_w199 |   .4075442   .0207952    19.60   0.000     .3666896    .4483988
                               _cons |   1.513391   .1629562     9.29   0.000     1.193245    1.833538
------------------------------------------------------------------------------------------------------

Absorbed degrees of freedom:
------------------------------------------------------+
  Absorbed FE | Categories  - Redundant  = Num. Coefs |
--------------+---------------------------------------|
 hotel_id_num |       512         512           0    *|
           ym |       119           1         118     |
------------------------------------------------------+
* = FE nested within cluster; treated as redundant for DoF computation
(dropped 16 singleton observations)
(MWFE estimator converged in 7 iterations)

HDFE Linear regression                            Number of obs   =     21,926
Absorbing 2 HDFE groups                           F(  16,    511) =      63.10
Statistics robust to heteroskedasticity           Prob > F        =     0.0000
                                                  R-squared       =     0.8924
                                                  Adj R-squared   =     0.8892
                                                  Within R-sq.    =     0.2936
Number of clusters (hotel_id_num) =        512    Root MSE        =     0.2028

                                                  (Std. err. adjusted for 512 clusters in hotel_id_num)
-------------------------------------------------------------------------------------------------------
                                      |               Robust
               lnRevenue_current_w199 | Coefficient  std. err.      t    P>|t|     [95% conf. interval]
--------------------------------------+----------------------------------------------------------------
                         ars_cross_ev |  -.0379501   .0332769    -1.14   0.255    -.1033265    .0274263
                 pmr_text_template_zf |   .0192424   .0312338     0.62   0.538      -.04212    .0806048
                                      |
c.ars_cross_ev#c.pmr_text_template_zf |  -.0808268   .1071616    -0.75   0.451    -.2913584    .1297048
                                      |
                              pmr_any |   .0007062   .0051198     0.14   0.890    -.0093523    .0107646
                   ev_ln_review_count |   .0448772   .0047583     9.43   0.000     .0355289    .0542255
                       ev_mean_rating |   .0017123   .0039056     0.44   0.661    -.0059607    .0093853
                         ev_sd_rating |   .0020161   .0035548     0.57   0.571    -.0049677    .0089999
                ev_ln_mean_text_chars |   .0093187   .0047264     1.97   0.049     .0000331    .0186043
                        sent_avg_bing |  -.0002341   .0011005    -0.21   0.832    -.0023962     .001928
                  sent_pos_share_bing |   .0147843   .0130907     1.13   0.259     -.010934    .0405025
                  sent_neg_share_bing |   .0284401   .0151355     1.88   0.061    -.0012954    .0581756
                    ln_lag_volumn_acc |    .033633   .0075818     4.44   0.000     .0187377    .0485284
                   lag_avg_rating_acc |   .0392345   .0301583     1.30   0.194    -.0200151     .098484
                           lag_sd_acc |  -.0010561   .0377485    -0.03   0.978    -.0752175    .0731054
                    ln_avg_com_RevPAR |   .1332544   .0159867     8.34   0.000     .1018466    .1646622
             lnRevenue_lag_month_w199 |   .4074778   .0208008    19.59   0.000     .3666121    .4483434
                                _cons |   1.503535   .1635442     9.19   0.000     1.182233    1.824836
-------------------------------------------------------------------------------------------------------

Absorbed degrees of freedom:
------------------------------------------------------+
  Absorbed FE | Categories  - Redundant  = Num. Coefs |
--------------+---------------------------------------|
 hotel_id_num |       512         512           0    *|
           ym |       119           1         118     |
------------------------------------------------------+
* = FE nested within cluster; treated as redundant for DoF computation
(dropped 16 singleton observations)
(MWFE estimator converged in 7 iterations)

HDFE Linear regression                            Number of obs   =     21,998
Absorbing 2 HDFE groups                           F(   9,    513) =     310.32
Statistics robust to heteroskedasticity           Prob > F        =     0.0000
                                                  R-squared       =     0.3694
                                                  Adj R-squared   =     0.3506
                                                  Within R-sq.    =     0.1715
Number of clusters (hotel_id_num) =        514    Root MSE        =     0.0471

                                  (Std. err. adjusted for 514 clusters in hotel_id_num)
---------------------------------------------------------------------------------------
                      |               Robust
next_event_ars_cros~v | Coefficient  std. err.      t    P>|t|     [95% conf. interval]
----------------------+----------------------------------------------------------------
         ars_cross_ev |   .2061703    .010494    19.65   0.000     .1855538    .2267867
   ev_ln_review_count |   .0084499   .0009119     9.27   0.000     .0066584    .0102414
       ev_mean_rating |   .0008859   .0009584     0.92   0.356     -.000997    .0027688
         ev_sd_rating |  -.0082613   .0008439    -9.79   0.000    -.0099193   -.0066033
ev_ln_mean_text_chars |  -.0338353   .0012252   -27.62   0.000    -.0362423   -.0314282
        sent_avg_bing |   .0012671   .0002647     4.79   0.000      .000747    .0017872
    ln_lag_volumn_acc |  -.0001806   .0011098    -0.16   0.871    -.0023609    .0019996
   lag_avg_rating_acc |  -.0053871     .00499    -1.08   0.281    -.0151905    .0044162
           lag_sd_acc |   .0072732   .0058718     1.24   0.216    -.0042625    .0188089
                _cons |   .4406352   .0272739    16.16   0.000     .3870529    .4942176
---------------------------------------------------------------------------------------

Absorbed degrees of freedom:
------------------------------------------------------+
  Absorbed FE | Categories  - Redundant  = Num. Coefs |
--------------+---------------------------------------|
 hotel_id_num |       514         514           0    *|
           ym |       118           1         117     |
------------------------------------------------------+
* = FE nested within cluster; treated as redundant for DoF computation
(dropped 17 singleton observations)
(MWFE estimator converged in 7 iterations)

HDFE Linear regression                            Number of obs   =     22,135
Absorbing 2 HDFE groups                           F(   9,    513) =      12.11
Statistics robust to heteroskedasticity           Prob > F        =     0.0000
                                                  R-squared       =     0.2025
                                                  Adj R-squared   =     0.1788
                                                  Within R-sq.    =     0.0080
Number of clusters (hotel_id_num) =        514    Root MSE        =   271.7409

                                  (Std. err. adjusted for 514 clusters in hotel_id_num)
---------------------------------------------------------------------------------------
                      |               Robust
next_event_mean_tex~s | Coefficient  std. err.      t    P>|t|     [95% conf. interval]
----------------------+----------------------------------------------------------------
         ars_cross_ev |   -50.0197   50.64061    -0.99   0.324    -149.5082    49.46879
   ev_ln_review_count |   -43.6923   5.088529    -8.59   0.000    -53.68922   -33.69538
       ev_mean_rating |  -6.658688   4.926979    -1.35   0.177    -16.33823    3.020851
         ev_sd_rating |  -.8731313   4.642563    -0.19   0.851    -9.993907    8.247644
ev_ln_mean_text_chars |   25.69258   7.197172     3.57   0.000     11.55303    39.83214
        sent_avg_bing |   .5214541   1.459031     0.36   0.721    -2.344957    3.387865
    ln_lag_volumn_acc |  -13.13575   6.965131    -1.89   0.060    -26.81944    .5479429
   lag_avg_rating_acc |   6.749799   27.54083     0.25   0.806    -47.35689    60.85648
           lag_sd_acc |   7.017532   35.85752     0.20   0.845    -63.42812    77.46318
                _cons |   538.8371    153.015     3.52   0.000      238.224    839.4502
---------------------------------------------------------------------------------------

Absorbed degrees of freedom:
------------------------------------------------------+
  Absorbed FE | Categories  - Redundant  = Num. Coefs |
--------------+---------------------------------------|
 hotel_id_num |       514         514           0    *|
           ym |       118           1         117     |
------------------------------------------------------+
* = FE nested within cluster; treated as redundant for DoF computation
(dropped 14 singleton observations)
(MWFE estimator converged in 7 iterations)

HDFE Linear regression                            Number of obs   =     21,240
Absorbing 2 HDFE groups                           F(  18,    510) =      56.42
Statistics robust to heteroskedasticity           Prob > F        =     0.0000
                                                  R-squared       =     0.8930
                                                  Adj R-squared   =     0.8897
                                                  Within R-sq.    =     0.2908
Number of clusters (hotel_id_num) =        511    Root MSE        =     0.2016

                                                     (Std. err. adjusted for 511 clusters in hotel_id_num)
----------------------------------------------------------------------------------------------------------
                                         |               Robust
                  lnRevenue_current_w199 | Coefficient  std. err.      t    P>|t|     [95% conf. interval]
-----------------------------------------+----------------------------------------------------------------
                            ars_cross_ev |  -.0525191    .037308    -1.41   0.160    -.1258154    .0207772
                 pmr_target_complaint_zf |  -.0183605   .0287498    -0.64   0.523    -.0748431     .038122
                                         |
c.ars_cross_ev#c.pmr_target_complaint_zf |   .0513501   .0998231     0.51   0.607    -.1447649    .2474652
                                         |
                                 pmr_any |  -.0022007   .0060825    -0.36   0.718    -.0141505    .0097491
                          pmr_activity_n |  -.0004473   .0001947    -2.30   0.022    -.0008297   -.0000648
                        pmr_cohort_rate7 |   .0077334   .0066719     1.16   0.247    -.0053744    .0208412
                      ev_ln_review_count |   .0455717   .0046848     9.73   0.000     .0363678    .0547756
                          ev_mean_rating |   .0007811   .0039944     0.20   0.845    -.0070665    .0086287
                            ev_sd_rating |   .0015065   .0035974     0.42   0.676    -.0055611    .0085741
                   ev_ln_mean_text_chars |   .0099649   .0049598     2.01   0.045     .0002207    .0197091
                           sent_avg_bing |  -.0001508   .0011357    -0.13   0.894    -.0023821    .0020804
                     sent_pos_share_bing |   .0144262   .0135323     1.07   0.287    -.0121599    .0410122
                     sent_neg_share_bing |   .0308093   .0157425     1.96   0.051    -.0001188    .0617373
                       ln_lag_volumn_acc |   .0391106   .0078725     4.97   0.000      .023644    .0545772
                      lag_avg_rating_acc |   .0474962   .0304421     1.56   0.119    -.0123111    .1073035
                              lag_sd_acc |   .0047369   .0388844     0.12   0.903    -.0716564    .0811301
                       ln_avg_com_RevPAR |   .1340054   .0162777     8.23   0.000     .1020258    .1659849
                lnRevenue_lag_month_w199 |   .4079215   .0212748    19.17   0.000     .3661245    .4497186
                                   _cons |   1.434507    .164876     8.70   0.000     1.110587    1.758426
----------------------------------------------------------------------------------------------------------

Absorbed degrees of freedom:
------------------------------------------------------+
  Absorbed FE | Categories  - Redundant  = Num. Coefs |
--------------+---------------------------------------|
 hotel_id_num |       511         511           0    *|
           ym |       119           1         118     |
------------------------------------------------------+
* = FE nested within cluster; treated as redundant for DoF computation
(dropped 14 singleton observations)
(MWFE estimator converged in 7 iterations)

HDFE Linear regression                            Number of obs   =     21,240
Absorbing 2 HDFE groups                           F(  18,    510) =      56.89
Statistics robust to heteroskedasticity           Prob > F        =     0.0000
                                                  R-squared       =     0.8930
                                                  Adj R-squared   =     0.8897
                                                  Within R-sq.    =     0.2908
Number of clusters (hotel_id_num) =        511    Root MSE        =     0.2016

                                                   (Std. err. adjusted for 511 clusters in hotel_id_num)
--------------------------------------------------------------------------------------------------------
                                       |               Robust
                lnRevenue_current_w199 | Coefficient  std. err.      t    P>|t|     [95% conf. interval]
---------------------------------------+----------------------------------------------------------------
                          ars_cross_ev |  -.0639733   .0426526    -1.50   0.134    -.1477698    .0198231
                 pmr_target_service_zf |  -.0142021   .0207708    -0.68   0.494     -.055009    .0266047
                                       |
c.ars_cross_ev#c.pmr_target_service_zf |   .0544988   .0705017     0.77   0.440    -.0840107    .1930083
                                       |
                               pmr_any |  -.0044513   .0073765    -0.60   0.546    -.0189434    .0100409
                        pmr_activity_n |   -.000445   .0001935    -2.30   0.022    -.0008251   -.0000648
                      pmr_cohort_rate7 |   .0079182   .0067334     1.18   0.240    -.0053105    .0211468
                    ev_ln_review_count |   .0455285   .0046792     9.73   0.000     .0363356    .0547213
                        ev_mean_rating |   .0007188    .003995     0.18   0.857    -.0071299    .0085675
                          ev_sd_rating |   .0015359   .0035964     0.43   0.670    -.0055297    .0086015
                 ev_ln_mean_text_chars |   .0100642   .0049453     2.04   0.042     .0003486    .0197798
                         sent_avg_bing |  -.0001438   .0011372    -0.13   0.899    -.0023779    .0020904
                   sent_pos_share_bing |   .0143099   .0135794     1.05   0.292    -.0123686    .0409883
                   sent_neg_share_bing |   .0307185   .0157558     1.95   0.052    -.0002356    .0616727
                     ln_lag_volumn_acc |   .0391303   .0078822     4.96   0.000     .0236448    .0546159
                    lag_avg_rating_acc |   .0474962   .0303834     1.56   0.119    -.0121959    .1071882
                            lag_sd_acc |   .0047685   .0389063     0.12   0.903    -.0716678    .0812048
                     ln_avg_com_RevPAR |   .1340243   .0162995     8.22   0.000     .1020018    .1660467
              lnRevenue_lag_month_w199 |   .4079421   .0212637    19.18   0.000     .3661669    .4497172
                                 _cons |   1.437358   .1647834     8.72   0.000      1.11362    1.761096
--------------------------------------------------------------------------------------------------------

Absorbed degrees of freedom:
------------------------------------------------------+
  Absorbed FE | Categories  - Redundant  = Num. Coefs |
--------------+---------------------------------------|
 hotel_id_num |       511         511           0    *|
           ym |       119           1         118     |
------------------------------------------------------+
* = FE nested within cluster; treated as redundant for DoF computation
(dropped 14 singleton observations)
(MWFE estimator converged in 7 iterations)

HDFE Linear regression                            Number of obs   =     21,240
Absorbing 2 HDFE groups                           F(  18,    510) =      58.17
Statistics robust to heteroskedasticity           Prob > F        =     0.0000
                                                  R-squared       =     0.8930
                                                  Adj R-squared   =     0.8897
                                                  Within R-sq.    =     0.2908
Number of clusters (hotel_id_num) =        511    Root MSE        =     0.2016

                                                (Std. err. adjusted for 511 clusters in hotel_id_num)
-----------------------------------------------------------------------------------------------------
                                    |               Robust
             lnRevenue_current_w199 | Coefficient  std. err.      t    P>|t|     [95% conf. interval]
------------------------------------+----------------------------------------------------------------
                       ars_cross_ev |  -.0648201   .0457644    -1.42   0.157    -.1547301    .0250899
                 pmr_target_room_zf |  -.0180361   .0188446    -0.96   0.339    -.0550586    .0189864
                                    |
c.ars_cross_ev#c.pmr_target_room_zf |   .0498977    .065982     0.76   0.450    -.0797323    .1795276
                                    |
                            pmr_any |  -.0007077   .0078173    -0.09   0.928    -.0160658    .0146504
                     pmr_activity_n |  -.0004485   .0001937    -2.32   0.021     -.000829    -.000068
                   pmr_cohort_rate7 |   .0079315   .0067347     1.18   0.239    -.0052997    .0211626
                 ev_ln_review_count |   .0455224    .004678     9.73   0.000     .0363319     .054713
                     ev_mean_rating |   .0007527   .0039958     0.19   0.851    -.0070976     .008603
                       ev_sd_rating |   .0015138   .0036037     0.42   0.675    -.0055661    .0085937
              ev_ln_mean_text_chars |   .0100527   .0049464     2.03   0.043     .0003349    .0197705
                      sent_avg_bing |  -.0001374   .0011366    -0.12   0.904    -.0023705    .0020956
                sent_pos_share_bing |   .0143439   .0135555     1.06   0.290    -.0122876    .0409753
                sent_neg_share_bing |   .0307195   .0157538     1.95   0.052    -.0002308    .0616699
                  ln_lag_volumn_acc |   .0390801   .0078751     4.96   0.000     .0236085    .0545517
                 lag_avg_rating_acc |   .0475775   .0304673     1.56   0.119    -.0122793    .1074343
                         lag_sd_acc |   .0051749   .0389456     0.13   0.894    -.0713385    .0816884
                  ln_avg_com_RevPAR |   .1340732   .0162898     8.23   0.000     .1020697    .1660766
           lnRevenue_lag_month_w199 |   .4079217   .0212641    19.18   0.000     .3661457    .4496976
                              _cons |   1.436914   .1649722     8.71   0.000     1.112805    1.761022
-----------------------------------------------------------------------------------------------------

Absorbed degrees of freedom:
------------------------------------------------------+
  Absorbed FE | Categories  - Redundant  = Num. Coefs |
--------------+---------------------------------------|
 hotel_id_num |       511         511           0    *|
           ym |       119           1         118     |
------------------------------------------------------+
* = FE nested within cluster; treated as redundant for DoF computation
(dropped 14 singleton observations)
(MWFE estimator converged in 7 iterations)

HDFE Linear regression                            Number of obs   =     21,240
Absorbing 2 HDFE groups                           F(  18,    510) =      56.55
Statistics robust to heteroskedasticity           Prob > F        =     0.0000
                                                  R-squared       =     0.8930
                                                  Adj R-squared   =     0.8897
                                                  Within R-sq.    =     0.2908
Number of clusters (hotel_id_num) =        511    Root MSE        =     0.2016

                                                       (Std. err. adjusted for 511 clusters in hotel_id_num)
------------------------------------------------------------------------------------------------------------
                                           |               Robust
                    lnRevenue_current_w199 | Coefficient  std. err.      t    P>|t|     [95% conf. interval]
-------------------------------------------+----------------------------------------------------------------
                              ars_cross_ev |    -.06061   .0405593    -1.49   0.136    -.1402939     .019074
                 pmr_target_cleanliness_zf |   -.017059   .0236627    -0.72   0.471    -.0635473    .0294292
                                           |
c.ars_cross_ev#c.pmr_target_cleanliness_zf |   .0644602   .0805731     0.80   0.424    -.0938358    .2227562
                                           |
                                   pmr_any |  -.0041532    .005866    -0.71   0.479    -.0156776    .0073713
                            pmr_activity_n |  -.0004395   .0001931    -2.28   0.023    -.0008189     -.00006
                          pmr_cohort_rate7 |   .0078254   .0067457     1.16   0.247    -.0054274    .0210781
                        ev_ln_review_count |   .0456276   .0046845     9.74   0.000     .0364243     .054831
                            ev_mean_rating |   .0007928   .0039992     0.20   0.843    -.0070641    .0086497
                              ev_sd_rating |   .0015207   .0036016     0.42   0.673    -.0055551    .0085964
                     ev_ln_mean_text_chars |   .0100503   .0049499     2.03   0.043     .0003256    .0197749
                             sent_avg_bing |  -.0001535   .0011359    -0.14   0.893    -.0023851    .0020782
                       sent_pos_share_bing |   .0144019   .0135433     1.06   0.288    -.0122056    .0410094
                       sent_neg_share_bing |   .0308288   .0157461     1.96   0.051    -.0001063    .0617639
                         ln_lag_volumn_acc |   .0391252    .007864     4.98   0.000     .0236753    .0545751
                        lag_avg_rating_acc |   .0476965   .0303875     1.57   0.117    -.0120037    .1073966
                                lag_sd_acc |    .004993   .0388727     0.13   0.898    -.0713773    .0813633
                         ln_avg_com_RevPAR |   .1340514   .0163042     8.22   0.000     .1020197    .1660831
                  lnRevenue_lag_month_w199 |   .4078531   .0212832    19.16   0.000     .3660396    .4496666
                                     _cons |   1.435251   .1649302     8.70   0.000     1.111224    1.759277
------------------------------------------------------------------------------------------------------------

Absorbed degrees of freedom:
------------------------------------------------------+
  Absorbed FE | Categories  - Redundant  = Num. Coefs |
--------------+---------------------------------------|
 hotel_id_num |       511         511           0    *|
           ym |       119           1         118     |
------------------------------------------------------+
* = FE nested within cluster; treated as redundant for DoF computation
(dropped 14 singleton observations)
(MWFE estimator converged in 7 iterations)

HDFE Linear regression                            Number of obs   =     21,240
Absorbing 2 HDFE groups                           F(  18,    510) =      57.07
Statistics robust to heteroskedasticity           Prob > F        =     0.0000
                                                  R-squared       =     0.8930
                                                  Adj R-squared   =     0.8897
                                                  Within R-sq.    =     0.2908
Number of clusters (hotel_id_num) =        511    Root MSE        =     0.2016

                                                 (Std. err. adjusted for 511 clusters in hotel_id_num)
------------------------------------------------------------------------------------------------------
                                     |               Robust
              lnRevenue_current_w199 | Coefficient  std. err.      t    P>|t|     [95% conf. interval]
-------------------------------------+----------------------------------------------------------------
                        ars_cross_ev |   -.043418   .0356557    -1.22   0.224    -.1134681    .0266321
                 pmr_target_value_zf |   .0058728   .0352163     0.17   0.868    -.0633141    .0750597
                                     |
c.ars_cross_ev#c.pmr_target_value_zf |  -.0043193   .1181875    -0.04   0.971    -.2365135     .227875
                                     |
                             pmr_any |   -.004385   .0056614    -0.77   0.439    -.0155075    .0067376
                      pmr_activity_n |  -.0004355   .0001933    -2.25   0.025    -.0008153   -.0000557
                    pmr_cohort_rate7 |   .0079631   .0067181     1.19   0.236    -.0052354    .0211616
                  ev_ln_review_count |   .0456743   .0046892     9.74   0.000     .0364617    .0548869
                      ev_mean_rating |   .0007792   .0039998     0.19   0.846    -.0070788    .0086373
                        ev_sd_rating |   .0015193   .0036023     0.42   0.673    -.0055578    .0085965
               ev_ln_mean_text_chars |   .0100476   .0049539     2.03   0.043      .000315    .0197802
                       sent_avg_bing |   -.000157   .0011355    -0.14   0.890    -.0023879    .0020738
                 sent_pos_share_bing |   .0145742   .0135276     1.08   0.282    -.0120024    .0411509
                 sent_neg_share_bing |   .0308718   .0157491     1.96   0.051    -.0000694    .0618129
                   ln_lag_volumn_acc |   .0391599   .0078675     4.98   0.000     .0237031    .0546167
                  lag_avg_rating_acc |   .0478547   .0304226     1.57   0.116    -.0119143    .1076237
                          lag_sd_acc |   .0048821   .0388493     0.13   0.900    -.0714423    .0812066
                   ln_avg_com_RevPAR |   .1339594   .0162912     8.22   0.000     .1019534    .1659655
            lnRevenue_lag_month_w199 |   .4078776   .0212627    19.18   0.000     .3661044    .4496508
                               _cons |   1.429626   .1649749     8.67   0.000     1.105512     1.75374
------------------------------------------------------------------------------------------------------

Absorbed degrees of freedom:
------------------------------------------------------+
  Absorbed FE | Categories  - Redundant  = Num. Coefs |
--------------+---------------------------------------|
 hotel_id_num |       511         511           0    *|
           ym |       119           1         118     |
------------------------------------------------------+
* = FE nested within cluster; treated as redundant for DoF computation
(dropped 14 singleton observations)
(MWFE estimator converged in 7 iterations)

HDFE Linear regression                            Number of obs   =     21,240
Absorbing 2 HDFE groups                           F(  18,    510) =      57.06
Statistics robust to heteroskedasticity           Prob > F        =     0.0000
                                                  R-squared       =     0.8931
                                                  Adj R-squared   =     0.8897
                                                  Within R-sq.    =     0.2911
Number of clusters (hotel_id_num) =        511    Root MSE        =     0.2015

                                               (Std. err. adjusted for 511 clusters in hotel_id_num)
----------------------------------------------------------------------------------------------------
                                   |               Robust
            lnRevenue_current_w199 | Coefficient  std. err.      t    P>|t|     [95% conf. interval]
-----------------------------------+----------------------------------------------------------------
                      ars_cross_ev |   -.076169    .037091    -2.05   0.041    -.1490389   -.0032992
                 pmr_target_low_zf |  -.0780268   .0296848    -2.63   0.009    -.1363463   -.0197073
                                   |
c.ars_cross_ev#c.pmr_target_low_zf |   .2417892   .1076134     2.25   0.025     .0303691    .4532092
                                   |
                           pmr_any |  -.0005505   .0060567    -0.09   0.928    -.0124496    .0113486
                    pmr_activity_n |  -.0004701   .0001955    -2.40   0.017    -.0008543    -.000086
                  pmr_cohort_rate7 |   .0070542   .0067709     1.04   0.298    -.0062481    .0203564
                ev_ln_review_count |   .0455266   .0046809     9.73   0.000     .0363303    .0547229
                    ev_mean_rating |   .0010963   .0040251     0.27   0.785    -.0068116    .0090042
                      ev_sd_rating |    .001618   .0036077     0.45   0.654    -.0054697    .0087058
             ev_ln_mean_text_chars |   .0098804   .0049364     2.00   0.046     .0001823    .0195785
                     sent_avg_bing |  -.0001853   .0011322    -0.16   0.870    -.0024097     .002039
               sent_pos_share_bing |   .0147212   .0135341     1.09   0.277    -.0118682    .0413105
               sent_neg_share_bing |   .0301588    .015691     1.92   0.055    -.0006682    .0609858
                 ln_lag_volumn_acc |   .0391809   .0078695     4.98   0.000     .0237203    .0546414
                lag_avg_rating_acc |   .0466168   .0304788     1.53   0.127    -.0132627    .1064962
                        lag_sd_acc |   .0061054   .0389606     0.16   0.876    -.0704376    .0826484
                 ln_avg_com_RevPAR |   .1339578   .0162741     8.23   0.000     .1019852    .1659303
          lnRevenue_lag_month_w199 |   .4077273   .0212885    19.15   0.000     .3659034    .4495512
                             _cons |   1.443362   .1646822     8.76   0.000     1.119823    1.766901
----------------------------------------------------------------------------------------------------

Absorbed degrees of freedom:
------------------------------------------------------+
  Absorbed FE | Categories  - Redundant  = Num. Coefs |
--------------+---------------------------------------|
 hotel_id_num |       511         511           0    *|
           ym |       119           1         118     |
------------------------------------------------------+
* = FE nested within cluster; treated as redundant for DoF computation
(dropped 15 singleton observations)
(MWFE estimator converged in 7 iterations)

HDFE Linear regression                            Number of obs   =     22,092
Absorbing 2 HDFE groups                           F(  13,    512) =      75.59
Statistics robust to heteroskedasticity           Prob > F        =     0.0000
                                                  R-squared       =     0.8921
                                                  Adj R-squared   =     0.8888
                                                  Within R-sq.    =     0.2929
Number of clusters (hotel_id_num) =        513    Root MSE        =     0.2032

                                     (Std. err. adjusted for 513 clusters in hotel_id_num)
------------------------------------------------------------------------------------------
                         |               Robust
  lnRevenue_current_w199 | Coefficient  std. err.      t    P>|t|     [95% conf. interval]
-------------------------+----------------------------------------------------------------
             ars_pool_ev |  -.0783998    .039755    -1.97   0.049    -.1565028   -.0002967
      ev_ln_review_count |   .0465233   .0047638     9.77   0.000     .0371643    .0558823
          ev_mean_rating |   .0016845   .0038719     0.44   0.664    -.0059222    .0092912
            ev_sd_rating |   .0023043   .0036117     0.64   0.524    -.0047913    .0093998
   ev_ln_mean_text_chars |   .0074892   .0048771     1.54   0.125    -.0020924    .0170709
           sent_avg_bing |  -.0000863   .0010983    -0.08   0.937     -.002244    .0020715
     sent_pos_share_bing |    .014077    .012986     1.08   0.279    -.0114353    .0395893
     sent_neg_share_bing |   .0271037   .0151849     1.78   0.075    -.0027287     .056936
       ln_lag_volumn_acc |   .0320566   .0073551     4.36   0.000     .0176067    .0465066
      lag_avg_rating_acc |   .0362038   .0298629     1.21   0.226    -.0224651    .0948727
              lag_sd_acc |  -.0036908   .0351318    -0.11   0.916     -.072711    .0653293
       ln_avg_com_RevPAR |   .1341909   .0160279     8.37   0.000     .1027024    .1656794
lnRevenue_lag_month_w199 |   .4031396   .0206065    19.56   0.000      .362656    .4436233
                   _cons |   1.561718   .1602111     9.75   0.000     1.246966     1.87647
------------------------------------------------------------------------------------------

Absorbed degrees of freedom:
------------------------------------------------------+
  Absorbed FE | Categories  - Redundant  = Num. Coefs |
--------------+---------------------------------------|
 hotel_id_num |       513         513           0    *|
           ym |       119           1         118     |
------------------------------------------------------+
* = FE nested within cluster; treated as redundant for DoF computation
(dropped 15 singleton observations)
(MWFE estimator converged in 7 iterations)
note: ln_avg_com_RevPAR omitted because of collinearity

HDFE Linear regression                            Number of obs   =     22,092
Absorbing 2 HDFE groups                           F(  14,    512) =      71.86
Statistics robust to heteroskedasticity           Prob > F        =     0.0000
                                                  R-squared       =     0.8921
                                                  Adj R-squared   =     0.8889
                                                  Within R-sq.    =     0.2931
Number of clusters (hotel_id_num) =        513    Root MSE        =     0.2031

                                              (Std. err. adjusted for 513 clusters in hotel_id_num)
---------------------------------------------------------------------------------------------------
                                  |               Robust
           lnRevenue_current_w199 | Coefficient  std. err.      t    P>|t|     [95% conf. interval]
----------------------------------+----------------------------------------------------------------
                      ars_pool_ev |   .3421678   .2617757     1.31   0.192    -.1721189    .8564544
                ln_avg_com_RevPAR |    .164234   .0247228     6.64   0.000     .1156633    .2128047
                                  |
c.ars_pool_ev#c.ln_avg_com_RevPAR |     -.0995   .0595499    -1.67   0.095    -.2164922    .0174922
                                  |
               ev_ln_review_count |   .0467449   .0047463     9.85   0.000     .0374202    .0560696
                   ev_mean_rating |   .0018444   .0038793     0.48   0.635    -.0057769    .0094657
                     ev_sd_rating |   .0023973   .0036085     0.66   0.507    -.0046919    .0094866
            ev_ln_mean_text_chars |   .0074794   .0048803     1.53   0.126    -.0021084    .0170673
                    sent_avg_bing |  -.0001298   .0011001    -0.12   0.906    -.0022911    .0020314
              sent_pos_share_bing |   .0142043   .0129775     1.09   0.274    -.0112915       .0397
              sent_neg_share_bing |   .0269874    .015167     1.78   0.076    -.0028098    .0567847
                ln_lag_volumn_acc |   .0322387   .0073457     4.39   0.000     .0178072    .0466702
               lag_avg_rating_acc |   .0356427   .0297652     1.20   0.232    -.0228342    .0941195
                       lag_sd_acc |  -.0039908   .0350499    -0.11   0.909    -.0728502    .0648685
                ln_avg_com_RevPAR |          0  (omitted)
         lnRevenue_lag_month_w199 |   .4032066    .020599    19.57   0.000     .3627376    .4436756
                            _cons |   1.434619   .1808461     7.93   0.000     1.079328    1.789911
---------------------------------------------------------------------------------------------------

Absorbed degrees of freedom:
------------------------------------------------------+
  Absorbed FE | Categories  - Redundant  = Num. Coefs |
--------------+---------------------------------------|
 hotel_id_num |       513         513           0    *|
           ym |       119           1         118     |
------------------------------------------------------+
* = FE nested within cluster; treated as redundant for DoF computation
(dropped 15 singleton observations)
(MWFE estimator converged in 7 iterations)

HDFE Linear regression                            Number of obs   =     22,068
Absorbing 2 HDFE groups                           F(  15,    512) =      66.66
Statistics robust to heteroskedasticity           Prob > F        =     0.0000
                                                  R-squared       =     0.8936
                                                  Adj R-squared   =     0.8904
                                                  Within R-sq.    =     0.2840
Number of clusters (hotel_id_num) =        513    Root MSE        =     0.2007

                                                 (Std. err. adjusted for 513 clusters in hotel_id_num)
------------------------------------------------------------------------------------------------------
                                     |               Robust
              lnRevenue_current_w199 | Coefficient  std. err.      t    P>|t|     [95% conf. interval]
-------------------------------------+----------------------------------------------------------------
                         ars_pool_ev |  -.1544008   .0545244    -2.83   0.005    -.2615199   -.0472817
            1.high_comp_zip_focus100 |  -.0464646   .0240861    -1.93   0.054    -.0937843    .0008551
                                     |
high_comp_zip_focus100#c.ars_pool_ev |
                                  1  |   .1531599    .075312     2.03   0.042     .0052013    .3011184
                                     |
                  ev_ln_review_count |    .047195    .004772     9.89   0.000     .0378199    .0565701
                      ev_mean_rating |   .0001758   .0037516     0.05   0.963    -.0071946    .0075461
                        ev_sd_rating |   .0015793   .0035794     0.44   0.659    -.0054528    .0086115
               ev_ln_mean_text_chars |   .0058078   .0048264     1.20   0.229    -.0036741    .0152897
                       sent_avg_bing |  -.0001553   .0010982    -0.14   0.888    -.0023128    .0020021
                 sent_pos_share_bing |   .0150476   .0129467     1.16   0.246    -.0103875    .0404827
                 sent_neg_share_bing |   .0287849    .015229     1.89   0.059    -.0011342     .058704
                   ln_lag_volumn_acc |   .0337305   .0073856     4.57   0.000     .0192207    .0482403
                  lag_avg_rating_acc |   .0378771   .0283148     1.34   0.182    -.0177504    .0935046
                          lag_sd_acc |   -.000568   .0349963    -0.02   0.987    -.0693221     .068186
                   ln_avg_com_RevPAR |   .1349131   .0162897     8.28   0.000     .1029102    .1669161
            lnRevenue_lag_month_w199 |   .3872248   .0190658    20.31   0.000     .3497679    .4246816
                               _cons |   1.648007   .1558051    10.58   0.000     1.341911    1.954103
------------------------------------------------------------------------------------------------------

Absorbed degrees of freedom:
------------------------------------------------------+
  Absorbed FE | Categories  - Redundant  = Num. Coefs |
--------------+---------------------------------------|
 hotel_id_num |       513         513           0    *|
           ym |       119           1         118     |
------------------------------------------------------+
* = FE nested within cluster; treated as redundant for DoF computation
(dropped 15 singleton observations)
(MWFE estimator converged in 7 iterations)

HDFE Linear regression                            Number of obs   =     22,068
Absorbing 2 HDFE groups                           F(  15,    512) =      66.62
Statistics robust to heteroskedasticity           Prob > F        =     0.0000
                                                  R-squared       =     0.8936
                                                  Adj R-squared   =     0.8904
                                                  Within R-sq.    =     0.2838
Number of clusters (hotel_id_num) =        513    Root MSE        =     0.2007

                                                  (Std. err. adjusted for 513 clusters in hotel_id_num)
-------------------------------------------------------------------------------------------------------
                                      |               Robust
               lnRevenue_current_w199 | Coefficient  std. err.      t    P>|t|     [95% conf. interval]
--------------------------------------+----------------------------------------------------------------
                          ars_pool_ev |  -.0995639   .0547527    -1.82   0.070    -.2071314    .0080037
            1.high_comp_city_focus100 |   .0009703   .0225614     0.04   0.966     -.043354    .0452946
                                      |
high_comp_city_focus100#c.ars_pool_ev |
                                   1  |   .0262087     .06772     0.39   0.699    -.1068346    .1592519
                                      |
                   ev_ln_review_count |   .0475032   .0047808     9.94   0.000     .0381108    .0568956
                       ev_mean_rating |   .0002344   .0037573     0.06   0.950    -.0071472     .007616
                         ev_sd_rating |   .0015489   .0035946     0.43   0.667     -.005513    .0086109
                ev_ln_mean_text_chars |   .0059359   .0048233     1.23   0.219    -.0035399    .0154118
                        sent_avg_bing |   -.000182   .0010966    -0.17   0.868    -.0023364    .0019725
                  sent_pos_share_bing |   .0155415   .0129212     1.20   0.230    -.0098436    .0409266
                  sent_neg_share_bing |   .0292526    .015241     1.92   0.055    -.0006899    .0591951
                    ln_lag_volumn_acc |   .0333915   .0074141     4.50   0.000     .0188257    .0479573
                   lag_avg_rating_acc |   .0381127   .0286055     1.33   0.183    -.0180859    .0943113
                           lag_sd_acc |   .0007765   .0351934     0.02   0.982    -.0683648    .0699178
                    ln_avg_com_RevPAR |   .1347499   .0161662     8.34   0.000     .1029897    .1665102
             lnRevenue_lag_month_w199 |   .3869387   .0191583    20.20   0.000     .3493002    .4245771
                                _cons |    1.62648   .1582413    10.28   0.000     1.315598    1.937362
-------------------------------------------------------------------------------------------------------

Absorbed degrees of freedom:
------------------------------------------------------+
  Absorbed FE | Categories  - Redundant  = Num. Coefs |
--------------+---------------------------------------|
 hotel_id_num |       513         513           0    *|
           ym |       119           1         118     |
------------------------------------------------------+
* = FE nested within cluster; treated as redundant for DoF computation
(dropped 15 singleton observations)
(MWFE estimator converged in 7 iterations)

HDFE Linear regression                            Number of obs   =     22,068
Absorbing 2 HDFE groups                           F(  15,    512) =      66.63
Statistics robust to heteroskedasticity           Prob > F        =     0.0000
                                                  R-squared       =     0.8936
                                                  Adj R-squared   =     0.8904
                                                  Within R-sq.    =     0.2839
Number of clusters (hotel_id_num) =        513    Root MSE        =     0.2007

                                         (Std. err. adjusted for 513 clusters in hotel_id_num)
----------------------------------------------------------------------------------------------
                             |               Robust
      lnRevenue_current_w199 | Coefficient  std. err.      t    P>|t|     [95% conf. interval]
-----------------------------+----------------------------------------------------------------
                 ars_pool_ev |  -.0841982   .0392867    -2.14   0.033    -.1613813   -.0070152
                zip_n_full_c |  -.0025332    .001981    -1.28   0.202     -.006425    .0013587
                             |
c.ars_pool_ev#c.zip_n_full_c |   .0082836   .0058017     1.43   0.154    -.0031146    .0196817
                             |
          ev_ln_review_count |   .0471403   .0047611     9.90   0.000     .0377865     .056494
              ev_mean_rating |   .0001043   .0037544     0.03   0.978    -.0072717    .0074803
                ev_sd_rating |   .0015579   .0035854     0.43   0.664    -.0054861    .0086019
       ev_ln_mean_text_chars |   .0058633   .0048251     1.22   0.225     -.003616    .0153427
               sent_avg_bing |  -.0001435   .0010969    -0.13   0.896    -.0022985    .0020114
         sent_pos_share_bing |   .0152596   .0129037     1.18   0.238    -.0100911    .0406102
         sent_neg_share_bing |   .0288233   .0152488     1.89   0.059    -.0011345    .0587812
           ln_lag_volumn_acc |   .0336876   .0073832     4.56   0.000     .0191826    .0481926
          lag_avg_rating_acc |   .0377147    .028601     1.32   0.188    -.0184751    .0939045
                  lag_sd_acc |   .0000909   .0351214     0.00   0.998    -.0689089    .0690907
           ln_avg_com_RevPAR |    .134954   .0161627     8.35   0.000     .1032006    .1667075
    lnRevenue_lag_month_w199 |   .3872206   .0190879    20.29   0.000     .3497204    .4247208
                       _cons |   1.626496   .1566408    10.38   0.000     1.318759    1.934234
----------------------------------------------------------------------------------------------

Absorbed degrees of freedom:
------------------------------------------------------+
  Absorbed FE | Categories  - Redundant  = Num. Coefs |
--------------+---------------------------------------|
 hotel_id_num |       513         513           0    *|
           ym |       119           1         118     |
------------------------------------------------------+
* = FE nested within cluster; treated as redundant for DoF computation
(dropped 15 singleton observations)
(MWFE estimator converged in 7 iterations)

HDFE Linear regression                            Number of obs   =     22,068
Absorbing 2 HDFE groups                           F(  15,    512) =      74.52
Statistics robust to heteroskedasticity           Prob > F        =     0.0000
                                                  R-squared       =     0.8940
                                                  Adj R-squared   =     0.8908
                                                  Within R-sq.    =     0.2868
Number of clusters (hotel_id_num) =        513    Root MSE        =     0.2003

                                          (Std. err. adjusted for 513 clusters in hotel_id_num)
-----------------------------------------------------------------------------------------------
                              |               Robust
       lnRevenue_current_w199 | Coefficient  std. err.      t    P>|t|     [95% conf. interval]
------------------------------+----------------------------------------------------------------
                  ars_pool_ev |  -.0900166   .0393932    -2.29   0.023    -.1674088   -.0126245
                city_n_full_c |  -.0007647   .0001678    -4.56   0.000    -.0010943    -.000435
                              |
c.ars_pool_ev#c.city_n_full_c |   .0005381   .0003213     1.67   0.095    -.0000932    .0011693
                              |
           ev_ln_review_count |    .047764    .004797     9.96   0.000     .0383397    .0571883
               ev_mean_rating |  -.0000159   .0037483    -0.00   0.997    -.0073799    .0073481
                 ev_sd_rating |   .0017191   .0035869     0.48   0.632    -.0053277    .0087659
        ev_ln_mean_text_chars |   .0062523   .0047762     1.31   0.191    -.0031311    .0156356
                sent_avg_bing |  -.0000965   .0010998    -0.09   0.930    -.0022571    .0020641
          sent_pos_share_bing |   .0153143   .0129162     1.19   0.236    -.0100609    .0406895
          sent_neg_share_bing |   .0290501   .0152385     1.91   0.057    -.0008875    .0589877
            ln_lag_volumn_acc |   .0347512   .0071945     4.83   0.000     .0206168    .0488856
           lag_avg_rating_acc |    .037788   .0268332     1.41   0.160    -.0149287    .0905046
                   lag_sd_acc |   .0057467   .0335503     0.17   0.864    -.0601665    .0716599
            ln_avg_com_RevPAR |   .1289291    .016012     8.05   0.000     .0974718    .1603864
     lnRevenue_lag_month_w199 |   .3813592   .0196655    19.39   0.000     .3427242    .4199942
                        _cons |   1.661095   .1532495    10.84   0.000     1.360019     1.96217
-----------------------------------------------------------------------------------------------

Absorbed degrees of freedom:
------------------------------------------------------+
  Absorbed FE | Categories  - Redundant  = Num. Coefs |
--------------+---------------------------------------|
 hotel_id_num |       513         513           0    *|
           ym |       119           1         118     |
------------------------------------------------------+
* = FE nested within cluster; treated as redundant for DoF computation
(dropped 15 singleton observations)
(MWFE estimator converged in 8 iterations)

HDFE Linear regression                            Number of obs   =     21,394
Absorbing 2 HDFE groups                           F(  15,    508) =      63.60
Statistics robust to heteroskedasticity           Prob > F        =     0.0000
                                                  R-squared       =     0.9001
                                                  Adj R-squared   =     0.8971
                                                  Within R-sq.    =     0.3200
Number of clusters (hotel_id_num) =        509    Root MSE        =     0.1959

                                                       (Std. err. adjusted for 509 clusters in hotel_id_num)
------------------------------------------------------------------------------------------------------------
                                           |               Robust
                    lnRevenue_current_w199 | Coefficient  std. err.      t    P>|t|     [95% conf. interval]
-------------------------------------------+----------------------------------------------------------------
                               ars_pool_ev |   .7623425    .372383     2.05   0.041     .0307422    1.493943
                ln_comp_zip_mean_excl_full |   .2376184   .0342591     6.94   0.000     .1703114    .3049254
                                           |
c.ars_pool_ev#c.ln_comp_zip_mean_excl_full |  -.1996872   .0883011    -2.26   0.024    -.3731676   -.0262069
                                           |
                        ev_ln_review_count |   .0429013    .004933     8.70   0.000     .0332097    .0525929
                            ev_mean_rating |   .0019263   .0037285     0.52   0.606    -.0053989    .0092516
                              ev_sd_rating |   .0025923   .0036768     0.71   0.481    -.0046312    .0098158
                     ev_ln_mean_text_chars |   .0070506     .00498     1.42   0.157    -.0027334    .0168345
                             sent_avg_bing |   .0002368   .0010985     0.22   0.829    -.0019214     .002395
                       sent_pos_share_bing |   .0170602   .0128921     1.32   0.186    -.0082682    .0423887
                       sent_neg_share_bing |   .0309486   .0152235     2.03   0.043     .0010397    .0608574
                         ln_lag_volumn_acc |   .0330661   .0075223     4.40   0.000     .0182874    .0478447
                        lag_avg_rating_acc |    .043324   .0285941     1.52   0.130    -.0128533    .0995013
                                lag_sd_acc |  -.0016624   .0333045    -0.05   0.960    -.0670939    .0637691
                         ln_avg_com_RevPAR |   .0675413   .0153294     4.41   0.000     .0374244    .0976582
                  lnRevenue_lag_month_w199 |   .3711657   .0194805    19.05   0.000     .3328934     .409438
                                     _cons |   .9414851   .2104198     4.47   0.000     .5280849    1.354885
------------------------------------------------------------------------------------------------------------

Absorbed degrees of freedom:
------------------------------------------------------+
  Absorbed FE | Categories  - Redundant  = Num. Coefs |
--------------+---------------------------------------|
 hotel_id_num |       509         509           0    *|
           ym |       119           1         118     |
------------------------------------------------------+
* = FE nested within cluster; treated as redundant for DoF computation
(dropped 15 singleton observations)
(MWFE estimator converged in 7 iterations)

HDFE Linear regression                            Number of obs   =     22,068
Absorbing 2 HDFE groups                           F(  15,    512) =     111.62
Statistics robust to heteroskedasticity           Prob > F        =     0.0000
                                                  R-squared       =     0.8989
                                                  Adj R-squared   =     0.8959
                                                  Within R-sq.    =     0.3197
Number of clusters (hotel_id_num) =        513    Root MSE        =     0.1956

                                                        (Std. err. adjusted for 513 clusters in hotel_id_num)
-------------------------------------------------------------------------------------------------------------
                                            |               Robust
                     lnRevenue_current_w199 | Coefficient  std. err.      t    P>|t|     [95% conf. interval]
--------------------------------------------+----------------------------------------------------------------
                                ars_pool_ev |   1.046131   .5943071     1.76   0.079    -.1214491    2.213712
                ln_comp_city_mean_excl_full |   .4084334    .043677     9.35   0.000     .3226252    .4942416
                                            |
c.ars_pool_ev#c.ln_comp_city_mean_excl_full |  -.2570975   .1352225    -1.90   0.058    -.5227567    .0085617
                                            |
                         ev_ln_review_count |   .0470914   .0047545     9.90   0.000     .0377506    .0564321
                             ev_mean_rating |   .0025579   .0037143     0.69   0.491    -.0047392     .009855
                               ev_sd_rating |   .0027935   .0035488     0.79   0.432    -.0041784    .0097654
                      ev_ln_mean_text_chars |   .0063923   .0046684     1.37   0.172    -.0027793     .015564
                              sent_avg_bing |  -.0002954   .0010899    -0.27   0.786    -.0024367    .0018458
                        sent_pos_share_bing |   .0214311   .0125796     1.70   0.089    -.0032829    .0461451
                        sent_neg_share_bing |   .0308772   .0152855     2.02   0.044     .0008471    .0609072
                          ln_lag_volumn_acc |   .0389006   .0076788     5.07   0.000     .0238147    .0539864
                         lag_avg_rating_acc |   .0299901   .0296725     1.01   0.313    -.0283047    .0882849
                                 lag_sd_acc |   .0006154   .0363268     0.02   0.986    -.0707526    .0719833
                          ln_avg_com_RevPAR |   .1024737   .0157953     6.49   0.000     .0714422    .1335053
                   lnRevenue_lag_month_w199 |   .3712899   .0201472    18.43   0.000     .3317086    .4108713
                                      _cons |   .0280443    .243539     0.12   0.908    -.4504144    .5065031
-------------------------------------------------------------------------------------------------------------

Absorbed degrees of freedom:
------------------------------------------------------+
  Absorbed FE | Categories  - Redundant  = Num. Coefs |
--------------+---------------------------------------|
 hotel_id_num |       513         513           0    *|
           ym |       119           1         118     |
------------------------------------------------------+
* = FE nested within cluster; treated as redundant for DoF computation
(dropped 15 singleton observations)
(MWFE estimator converged in 8 iterations)

HDFE Linear regression                            Number of obs   =     21,394
Absorbing 2 HDFE groups                           F(  15,    508) =     121.29
Statistics robust to heteroskedasticity           Prob > F        =     0.0000
                                                  R-squared       =     0.9276
                                                  Adj R-squared   =     0.9253
                                                  Within R-sq.    =     0.5067
Number of clusters (hotel_id_num) =        509    Root MSE        =     0.1668

                                                (Std. err. adjusted for 509 clusters in hotel_id_num)
-----------------------------------------------------------------------------------------------------
                                    |               Robust
             lnRevenue_current_w199 | Coefficient  std. err.      t    P>|t|     [95% conf. interval]
------------------------------------+----------------------------------------------------------------
                        ars_pool_ev |   -.052852   .0363009    -1.46   0.146    -.1241703    .0184663
                gap_zip_mean_full_c |   .3852448   .0343387    11.22   0.000     .3177815    .4527081
                                    |
c.ars_pool_ev#c.gap_zip_mean_full_c |  -.0182356   .0773995    -0.24   0.814    -.1702982    .1338269
                                    |
                 ev_ln_review_count |   .0356352   .0050213     7.10   0.000     .0257702    .0455002
                     ev_mean_rating |  -.0029382   .0034589    -0.85   0.396    -.0097337    .0038572
                       ev_sd_rating |  -.0014191   .0028025    -0.51   0.613    -.0069251    .0040868
              ev_ln_mean_text_chars |   .0021112   .0039018     0.54   0.589    -.0055544    .0097768
                      sent_avg_bing |  -.0007136   .0010343    -0.69   0.491    -.0027457    .0013184
                sent_pos_share_bing |   .0076813   .0109728     0.70   0.484    -.0138764    .0292391
                sent_neg_share_bing |   .0123819   .0125906     0.98   0.326    -.0123541     .037118
                  ln_lag_volumn_acc |   .0301088   .0080565     3.74   0.000     .0142806     .045937
                 lag_avg_rating_acc |  -.0147611   .0307424    -0.48   0.631    -.0751589    .0456367
                         lag_sd_acc |  -.0610981   .0419914    -1.46   0.146    -.1435963    .0214001
                  ln_avg_com_RevPAR |   .2419491   .0304271     7.95   0.000     .1821706    .3017276
           lnRevenue_lag_month_w199 |   .2733177   .0183068    14.93   0.000     .2373513    .3092841
                              _cons |   1.999547   .1587313    12.60   0.000     1.687697    2.311398
-----------------------------------------------------------------------------------------------------

Absorbed degrees of freedom:
------------------------------------------------------+
  Absorbed FE | Categories  - Redundant  = Num. Coefs |
--------------+---------------------------------------|
 hotel_id_num |       509         509           0    *|
           ym |       119           1         118     |
------------------------------------------------------+
* = FE nested within cluster; treated as redundant for DoF computation
(dropped 15 singleton observations)
(MWFE estimator converged in 7 iterations)

HDFE Linear regression                            Number of obs   =     22,068
Absorbing 2 HDFE groups                           F(  15,    512) =     153.43
Statistics robust to heteroskedasticity           Prob > F        =     0.0000
                                                  R-squared       =     0.9568
                                                  Adj R-squared   =     0.9554
                                                  Within R-sq.    =     0.7089
Number of clusters (hotel_id_num) =        513    Root MSE        =     0.1279

                                                 (Std. err. adjusted for 513 clusters in hotel_id_num)
------------------------------------------------------------------------------------------------------
                                     |               Robust
              lnRevenue_current_w199 | Coefficient  std. err.      t    P>|t|     [95% conf. interval]
-------------------------------------+----------------------------------------------------------------
                         ars_pool_ev |  -.0661251   .0251439    -2.63   0.009    -.1155231   -.0167272
                gap_city_mean_full_c |   .6379837   .0396693    16.08   0.000     .5600491    .7159184
                                     |
c.ars_pool_ev#c.gap_city_mean_full_c |   .0741228   .0629572     1.18   0.240    -.0495634     .197809
                                     |
                  ev_ln_review_count |   .0182481   .0037516     4.86   0.000     .0108777    .0256185
                      ev_mean_rating |  -.0055304   .0023074    -2.40   0.017    -.0100634   -.0009973
                        ev_sd_rating |  -.0027879   .0022065    -1.26   0.207    -.0071227     .001547
               ev_ln_mean_text_chars |   .0011261   .0031185     0.36   0.718    -.0050006    .0072528
                       sent_avg_bing |   .0001583   .0007433     0.21   0.831    -.0013019    .0016186
                 sent_pos_share_bing |  -.0086859   .0082721    -1.05   0.294    -.0249374    .0075655
                 sent_neg_share_bing |   .0000437    .009426     0.00   0.996    -.0184747    .0185621
                   ln_lag_volumn_acc |   .0009338   .0060513     0.15   0.877    -.0109546    .0128222
                  lag_avg_rating_acc |    .022454   .0202562     1.11   0.268    -.0173416    .0622495
                          lag_sd_acc |  -.0047433   .0259554    -0.18   0.855    -.0557354    .0462488
                   ln_avg_com_RevPAR |   .1067688   .0101384    10.53   0.000     .0868508    .1266867
            lnRevenue_lag_month_w199 |   .1471149   .0084499    17.41   0.000     .1305141    .1637157
                               _cons |   3.119535   .1092137    28.56   0.000     2.904973    3.334097
------------------------------------------------------------------------------------------------------

Absorbed degrees of freedom:
------------------------------------------------------+
  Absorbed FE | Categories  - Redundant  = Num. Coefs |
--------------+---------------------------------------|
 hotel_id_num |       513         513           0    *|
           ym |       119           1         118     |
------------------------------------------------------+
* = FE nested within cluster; treated as redundant for DoF computation
(dropped 15 singleton observations)
(MWFE estimator converged in 7 iterations)

HDFE Linear regression                            Number of obs   =     22,092
Absorbing 2 HDFE groups                           F(  15,    512) =      69.27
Statistics robust to heteroskedasticity           Prob > F        =     0.0000
                                                  R-squared       =     0.8958
                                                  Adj R-squared   =     0.8926
                                                  Within R-sq.    =     0.3171
Number of clusters (hotel_id_num) =        513    Root MSE        =     0.1997

                                        (Std. err. adjusted for 513 clusters in hotel_id_num)
---------------------------------------------------------------------------------------------
                            |               Robust
     lnRevenue_current_w199 | Coefficient  std. err.      t    P>|t|     [95% conf. interval]
----------------------------+----------------------------------------------------------------
                ars_pool_ev |  -.0758282    .038377    -1.98   0.049    -.1512239   -.0004324
                price_gap_c |   .1405419   .0249015     5.64   0.000     .0916202    .1894636
                            |
c.ars_pool_ev#c.price_gap_c |      .0012   .0690422     0.02   0.986    -.1344408    .1368408
                            |
         ev_ln_review_count |   .0465367   .0045682    10.19   0.000     .0375619    .0555115
             ev_mean_rating |   .0013985   .0037427     0.37   0.709    -.0059544    .0087515
               ev_sd_rating |   .0022863   .0035642     0.64   0.521    -.0047158    .0092885
      ev_ln_mean_text_chars |   .0049294   .0048469     1.02   0.310    -.0045929    .0144516
              sent_avg_bing |  -.0002589   .0010627    -0.24   0.808    -.0023467    .0018288
        sent_pos_share_bing |   .0179131   .0127509     1.40   0.161    -.0071375    .0429636
        sent_neg_share_bing |   .0276897   .0147079     1.88   0.060    -.0012055    .0565849
          ln_lag_volumn_acc |   .0302282   .0071047     4.25   0.000     .0162703    .0441862
         lag_avg_rating_acc |   .0286048   .0287561     0.99   0.320    -.0278897    .0850994
                 lag_sd_acc |  -.0069697   .0324504    -0.21   0.830     -.070722    .0567827
          ln_avg_com_RevPAR |   .2294238   .0200471    11.44   0.000     .1900391    .2688084
   lnRevenue_lag_month_w199 |   .2908952    .019719    14.75   0.000      .252155    .3296353
                      _cons |    1.69041   .1530193    11.05   0.000     1.389787    1.991033
---------------------------------------------------------------------------------------------

Absorbed degrees of freedom:
------------------------------------------------------+
  Absorbed FE | Categories  - Redundant  = Num. Coefs |
--------------+---------------------------------------|
 hotel_id_num |       513         513           0    *|
           ym |       119           1         118     |
------------------------------------------------------+
* = FE nested within cluster; treated as redundant for DoF computation
(dropped 13 singleton observations)
(MWFE estimator converged in 8 iterations)
note: 1bn.chain is probably collinear with the fixed effects (all partialled-out values are close to zero; tol = 1.0e-09)

HDFE Linear regression                            Number of obs   =     18,155
Absorbing 2 HDFE groups                           F(  14,    421) =      63.74
Statistics robust to heteroskedasticity           Prob > F        =     0.0000
                                                  R-squared       =     0.8944
                                                  Adj R-squared   =     0.8911
                                                  Within R-sq.    =     0.2752
Number of clusters (hotel_id_num) =        422    Root MSE        =     0.1998

                                     (Std. err. adjusted for 422 clusters in hotel_id_num)
------------------------------------------------------------------------------------------
                         |               Robust
  lnRevenue_current_w199 | Coefficient  std. err.      t    P>|t|     [95% conf. interval]
-------------------------+----------------------------------------------------------------
             ars_pool_ev |  -.2892018   .1164549    -2.48   0.013    -.5181071   -.0602964
                 1.chain |          0  (omitted)
                         |
     chain#c.ars_pool_ev |
                      1  |   .2197377   .1230493     1.79   0.075    -.0221299    .4616053
                         |
      ev_ln_review_count |   .0474572   .0052727     9.00   0.000     .0370931    .0578212
          ev_mean_rating |   .0013124   .0041066     0.32   0.749    -.0067596    .0093845
            ev_sd_rating |   .0025745   .0039087     0.66   0.510    -.0051085    .0102575
   ev_ln_mean_text_chars |   .0064974   .0054865     1.18   0.237     -.004287    .0172818
           sent_avg_bing |  -.0015064   .0011758    -1.28   0.201    -.0038176    .0008048
     sent_pos_share_bing |   .0201206   .0141559     1.42   0.156    -.0077044    .0479456
     sent_neg_share_bing |   .0211867    .017473     1.21   0.226    -.0131585    .0555318
       ln_lag_volumn_acc |   .0340687   .0074619     4.57   0.000     .0194014    .0487359
      lag_avg_rating_acc |   .0417624    .034877     1.20   0.232    -.0267923    .1103172
              lag_sd_acc |   .0233767   .0385209     0.61   0.544    -.0523406    .0990939
       ln_avg_com_RevPAR |   .1303942   .0175024     7.45   0.000     .0959912    .1647971
lnRevenue_lag_month_w199 |   .3776058   .0205481    18.38   0.000     .3372161    .4179955
                   _cons |   1.661746   .1767072     9.40   0.000     1.314408    2.009084
------------------------------------------------------------------------------------------

Absorbed degrees of freedom:
------------------------------------------------------+
  Absorbed FE | Categories  - Redundant  = Num. Coefs |
--------------+---------------------------------------|
 hotel_id_num |       422         422           0    *|
           ym |       119           1         118     |
------------------------------------------------------+
* = FE nested within cluster; treated as redundant for DoF computation
(dropped 13 singleton observations)
(MWFE estimator converged in 8 iterations)
note: 1bn.independent is probably collinear with the fixed effects (all partialled-out values are close to zero; tol = 1.0e-09)

HDFE Linear regression                            Number of obs   =     18,155
Absorbing 2 HDFE groups                           F(  14,    421) =      63.74
Statistics robust to heteroskedasticity           Prob > F        =     0.0000
                                                  R-squared       =     0.8944
                                                  Adj R-squared   =     0.8911
                                                  Within R-sq.    =     0.2752
Number of clusters (hotel_id_num) =        422    Root MSE        =     0.1998

                                      (Std. err. adjusted for 422 clusters in hotel_id_num)
-------------------------------------------------------------------------------------------
                          |               Robust
   lnRevenue_current_w199 | Coefficient  std. err.      t    P>|t|     [95% conf. interval]
--------------------------+----------------------------------------------------------------
              ars_pool_ev |  -.0694641   .0446529    -1.56   0.121    -.1572344    .0183062
            1.independent |          0  (omitted)
                          |
independent#c.ars_pool_ev |
                       1  |  -.2197377   .1230493    -1.79   0.075    -.4616053    .0221299
                          |
       ev_ln_review_count |   .0474572   .0052727     9.00   0.000     .0370931    .0578212
           ev_mean_rating |   .0013124   .0041066     0.32   0.749    -.0067596    .0093845
             ev_sd_rating |   .0025745   .0039087     0.66   0.510    -.0051085    .0102575
    ev_ln_mean_text_chars |   .0064974   .0054865     1.18   0.237     -.004287    .0172818
            sent_avg_bing |  -.0015064   .0011758    -1.28   0.201    -.0038176    .0008048
      sent_pos_share_bing |   .0201206   .0141559     1.42   0.156    -.0077044    .0479456
      sent_neg_share_bing |   .0211867    .017473     1.21   0.226    -.0131585    .0555318
        ln_lag_volumn_acc |   .0340687   .0074619     4.57   0.000     .0194014    .0487359
       lag_avg_rating_acc |   .0417624    .034877     1.20   0.232    -.0267923    .1103172
               lag_sd_acc |   .0233767   .0385209     0.61   0.544    -.0523406    .0990939
        ln_avg_com_RevPAR |   .1303942   .0175024     7.45   0.000     .0959912    .1647971
 lnRevenue_lag_month_w199 |   .3776058   .0205481    18.38   0.000     .3372161    .4179955
                    _cons |   1.661746   .1767072     9.40   0.000     1.314408    2.009084
-------------------------------------------------------------------------------------------

Absorbed degrees of freedom:
------------------------------------------------------+
  Absorbed FE | Categories  - Redundant  = Num. Coefs |
--------------+---------------------------------------|
 hotel_id_num |       422         422           0    *|
           ym |       119           1         118     |
------------------------------------------------------+
* = FE nested within cluster; treated as redundant for DoF computation
(dropped 13 singleton observations)
(MWFE estimator converged in 8 iterations)
note: 1bn.chain_small is probably collinear with the fixed effects (all partialled-out values are close to zero; tol = 1.0e-09)

HDFE Linear regression                            Number of obs   =     18,155
Absorbing 2 HDFE groups                           F(  14,    421) =      63.74
Statistics robust to heteroskedasticity           Prob > F        =     0.0000
                                                  R-squared       =     0.8944
                                                  Adj R-squared   =     0.8911
                                                  Within R-sq.    =     0.2752
Number of clusters (hotel_id_num) =        422    Root MSE        =     0.1998

                                      (Std. err. adjusted for 422 clusters in hotel_id_num)
-------------------------------------------------------------------------------------------
                          |               Robust
   lnRevenue_current_w199 | Coefficient  std. err.      t    P>|t|     [95% conf. interval]
--------------------------+----------------------------------------------------------------
              ars_pool_ev |  -.2892018   .1164549    -2.48   0.013    -.5181071   -.0602964
            1.chain_small |          0  (omitted)
                          |
chain_small#c.ars_pool_ev |
                       1  |   .2197377   .1230493     1.79   0.075    -.0221299    .4616053
                          |
       ev_ln_review_count |   .0474572   .0052727     9.00   0.000     .0370931    .0578212
           ev_mean_rating |   .0013124   .0041066     0.32   0.749    -.0067596    .0093845
             ev_sd_rating |   .0025745   .0039087     0.66   0.510    -.0051085    .0102575
    ev_ln_mean_text_chars |   .0064974   .0054865     1.18   0.237     -.004287    .0172818
            sent_avg_bing |  -.0015064   .0011758    -1.28   0.201    -.0038176    .0008048
      sent_pos_share_bing |   .0201206   .0141559     1.42   0.156    -.0077044    .0479456
      sent_neg_share_bing |   .0211867    .017473     1.21   0.226    -.0131585    .0555318
        ln_lag_volumn_acc |   .0340687   .0074619     4.57   0.000     .0194014    .0487359
       lag_avg_rating_acc |   .0417624    .034877     1.20   0.232    -.0267923    .1103172
               lag_sd_acc |   .0233767   .0385209     0.61   0.544    -.0523406    .0990939
        ln_avg_com_RevPAR |   .1303942   .0175024     7.45   0.000     .0959912    .1647971
 lnRevenue_lag_month_w199 |   .3776058   .0205481    18.38   0.000     .3372161    .4179955
                    _cons |   1.661746   .1767072     9.40   0.000     1.314408    2.009084
-------------------------------------------------------------------------------------------

Absorbed degrees of freedom:
------------------------------------------------------+
  Absorbed FE | Categories  - Redundant  = Num. Coefs |
--------------+---------------------------------------|
 hotel_id_num |       422         422           0    *|
           ym |       119           1         118     |
------------------------------------------------------+
* = FE nested within cluster; treated as redundant for DoF computation
(dropped 13 singleton observations)
(MWFE estimator converged in 8 iterations)
note: 1bn.chain3_small is probably collinear with the fixed effects (all partialled-out values are close to zero; tol = 1.0e-09)

HDFE Linear regression                            Number of obs   =     18,155
Absorbing 2 HDFE groups                           F(  14,    421) =      63.72
Statistics robust to heteroskedasticity           Prob > F        =     0.0000
                                                  R-squared       =     0.8944
                                                  Adj R-squared   =     0.8911
                                                  Within R-sq.    =     0.2752
Number of clusters (hotel_id_num) =        422    Root MSE        =     0.1998

                                       (Std. err. adjusted for 422 clusters in hotel_id_num)
--------------------------------------------------------------------------------------------
                           |               Robust
    lnRevenue_current_w199 | Coefficient  std. err.      t    P>|t|     [95% conf. interval]
---------------------------+----------------------------------------------------------------
               ars_pool_ev |  -.2758276   .1146874    -2.41   0.017    -.5012588   -.0503964
            1.chain3_small |          0  (omitted)
                           |
chain3_small#c.ars_pool_ev |
                        1  |   .2050848   .1214395     1.69   0.092    -.0336185    .4437882
                           |
        ev_ln_review_count |   .0474394   .0052717     9.00   0.000     .0370773    .0578014
            ev_mean_rating |    .001296   .0041062     0.32   0.752    -.0067752    .0093671
              ev_sd_rating |    .002556   .0039073     0.65   0.513    -.0051242    .0102362
     ev_ln_mean_text_chars |   .0065104   .0054869     1.19   0.236    -.0042748    .0172955
             sent_avg_bing |  -.0015072   .0011758    -1.28   0.201    -.0038183    .0008039
       sent_pos_share_bing |   .0200778   .0141585     1.42   0.157    -.0077524     .047908
       sent_neg_share_bing |     .02124    .017467     1.22   0.225    -.0130934    .0555734
         ln_lag_volumn_acc |    .034091   .0074632     4.57   0.000     .0194211    .0487608
        lag_avg_rating_acc |   .0417979   .0348782     1.20   0.231    -.0267592     .110355
                lag_sd_acc |   .0236301   .0385224     0.61   0.540    -.0520901    .0993503
         ln_avg_com_RevPAR |   .1303817   .0175017     7.45   0.000     .0959801    .1647833
  lnRevenue_lag_month_w199 |   .3776345   .0205457    18.38   0.000     .3372496    .4180193
                     _cons |   1.661186   .1767133     9.40   0.000     1.313836    2.008537
--------------------------------------------------------------------------------------------

Absorbed degrees of freedom:
------------------------------------------------------+
  Absorbed FE | Categories  - Redundant  = Num. Coefs |
--------------+---------------------------------------|
 hotel_id_num |       422         422           0    *|
           ym |       119           1         118     |
------------------------------------------------------+
* = FE nested within cluster; treated as redundant for DoF computation
(dropped 15 singleton observations)
(MWFE estimator converged in 7 iterations)
note: 3bn.star_class_final is probably collinear with the fixed effects (all partialled-out values are close to zero; tol = 1.0e-09)
note: 4bn.star_class_final is probably collinear with the fixed effects (all partialled-out values are close to zero; tol = 1.0e-09)
note: 5bn.star_class_final is probably collinear with the fixed effects (all partialled-out values are close to zero; tol = 1.0e-09)
note: 6bn.star_class_final is probably collinear with the fixed effects (all partialled-out values are close to zero; tol = 1.0e-09)
note: 7bn.star_class_final is probably collinear with the fixed effects (all partialled-out values are close to zero; tol = 1.0e-09)
note: 8bn.star_class_final is probably collinear with the fixed effects (all partialled-out values are close to zero; tol = 1.0e-09)
note: 9bn.star_class_final is probably collinear with the fixed effects (all partialled-out values are close to zero; tol = 1.0e-09)

HDFE Linear regression                            Number of obs   =     21,617
Absorbing 2 HDFE groups                           F(  20,    502) =      50.03
Statistics robust to heteroskedasticity           Prob > F        =     0.0000
                                                  R-squared       =     0.8910
                                                  Adj R-squared   =     0.8877
                                                  Within R-sq.    =     0.3025
Number of clusters (hotel_id_num) =        503    Root MSE        =     0.1989

                                           (Std. err. adjusted for 503 clusters in hotel_id_num)
------------------------------------------------------------------------------------------------
                               |               Robust
        lnRevenue_current_w199 | Coefficient  std. err.      t    P>|t|     [95% conf. interval]
-------------------------------+----------------------------------------------------------------
                   ars_pool_ev |  -.1409108   .1033539    -1.36   0.173    -.3439702    .0621486
                               |
              star_class_final |
                            3  |          0  (omitted)
                            4  |          0  (omitted)
                            5  |          0  (omitted)
                            6  |          0  (omitted)
                            7  |          0  (omitted)
                            8  |          0  (omitted)
                            9  |          0  (omitted)
                               |
star_class_final#c.ars_pool_ev |
                            3  |  -.0034474   .1513389    -0.02   0.982    -.3007831    .2938883
                            4  |   .0004614   .1255607     0.00   0.997    -.2462278    .2471506
                            5  |   .1848157   .1103345     1.68   0.095    -.0319587    .4015901
                            6  |  -.0069506   .1786626    -0.04   0.969    -.3579692     .344068
                            7  |   .0235708   .1941313     0.12   0.903    -.3578391    .4049807
                            8  |  -.7842637   .3772144    -2.08   0.038    -1.525377   -.0431502
                            9  |   .0238322   .2182131     0.11   0.913    -.4048913    .4525556
                               |
            ev_ln_review_count |   .0471464   .0047632     9.90   0.000     .0377881    .0565047
                ev_mean_rating |   .0011079   .0039116     0.28   0.777    -.0065772    .0087929
                  ev_sd_rating |   .0024489   .0035755     0.68   0.494    -.0045759    .0094738
         ev_ln_mean_text_chars |    .007572   .0048312     1.57   0.118    -.0019199    .0170639
                 sent_avg_bing |  -.0001707    .001124    -0.15   0.879    -.0023789    .0020375
           sent_pos_share_bing |   .0163451   .0130635     1.25   0.211    -.0093207     .042011
           sent_neg_share_bing |   .0276785   .0153629     1.80   0.072    -.0025049     .057862
             ln_lag_volumn_acc |   .0298328   .0074993     3.98   0.000      .015099    .0445666
            lag_avg_rating_acc |   .0367496   .0299449     1.23   0.220    -.0220831    .0955824
                    lag_sd_acc |  -.0001778   .0353126    -0.01   0.996    -.0695564    .0692009
             ln_avg_com_RevPAR |   .1327932    .016048     8.27   0.000     .1012637    .1643227
      lnRevenue_lag_month_w199 |   .4110659   .0209311    19.64   0.000     .3699426    .4521891
                         _cons |   1.533471   .1609059     9.53   0.000     1.217339    1.849603
------------------------------------------------------------------------------------------------

Absorbed degrees of freedom:
------------------------------------------------------+
  Absorbed FE | Categories  - Redundant  = Num. Coefs |
--------------+---------------------------------------|
 hotel_id_num |       503         503           0    *|
           ym |       119           1         118     |
------------------------------------------------------+
* = FE nested within cluster; treated as redundant for DoF computation
(dropped 15 singleton observations)
(MWFE estimator converged in 7 iterations)
note: 1bn.high_star4 is probably collinear with the fixed effects (all partialled-out values are close to zero; tol = 1.0e-09)

HDFE Linear regression                            Number of obs   =     21,617
Absorbing 2 HDFE groups                           F(  14,    502) =      70.32
Statistics robust to heteroskedasticity           Prob > F        =     0.0000
                                                  R-squared       =     0.8909
                                                  Adj R-squared   =     0.8876
                                                  Within R-sq.    =     0.3020
Number of clusters (hotel_id_num) =        503    Root MSE        =     0.1989

                                     (Std. err. adjusted for 503 clusters in hotel_id_num)
------------------------------------------------------------------------------------------
                         |               Robust
  lnRevenue_current_w199 | Coefficient  std. err.      t    P>|t|     [95% conf. interval]
-------------------------+----------------------------------------------------------------
             ars_pool_ev |  -.1427588   .1223904    -1.17   0.244    -.3832193    .0977017
            1.high_star4 |          0  (omitted)
                         |
high_star4#c.ars_pool_ev |
                      1  |   .0905458   .1288695     0.70   0.483    -.1626442    .3437358
                         |
      ev_ln_review_count |   .0465921   .0047435     9.82   0.000     .0372726    .0559117
          ev_mean_rating |   .0009987   .0039123     0.26   0.799    -.0066878    .0086851
            ev_sd_rating |   .0025248   .0035835     0.70   0.481    -.0045157    .0095654
   ev_ln_mean_text_chars |   .0077934   .0048294     1.61   0.107    -.0016949    .0172816
           sent_avg_bing |  -.0001478   .0011181    -0.13   0.895    -.0023445    .0020488
     sent_pos_share_bing |   .0162586   .0130446     1.25   0.213    -.0093701    .0418873
     sent_neg_share_bing |   .0277072   .0153328     1.81   0.071    -.0024172    .0578316
       ln_lag_volumn_acc |   .0290233   .0074325     3.90   0.000     .0144207    .0436259
      lag_avg_rating_acc |   .0381251   .0299648     1.27   0.204    -.0207468     .096997
              lag_sd_acc |    .000572   .0352627     0.02   0.987    -.0687087    .0698527
       ln_avg_com_RevPAR |     .13278   .0160379     8.28   0.000     .1012704    .1642896
lnRevenue_lag_month_w199 |   .4111214   .0209373    19.64   0.000     .3699858    .4522569
                   _cons |   1.527491   .1610646     9.48   0.000     1.211047    1.843935
------------------------------------------------------------------------------------------

Absorbed degrees of freedom:
------------------------------------------------------+
  Absorbed FE | Categories  - Redundant  = Num. Coefs |
--------------+---------------------------------------|
 hotel_id_num |       503         503           0    *|
           ym |       119           1         118     |
------------------------------------------------------+
* = FE nested within cluster; treated as redundant for DoF computation
(dropped 15 singleton observations)
(MWFE estimator converged in 7 iterations)
note: lag_avg_rating_acc omitted because of collinearity

HDFE Linear regression                            Number of obs   =     22,092
Absorbing 2 HDFE groups                           F(  14,    512) =      71.90
Statistics robust to heteroskedasticity           Prob > F        =     0.0000
                                                  R-squared       =     0.8921
                                                  Adj R-squared   =     0.8888
                                                  Within R-sq.    =     0.2929
Number of clusters (hotel_id_num) =        513    Root MSE        =     0.2032

                                               (Std. err. adjusted for 513 clusters in hotel_id_num)
----------------------------------------------------------------------------------------------------
                                   |               Robust
            lnRevenue_current_w199 | Coefficient  std. err.      t    P>|t|     [95% conf. interval]
-----------------------------------+----------------------------------------------------------------
                       ars_pool_ev |  -.1084479   .3375182    -0.32   0.748    -.7715388    .5546431
                lag_avg_rating_acc |   .0340268   .0362638     0.94   0.349    -.0372174     .105271
                                   |
c.ars_pool_ev#c.lag_avg_rating_acc |   .0076161   .0836908     0.09   0.928    -.1568036    .1720357
                                   |
                ev_ln_review_count |   .0465194   .0047603     9.77   0.000     .0371673    .0558715
                    ev_mean_rating |   .0016696   .0038667     0.43   0.666     -.005927    .0092662
                      ev_sd_rating |   .0022978   .0036059     0.64   0.524    -.0047864    .0093821
             ev_ln_mean_text_chars |   .0074847   .0048771     1.53   0.125    -.0020969    .0170663
                     sent_avg_bing |  -.0000833   .0011009    -0.08   0.940    -.0022461    .0020795
               sent_pos_share_bing |   .0140479   .0130391     1.08   0.282    -.0115688    .0396646
               sent_neg_share_bing |   .0271306   .0151681     1.79   0.074    -.0026688    .0569301
                 ln_lag_volumn_acc |   .0320551   .0073568     4.36   0.000     .0176018    .0465084
                lag_avg_rating_acc |          0  (omitted)
                        lag_sd_acc |  -.0036345   .0351769    -0.10   0.918    -.0727434    .0654744
                 ln_avg_com_RevPAR |   .1341904   .0160271     8.37   0.000     .1027034    .1656774
          lnRevenue_lag_month_w199 |   .4031379   .0206075    19.56   0.000     .3626523    .4436235
                             _cons |   1.570356   .1739668     9.03   0.000     1.228579    1.912132
----------------------------------------------------------------------------------------------------

Absorbed degrees of freedom:
------------------------------------------------------+
  Absorbed FE | Categories  - Redundant  = Num. Coefs |
--------------+---------------------------------------|
 hotel_id_num |       513         513           0    *|
           ym |       119           1         118     |
------------------------------------------------------+
* = FE nested within cluster; treated as redundant for DoF computation
(dropped 15 singleton observations)
(MWFE estimator converged in 7 iterations)

HDFE Linear regression                            Number of obs   =     22,092
Absorbing 2 HDFE groups                           F(  15,    512) =      66.79
Statistics robust to heteroskedasticity           Prob > F        =     0.0000
                                                  R-squared       =     0.8921
                                                  Adj R-squared   =     0.8889
                                                  Within R-sq.    =     0.2932
Number of clusters (hotel_id_num) =        513    Root MSE        =     0.2031

                                          (Std. err. adjusted for 513 clusters in hotel_id_num)
-----------------------------------------------------------------------------------------------
                              |               Robust
       lnRevenue_current_w199 | Coefficient  std. err.      t    P>|t|     [95% conf. interval]
------------------------------+----------------------------------------------------------------
                  ars_pool_ev |  -.0351001   .0582603    -0.60   0.547    -.1495588    .0793586
            1.high_quality_ym |   .0050061   .0238739     0.21   0.834    -.0418969     .051909
                              |
high_quality_ym#c.ars_pool_ev |
                           1  |  -.0823717   .0737898    -1.12   0.265    -.2273398    .0625963
                              |
           ev_ln_review_count |   .0462213   .0047916     9.65   0.000     .0368077    .0556348
               ev_mean_rating |   .0016984   .0038682     0.44   0.661    -.0059011     .009298
                 ev_sd_rating |   .0022594   .0036179     0.62   0.533    -.0048484    .0093672
        ev_ln_mean_text_chars |   .0074539   .0048791     1.53   0.127    -.0021317    .0170395
                sent_avg_bing |  -.0001248   .0010996    -0.11   0.910     -.002285    .0020355
          sent_pos_share_bing |   .0146473   .0129961     1.13   0.260    -.0108849    .0401795
          sent_neg_share_bing |   .0270894   .0152053     1.78   0.075    -.0027831    .0569618
            ln_lag_volumn_acc |   .0325758   .0073313     4.44   0.000     .0181728    .0469789
           lag_avg_rating_acc |   .0465748   .0296378     1.57   0.117    -.0116518    .1048014
                   lag_sd_acc |  -.0068657   .0352078    -0.20   0.845    -.0760353    .0623039
            ln_avg_com_RevPAR |   .1343713   .0159634     8.42   0.000     .1030095    .1657331
     lnRevenue_lag_month_w199 |   .4029575   .0205124    19.64   0.000     .3626586    .4432563
                        _cons |   1.519325   .1585609     9.58   0.000     1.207815    1.830835
-----------------------------------------------------------------------------------------------

Absorbed degrees of freedom:
------------------------------------------------------+
  Absorbed FE | Categories  - Redundant  = Num. Coefs |
--------------+---------------------------------------|
 hotel_id_num |       513         513           0    *|
           ym |       119           1         118     |
------------------------------------------------------+
* = FE nested within cluster; treated as redundant for DoF computation
(dropped 15 singleton observations)
(MWFE estimator converged in 7 iterations)

HDFE Linear regression                            Number of obs   =     22,092
Absorbing 2 HDFE groups                           F(  15,    512) =      66.48
Statistics robust to heteroskedasticity           Prob > F        =     0.0000
                                                  R-squared       =     0.8921
                                                  Adj R-squared   =     0.8888
                                                  Within R-sq.    =     0.2931
Number of clusters (hotel_id_num) =        513    Root MSE        =     0.2031

                                              (Std. err. adjusted for 513 clusters in hotel_id_num)
---------------------------------------------------------------------------------------------------
                                  |               Robust
           lnRevenue_current_w199 | Coefficient  std. err.      t    P>|t|     [95% conf. interval]
----------------------------------+----------------------------------------------------------------
                      ars_pool_ev |  -.0336894   .0582249    -0.58   0.563    -.1480786    .0806997
            1.high_quality_cityym |   .0132582   .0242323     0.55   0.585    -.0343487    .0608652
                                  |
high_quality_cityym#c.ars_pool_ev |
                               1  |  -.0869672   .0739973    -1.18   0.240     -.232343    .0584086
                                  |
               ev_ln_review_count |   .0465811   .0047443     9.82   0.000     .0372604    .0559017
                   ev_mean_rating |   .0016969   .0038692     0.44   0.661    -.0059046    .0092983
                     ev_sd_rating |   .0023202   .0036126     0.64   0.521    -.0047772    .0094175
            ev_ln_mean_text_chars |   .0074023   .0048671     1.52   0.129    -.0021596    .0169643
                    sent_avg_bing |  -.0001062   .0010987    -0.10   0.923    -.0022648    .0020523
              sent_pos_share_bing |   .0142882   .0130012     1.10   0.272     -.011254    .0398304
              sent_neg_share_bing |   .0268694   .0152016     1.77   0.078    -.0029958    .0567347
                ln_lag_volumn_acc |    .032405   .0073218     4.43   0.000     .0180206    .0467894
               lag_avg_rating_acc |   .0423415    .029815     1.42   0.156    -.0162332    .1009162
                       lag_sd_acc |  -.0065777   .0349315    -0.19   0.851    -.0752045    .0620491
                ln_avg_com_RevPAR |   .1340756   .0160393     8.36   0.000     .1025647    .1655866
         lnRevenue_lag_month_w199 |    .403135   .0205231    19.64   0.000     .3628151    .4434549
                            _cons |   1.532917   .1614013     9.50   0.000     1.215827    1.850007
---------------------------------------------------------------------------------------------------

Absorbed degrees of freedom:
------------------------------------------------------+
  Absorbed FE | Categories  - Redundant  = Num. Coefs |
--------------+---------------------------------------|
 hotel_id_num |       513         513           0    *|
           ym |       119           1         118     |
------------------------------------------------------+
* = FE nested within cluster; treated as redundant for DoF computation
(dropped 15 singleton observations)
(MWFE estimator converged in 7 iterations)

HDFE Linear regression                            Number of obs   =     22,092
Absorbing 2 HDFE groups                           F(  15,    512) =      65.79
Statistics robust to heteroskedasticity           Prob > F        =     0.0000
                                                  R-squared       =     0.8921
                                                  Adj R-squared   =     0.8888
                                                  Within R-sq.    =     0.2929
Number of clusters (hotel_id_num) =        513    Root MSE        =     0.2032

                                             (Std. err. adjusted for 513 clusters in hotel_id_num)
--------------------------------------------------------------------------------------------------
                                 |               Robust
          lnRevenue_current_w199 | Coefficient  std. err.      t    P>|t|     [95% conf. interval]
---------------------------------+----------------------------------------------------------------
                     ars_pool_ev |   -.076541   .0523181    -1.46   0.144    -.1793255    .0262436
            1.high_quality_zipym |  -.0030131    .021376    -0.14   0.888    -.0450087    .0389824
                                 |
high_quality_zipym#c.ars_pool_ev |
                              1  |   -.003798   .0677353    -0.06   0.955    -.1368714    .1292753
                                 |
              ev_ln_review_count |   .0464074   .0047668     9.74   0.000     .0370424    .0557724
                  ev_mean_rating |    .001723   .0038736     0.44   0.657    -.0058872    .0093332
                    ev_sd_rating |   .0023455   .0036075     0.65   0.516    -.0047419    .0094329
           ev_ln_mean_text_chars |   .0075106   .0048799     1.54   0.124    -.0020766    .0170977
                   sent_avg_bing |  -.0000949   .0010975    -0.09   0.931     -.002251    .0020613
             sent_pos_share_bing |   .0141403   .0129938     1.09   0.277    -.0113874     .039668
             sent_neg_share_bing |   .0271535   .0151835     1.79   0.074    -.0026761    .0569832
               ln_lag_volumn_acc |   .0320893   .0073411     4.37   0.000      .017667    .0465116
              lag_avg_rating_acc |    .037965   .0295742     1.28   0.200    -.0201366    .0960666
                      lag_sd_acc |  -.0041545   .0353041    -0.12   0.906    -.0735133    .0652043
               ln_avg_com_RevPAR |   .1342554   .0160334     8.37   0.000      .102756    .1657548
        lnRevenue_lag_month_w199 |   .4031187   .0205939    19.57   0.000     .3626597    .4435778
                           _cons |   1.555961   .1596816     9.74   0.000     1.242249    1.869673
--------------------------------------------------------------------------------------------------

Absorbed degrees of freedom:
------------------------------------------------------+
  Absorbed FE | Categories  - Redundant  = Num. Coefs |
--------------+---------------------------------------|
 hotel_id_num |       513         513           0    *|
           ym |       119           1         118     |
------------------------------------------------------+
* = FE nested within cluster; treated as redundant for DoF computation
(dropped 15 singleton observations)
(MWFE estimator converged in 7 iterations)
note: 1bn.high_rank_status is probably collinear with the fixed effects (all partialled-out values are close to zero; tol = 1.0e-09)

HDFE Linear regression                            Number of obs   =     22,092
Absorbing 2 HDFE groups                           F(  14,    512) =      71.36
Statistics robust to heteroskedasticity           Prob > F        =     0.0000
                                                  R-squared       =     0.8921
                                                  Adj R-squared   =     0.8888
                                                  Within R-sq.    =     0.2929
Number of clusters (hotel_id_num) =        513    Root MSE        =     0.2032

                                           (Std. err. adjusted for 513 clusters in hotel_id_num)
------------------------------------------------------------------------------------------------
                               |               Robust
        lnRevenue_current_w199 | Coefficient  std. err.      t    P>|t|     [95% conf. interval]
-------------------------------+----------------------------------------------------------------
                   ars_pool_ev |  -.0678552   .0523384    -1.30   0.195    -.1706797    .0349693
            1.high_rank_status |          0  (omitted)
                               |
high_rank_status#c.ars_pool_ev |
                            1  |  -.0223766   .0736478    -0.30   0.761    -.1670656    .1223123
                               |
            ev_ln_review_count |   .0466206   .0047279     9.86   0.000     .0373321    .0559091
                ev_mean_rating |   .0017283   .0038827     0.45   0.656    -.0058997    .0093562
                  ev_sd_rating |      .0023   .0036119     0.64   0.525    -.0047959     .009396
         ev_ln_mean_text_chars |   .0074952   .0048762     1.54   0.125    -.0020846    .0170751
                 sent_avg_bing |  -.0000998   .0011027    -0.09   0.928    -.0022663    .0020666
           sent_pos_share_bing |   .0141856   .0130094     1.09   0.276    -.0113729     .039744
           sent_neg_share_bing |   .0271185   .0151907     1.79   0.075    -.0027253    .0569624
             ln_lag_volumn_acc |   .0320619   .0073547     4.36   0.000     .0176128     .046511
            lag_avg_rating_acc |   .0362797   .0298524     1.22   0.225    -.0223685    .0949279
                    lag_sd_acc |  -.0037966   .0351405    -0.11   0.914     -.072834    .0652407
             ln_avg_com_RevPAR |   .1341977   .0160253     8.37   0.000     .1027142    .1656812
      lnRevenue_lag_month_w199 |   .4031676   .0206028    19.57   0.000     .3626912    .4436441
                         _cons |   1.561539   .1601919     9.75   0.000     1.246825    1.876253
------------------------------------------------------------------------------------------------

Absorbed degrees of freedom:
------------------------------------------------------+
  Absorbed FE | Categories  - Redundant  = Num. Coefs |
--------------+---------------------------------------|
 hotel_id_num |       513         513           0    *|
           ym |       119           1         118     |
------------------------------------------------------+
* = FE nested within cluster; treated as redundant for DoF computation
(dropped 15 singleton observations)
(MWFE estimator converged in 7 iterations)
note: 2bn.hotel_evaluation_factor is probably collinear with the fixed effects (all partialled-out values are close to zero; tol = 1.0e-09)
note: 3bn.hotel_evaluation_factor is probably collinear with the fixed effects (all partialled-out values are close to zero; tol = 1.0e-09)
note: 4bn.hotel_evaluation_factor is probably collinear with the fixed effects (all partialled-out values are close to zero; tol = 1.0e-09)
note: 5bn.hotel_evaluation_factor is probably collinear with the fixed effects (all partialled-out values are close to zero; tol = 1.0e-09)

HDFE Linear regression                            Number of obs   =     22,092
Absorbing 2 HDFE groups                           F(  17,    512) =      59.96
Statistics robust to heteroskedasticity           Prob > F        =     0.0000
                                                  R-squared       =     0.8921
                                                  Adj R-squared   =     0.8888
                                                  Within R-sq.    =     0.2931
Number of clusters (hotel_id_num) =        513    Root MSE        =     0.2031

                                                  (Std. err. adjusted for 513 clusters in hotel_id_num)
-------------------------------------------------------------------------------------------------------
                                      |               Robust
               lnRevenue_current_w199 | Coefficient  std. err.      t    P>|t|     [95% conf. interval]
--------------------------------------+----------------------------------------------------------------
                          ars_pool_ev |   .0108184     .07742     0.14   0.889    -.1412815    .1629183
                                      |
              hotel_evaluation_factor |
                           Excellent  |          0  (omitted)
                                Good  |          0  (omitted)
                                Poor  |          0  (omitted)
                           Very Good  |          0  (omitted)
                                      |
hotel_evaluation_factor#c.ars_pool_ev |
                           Excellent  |  -.3794366   .2954486    -1.28   0.200    -.9598772    .2010041
                                Good  |   -.052775   .0952434    -0.55   0.580    -.2398909    .1343409
                                Poor  |  -.2371174   .2654173    -0.89   0.372    -.7585585    .2843236
                           Very Good  |   -.161056   .1018102    -1.58   0.114    -.3610732    .0389612
                                      |
                   ev_ln_review_count |   .0468706   .0047551     9.86   0.000     .0375286    .0562125
                       ev_mean_rating |   .0017351   .0038527     0.45   0.653    -.0058338    .0093041
                         ev_sd_rating |   .0021832   .0036081     0.61   0.545    -.0049053    .0092717
                ev_ln_mean_text_chars |   .0075842   .0048734     1.56   0.120    -.0019901    .0171585
                        sent_avg_bing |  -.0001343   .0011036    -0.12   0.903    -.0023025    .0020338
                  sent_pos_share_bing |   .0141469   .0130055     1.09   0.277    -.0114039    .0396977
                  sent_neg_share_bing |   .0277997   .0151991     1.83   0.068    -.0020607      .05766
                    ln_lag_volumn_acc |   .0320241   .0073384     4.36   0.000     .0176071    .0464411
                   lag_avg_rating_acc |   .0357524   .0297888     1.20   0.231    -.0227709    .0942757
                           lag_sd_acc |  -.0053712   .0349738    -0.15   0.878    -.0740811    .0633386
                    ln_avg_com_RevPAR |   .1342408   .0160163     8.38   0.000      .102775    .1657067
             lnRevenue_lag_month_w199 |   .4033281   .0206134    19.57   0.000     .3628309    .4438254
                                _cons |   1.564344   .1595802     9.80   0.000     1.250831    1.877856
-------------------------------------------------------------------------------------------------------

Absorbed degrees of freedom:
------------------------------------------------------+
  Absorbed FE | Categories  - Redundant  = Num. Coefs |
--------------+---------------------------------------|
 hotel_id_num |       513         513           0    *|
           ym |       119           1         118     |
------------------------------------------------------+
* = FE nested within cluster; treated as redundant for DoF computation
(dropped 15 singleton observations)
(MWFE estimator converged in 7 iterations)
note: ln_lag_volumn_acc omitted because of collinearity

HDFE Linear regression                            Number of obs   =     22,092
Absorbing 2 HDFE groups                           F(  14,    512) =      71.09
Statistics robust to heteroskedasticity           Prob > F        =     0.0000
                                                  R-squared       =     0.8921
                                                  Adj R-squared   =     0.8889
                                                  Within R-sq.    =     0.2932
Number of clusters (hotel_id_num) =        513    Root MSE        =     0.2031

                                              (Std. err. adjusted for 513 clusters in hotel_id_num)
---------------------------------------------------------------------------------------------------
                                  |               Robust
           lnRevenue_current_w199 | Coefficient  std. err.      t    P>|t|     [95% conf. interval]
----------------------------------+----------------------------------------------------------------
                      ars_pool_ev |  -.4727823   .1855545    -2.55   0.011    -.8373242   -.1082404
                ln_lag_volumn_acc |   .0090135    .013468     0.67   0.504    -.0174457    .0354727
                                  |
c.ars_pool_ev#c.ln_lag_volumn_acc |    .076239   .0363789     2.10   0.037     .0047686    .1477093
                                  |
               ev_ln_review_count |    .045741   .0047239     9.68   0.000     .0364603    .0550216
                   ev_mean_rating |   .0013679   .0038529     0.36   0.723    -.0062015    .0089373
                     ev_sd_rating |   .0024842    .003616     0.69   0.492    -.0046197    .0095882
            ev_ln_mean_text_chars |   .0075977   .0048553     1.56   0.118     -.001941    .0171365
                    sent_avg_bing |  -.0000446   .0010983    -0.04   0.968    -.0022024    .0021132
              sent_pos_share_bing |   .0136849   .0129625     1.06   0.292    -.0117814    .0391512
              sent_neg_share_bing |   .0267313   .0151547     1.76   0.078    -.0030418    .0565043
                ln_lag_volumn_acc |          0  (omitted)
               lag_avg_rating_acc |     .03486   .0297669     1.17   0.242    -.0236202    .0933402
                       lag_sd_acc |  -.0036592   .0351194    -0.10   0.917    -.0726551    .0653367
                ln_avg_com_RevPAR |   .1340253   .0160212     8.37   0.000     .1025499    .1655007
         lnRevenue_lag_month_w199 |   .4031618   .0206287    19.54   0.000     .3626346    .4436891
                            _cons |   1.688903   .1702372     9.92   0.000     1.354453    2.023352
---------------------------------------------------------------------------------------------------

Absorbed degrees of freedom:
------------------------------------------------------+
  Absorbed FE | Categories  - Redundant  = Num. Coefs |
--------------+---------------------------------------|
 hotel_id_num |       513         513           0    *|
           ym |       119           1         118     |
------------------------------------------------------+
* = FE nested within cluster; treated as redundant for DoF computation
(dropped 15 singleton observations)
(MWFE estimator converged in 7 iterations)
note: star_class_final_raw is probably collinear with the fixed effects (all partialled-out values are close to zero; tol = 1.0e-09)

HDFE Linear regression                            Number of obs   =     21,617
Absorbing 2 HDFE groups                           F(  14,    502) =      70.35
Statistics robust to heteroskedasticity           Prob > F        =     0.0000
                                                  R-squared       =     0.8909
                                                  Adj R-squared   =     0.8876
                                                  Within R-sq.    =     0.3019
Number of clusters (hotel_id_num) =        503    Root MSE        =     0.1989

                                                 (Std. err. adjusted for 503 clusters in hotel_id_num)
------------------------------------------------------------------------------------------------------
                                     |               Robust
              lnRevenue_current_w199 | Coefficient  std. err.      t    P>|t|     [95% conf. interval]
-------------------------------------+----------------------------------------------------------------
                         ars_pool_ev |    -.07605   .1966496    -0.39   0.699    -.4624076    .3103076
                star_class_final_raw |          0  (omitted)
                                     |
c.ars_pool_ev#c.star_class_final_raw |    .003611   .0664648     0.05   0.957    -.1269725    .1341945
                                     |
                  ev_ln_review_count |   .0466366   .0047349     9.85   0.000      .037334    .0559391
                      ev_mean_rating |    .001076    .003914     0.27   0.784    -.0066138    .0087658
                        ev_sd_rating |   .0025757   .0035967     0.72   0.474    -.0044907    .0096421
               ev_ln_mean_text_chars |   .0078256   .0048289     1.62   0.106    -.0016617    .0173129
                       sent_avg_bing |  -.0001601   .0011234    -0.14   0.887    -.0023672     .002047
                 sent_pos_share_bing |   .0162891   .0130662     1.25   0.213     -.009382    .0419602
                 sent_neg_share_bing |   .0275741   .0153526     1.80   0.073    -.0025892    .0577374
                   ln_lag_volumn_acc |   .0290116   .0074278     3.91   0.000     .0144182    .0436049
                  lag_avg_rating_acc |   .0381445    .029841     1.28   0.202    -.0204841     .096773
                          lag_sd_acc |   .0004345   .0352334     0.01   0.990    -.0687886    .0696575
                   ln_avg_com_RevPAR |   .1327792   .0160504     8.27   0.000     .1012449    .1643135
            lnRevenue_lag_month_w199 |   .4110949    .020935    19.64   0.000     .3699639     .452226
                               _cons |   1.527491   .1605595     9.51   0.000      1.21204    1.842943
------------------------------------------------------------------------------------------------------

Absorbed degrees of freedom:
------------------------------------------------------+
  Absorbed FE | Categories  - Redundant  = Num. Coefs |
--------------+---------------------------------------|
 hotel_id_num |       503         503           0    *|
           ym |       119           1         118     |
------------------------------------------------------+
* = FE nested within cluster; treated as redundant for DoF computation
(dropped 15 singleton observations)
(MWFE estimator converged in 7 iterations)
note: hotel_avg_rating is probably collinear with the fixed effects (all partialled-out values are close to zero; tol = 1.0e-09)

HDFE Linear regression                            Number of obs   =     22,092
Absorbing 2 HDFE groups                           F(  14,    512) =      72.22
Statistics robust to heteroskedasticity           Prob > F        =     0.0000
                                                  R-squared       =     0.8921
                                                  Adj R-squared   =     0.8888
                                                  Within R-sq.    =     0.2929
Number of clusters (hotel_id_num) =        513    Root MSE        =     0.2032

                                             (Std. err. adjusted for 513 clusters in hotel_id_num)
--------------------------------------------------------------------------------------------------
                                 |               Robust
          lnRevenue_current_w199 | Coefficient  std. err.      t    P>|t|     [95% conf. interval]
---------------------------------+----------------------------------------------------------------
                     ars_pool_ev |   .0517671    .347867     0.15   0.882    -.6316552    .7351894
                hotel_avg_rating |          0  (omitted)
                                 |
c.ars_pool_ev#c.hotel_avg_rating |   -.032827   .0864356    -0.38   0.704    -.2026391    .1369851
                                 |
              ev_ln_review_count |   .0466174     .00474     9.83   0.000     .0373051    .0559297
                  ev_mean_rating |    .001777   .0038671     0.46   0.646    -.0058203    .0093744
                    ev_sd_rating |   .0023277   .0036103     0.64   0.519    -.0047651    .0094205
           ev_ln_mean_text_chars |   .0075452   .0048775     1.55   0.122    -.0020372    .0171275
                   sent_avg_bing |  -.0001068   .0011032    -0.10   0.923    -.0022742    .0020606
             sent_pos_share_bing |   .0142383     .01305     1.09   0.276    -.0113999    .0398765
             sent_neg_share_bing |   .0270342   .0151612     1.78   0.075    -.0027516      .05682
               ln_lag_volumn_acc |   .0320717   .0073535     4.36   0.000      .017625    .0465185
              lag_avg_rating_acc |   .0362924   .0298448     1.22   0.225    -.0223409    .0949257
                      lag_sd_acc |  -.0039117   .0351484    -0.11   0.911    -.0729645    .0651412
               ln_avg_com_RevPAR |   .1342037   .0160226     8.38   0.000     .1027256    .1656819
        lnRevenue_lag_month_w199 |   .4031475    .020606    19.56   0.000     .3626648    .4436302
                           _cons |   1.560881   .1599013     9.76   0.000     1.246738    1.875025
--------------------------------------------------------------------------------------------------

Absorbed degrees of freedom:
------------------------------------------------------+
  Absorbed FE | Categories  - Redundant  = Num. Coefs |
--------------+---------------------------------------|
 hotel_id_num |       513         513           0    *|
           ym |       119           1         118     |
------------------------------------------------------+
* = FE nested within cluster; treated as redundant for DoF computation
(dropped 15 singleton observations)
(MWFE estimator converged in 7 iterations)
note: hotel_rank_pct is probably collinear with the fixed effects (all partialled-out values are close to zero; tol = 1.0e-09)

HDFE Linear regression                            Number of obs   =     22,092
Absorbing 2 HDFE groups                           F(  14,    512) =      70.94
Statistics robust to heteroskedasticity           Prob > F        =     0.0000
                                                  R-squared       =     0.8921
                                                  Adj R-squared   =     0.8888
                                                  Within R-sq.    =     0.2929
Number of clusters (hotel_id_num) =        513    Root MSE        =     0.2032

                                           (Std. err. adjusted for 513 clusters in hotel_id_num)
------------------------------------------------------------------------------------------------
                               |               Robust
        lnRevenue_current_w199 | Coefficient  std. err.      t    P>|t|     [95% conf. interval]
-------------------------------+----------------------------------------------------------------
                   ars_pool_ev |   -.056893   .0677409    -0.84   0.401    -.1899773    .0761913
                hotel_rank_pct |          0  (omitted)
                               |
c.ars_pool_ev#c.hotel_rank_pct |   -.065686   .1705864    -0.39   0.700    -.4008214    .2694494
                               |
            ev_ln_review_count |    .046423   .0047431     9.79   0.000     .0371046    .0557414
                ev_mean_rating |   .0015839   .0038756     0.41   0.683    -.0060302     .009198
                  ev_sd_rating |   .0022797   .0036068     0.63   0.528    -.0048063    .0093657
         ev_ln_mean_text_chars |    .007456    .004879     1.53   0.127    -.0021293    .0170413
                 sent_avg_bing |  -.0000655   .0011031    -0.06   0.953    -.0022327    .0021017
           sent_pos_share_bing |   .0138818   .0130364     1.06   0.287    -.0117296    .0394932
           sent_neg_share_bing |   .0271599   .0151708     1.79   0.074    -.0026448    .0569646
             ln_lag_volumn_acc |   .0320389   .0073604     4.35   0.000     .0175786    .0464991
            lag_avg_rating_acc |   .0360698   .0298201     1.21   0.227     -.022515    .0946546
                    lag_sd_acc |  -.0035443   .0351589    -0.10   0.920    -.0726178    .0655292
             ln_avg_com_RevPAR |    .134184   .0160275     8.37   0.000     .1026962    .1656717
      lnRevenue_lag_month_w199 |   .4031174   .0206079    19.56   0.000      .362631    .4436039
                         _cons |   1.562488   .1599531     9.77   0.000     1.248243    1.876733
------------------------------------------------------------------------------------------------

Absorbed degrees of freedom:
------------------------------------------------------+
  Absorbed FE | Categories  - Redundant  = Num. Coefs |
--------------+---------------------------------------|
 hotel_id_num |       513         513           0    *|
           ym |       119           1         118     |
------------------------------------------------------+
* = FE nested within cluster; treated as redundant for DoF computation
(dropped 15 singleton observations)
(MWFE estimator converged in 7 iterations)
note: tp_amenity_count is probably collinear with the fixed effects (all partialled-out values are close to zero; tol = 1.0e-09)

HDFE Linear regression                            Number of obs   =     22,092
Absorbing 2 HDFE groups                           F(  14,    512) =      70.01
Statistics robust to heteroskedasticity           Prob > F        =     0.0000
                                                  R-squared       =     0.8921
                                                  Adj R-squared   =     0.8888
                                                  Within R-sq.    =     0.2929
Number of clusters (hotel_id_num) =        513    Root MSE        =     0.2032

                                             (Std. err. adjusted for 513 clusters in hotel_id_num)
--------------------------------------------------------------------------------------------------
                                 |               Robust
          lnRevenue_current_w199 | Coefficient  std. err.      t    P>|t|     [95% conf. interval]
---------------------------------+----------------------------------------------------------------
                     ars_pool_ev |  -.1437062   .1072754    -1.34   0.181    -.3544602    .0670479
                tp_amenity_count |          0  (omitted)
                                 |
c.ars_pool_ev#c.tp_amenity_count |   .0025234   .0038915     0.65   0.517    -.0051218    .0101686
                                 |
              ev_ln_review_count |   .0463309   .0047561     9.74   0.000      .036987    .0556748
                  ev_mean_rating |   .0016035   .0038824     0.41   0.680    -.0060239    .0092308
                    ev_sd_rating |   .0022864   .0036125     0.63   0.527    -.0048107    .0093834
           ev_ln_mean_text_chars |   .0075249   .0048809     1.54   0.124    -.0020642    .0171139
                   sent_avg_bing |   -.000055    .001102    -0.05   0.960    -.0022201    .0021101
             sent_pos_share_bing |   .0138192   .0130085     1.06   0.289    -.0117375    .0393758
             sent_neg_share_bing |   .0270197   .0151937     1.78   0.076    -.0028301    .0568694
               ln_lag_volumn_acc |   .0319119   .0073693     4.33   0.000     .0174342    .0463897
              lag_avg_rating_acc |   .0361299   .0299243     1.21   0.228    -.0226597    .0949194
                      lag_sd_acc |   -.003419    .035172    -0.10   0.923    -.0725181    .0656801
               ln_avg_com_RevPAR |   .1341625   .0160249     8.37   0.000     .1026799    .1656452
        lnRevenue_lag_month_w199 |   .4031602   .0206094    19.56   0.000     .3626708    .4436497
                           _cons |   1.560945   .1605719     9.72   0.000     1.245484    1.876406
--------------------------------------------------------------------------------------------------

Absorbed degrees of freedom:
------------------------------------------------------+
  Absorbed FE | Categories  - Redundant  = Num. Coefs |
--------------+---------------------------------------|
 hotel_id_num |       513         513           0    *|
           ym |       119           1         118     |
------------------------------------------------------+
* = FE nested within cluster; treated as redundant for DoF computation
(dropped 15 singleton observations)
(MWFE estimator converged in 7 iterations)
note: amen_rec_index is probably collinear with the fixed effects (all partialled-out values are close to zero; tol = 1.0e-09)

HDFE Linear regression                            Number of obs   =     22,092
Absorbing 2 HDFE groups                           F(  14,    512) =      70.03
Statistics robust to heteroskedasticity           Prob > F        =     0.0000
                                                  R-squared       =     0.8921
                                                  Adj R-squared   =     0.8888
                                                  Within R-sq.    =     0.2930
Number of clusters (hotel_id_num) =        513    Root MSE        =     0.2031

                                           (Std. err. adjusted for 513 clusters in hotel_id_num)
------------------------------------------------------------------------------------------------
                               |               Robust
        lnRevenue_current_w199 | Coefficient  std. err.      t    P>|t|     [95% conf. interval]
-------------------------------+----------------------------------------------------------------
                   ars_pool_ev |  -.1957243   .1107211    -1.77   0.078    -.4132479    .0217992
                amen_rec_index |          0  (omitted)
                               |
c.ars_pool_ev#c.amen_rec_index |   .0520864   .0431432     1.21   0.228     -.032673    .1368459
                               |
            ev_ln_review_count |   .0466075   .0047778     9.75   0.000     .0372209    .0559941
                ev_mean_rating |   .0016852   .0038683     0.44   0.663    -.0059145     .009285
                  ev_sd_rating |   .0021583   .0036108     0.60   0.550    -.0049354    .0092521
         ev_ln_mean_text_chars |   .0075131   .0048687     1.54   0.123    -.0020519    .0170781
                 sent_avg_bing |  -.0000475   .0010999    -0.04   0.966    -.0022083    .0021133
           sent_pos_share_bing |   .0138658   .0130094     1.07   0.287    -.0116925    .0394241
           sent_neg_share_bing |   .0275382   .0151862     1.81   0.070    -.0022967     .057373
             ln_lag_volumn_acc |   .0319938   .0073472     4.35   0.000     .0175595    .0464282
            lag_avg_rating_acc |   .0364741   .0299292     1.22   0.224     -.022325    .0952733
                    lag_sd_acc |  -.0038127   .0351661    -0.11   0.914    -.0729002    .0652749
             ln_avg_com_RevPAR |   .1341839   .0160129     8.38   0.000     .1027249    .1656429
      lnRevenue_lag_month_w199 |   .4031354   .0206135    19.56   0.000     .3626379    .4436329
                         _cons |   1.559778   .1604462     9.72   0.000     1.244564    1.874992
------------------------------------------------------------------------------------------------

Absorbed degrees of freedom:
------------------------------------------------------+
  Absorbed FE | Categories  - Redundant  = Num. Coefs |
--------------+---------------------------------------|
 hotel_id_num |       513         513           0    *|
           ym |       119           1         118     |
------------------------------------------------------+
* = FE nested within cluster; treated as redundant for DoF computation
(dropped 15 singleton observations)
(MWFE estimator converged in 7 iterations)
note: amen_serv_index is probably collinear with the fixed effects (all partialled-out values are close to zero; tol = 1.0e-09)

HDFE Linear regression                            Number of obs   =     22,092
Absorbing 2 HDFE groups                           F(  14,    512) =      70.11
Statistics robust to heteroskedasticity           Prob > F        =     0.0000
                                                  R-squared       =     0.8921
                                                  Adj R-squared   =     0.8889
                                                  Within R-sq.    =     0.2931
Number of clusters (hotel_id_num) =        513    Root MSE        =     0.2031

                                            (Std. err. adjusted for 513 clusters in hotel_id_num)
-------------------------------------------------------------------------------------------------
                                |               Robust
         lnRevenue_current_w199 | Coefficient  std. err.      t    P>|t|     [95% conf. interval]
--------------------------------+----------------------------------------------------------------
                    ars_pool_ev |  -.6116049   .3507148    -1.74   0.082    -1.300622    .0774122
                amen_serv_index |          0  (omitted)
                                |
c.ars_pool_ev#c.amen_serv_index |   .1143348   .0733225     1.56   0.120    -.0297153    .2583849
                                |
             ev_ln_review_count |   .0466188   .0047811     9.75   0.000     .0372258    .0560118
                 ev_mean_rating |   .0016813   .0038647     0.44   0.664    -.0059113    .0092738
                   ev_sd_rating |   .0021633   .0036211     0.60   0.551    -.0049508    .0092773
          ev_ln_mean_text_chars |   .0075823   .0048684     1.56   0.120    -.0019822    .0171468
                  sent_avg_bing |  -.0000546    .001099    -0.05   0.960    -.0022137    .0021044
            sent_pos_share_bing |   .0139051   .0129826     1.07   0.285    -.0116006    .0394108
            sent_neg_share_bing |   .0274713   .0151864     1.81   0.071     -.002364    .0573065
              ln_lag_volumn_acc |   .0317658   .0073419     4.33   0.000     .0173417    .0461898
             lag_avg_rating_acc |   .0365968   .0300618     1.22   0.224    -.0224628    .0956564
                     lag_sd_acc |  -.0036138   .0352372    -0.10   0.918    -.0728411    .0656134
              ln_avg_com_RevPAR |   .1340797   .0160256     8.37   0.000     .1025956    .1655638
       lnRevenue_lag_month_w199 |    .403282    .020598    19.58   0.000      .362815    .4437489
                          _cons |   1.558914   .1610474     9.68   0.000     1.242519    1.875309
-------------------------------------------------------------------------------------------------

Absorbed degrees of freedom:
------------------------------------------------------+
  Absorbed FE | Categories  - Redundant  = Num. Coefs |
--------------+---------------------------------------|
 hotel_id_num |       513         513           0    *|
           ym |       119           1         118     |
------------------------------------------------------+
* = FE nested within cluster; treated as redundant for DoF computation
(dropped 15 singleton observations)
(MWFE estimator converged in 7 iterations)
note: amen_bus_index is probably collinear with the fixed effects (all partialled-out values are close to zero; tol = 1.0e-09)

HDFE Linear regression                            Number of obs   =     22,092
Absorbing 2 HDFE groups                           F(  14,    512) =      70.32
Statistics robust to heteroskedasticity           Prob > F        =     0.0000
                                                  R-squared       =     0.8921
                                                  Adj R-squared   =     0.8888
                                                  Within R-sq.    =     0.2931
Number of clusters (hotel_id_num) =        513    Root MSE        =     0.2031

                                           (Std. err. adjusted for 513 clusters in hotel_id_num)
------------------------------------------------------------------------------------------------
                               |               Robust
        lnRevenue_current_w199 | Coefficient  std. err.      t    P>|t|     [95% conf. interval]
-------------------------------+----------------------------------------------------------------
                   ars_pool_ev |  -.2278533   .1160216    -1.96   0.050    -.4557903    .0000837
                amen_bus_index |          0  (omitted)
                               |
c.ars_pool_ev#c.amen_bus_index |   .0527066   .0357932     1.47   0.141     -.017613    .1230261
                               |
            ev_ln_review_count |   .0463883   .0047686     9.73   0.000     .0370198    .0557568
                ev_mean_rating |   .0015657   .0038738     0.40   0.686    -.0060448    .0091761
                  ev_sd_rating |   .0021702   .0036049     0.60   0.547    -.0049121    .0092524
         ev_ln_mean_text_chars |   .0075956   .0048726     1.56   0.120    -.0019771    .0171683
                 sent_avg_bing |  -.0000433   .0011001    -0.04   0.969    -.0022045     .002118
           sent_pos_share_bing |   .0138233    .013004     1.06   0.288    -.0117244     .039371
           sent_neg_share_bing |   .0273206   .0151817     1.80   0.073    -.0025055    .0571468
             ln_lag_volumn_acc |   .0317091   .0073472     4.32   0.000     .0172747    .0461435
            lag_avg_rating_acc |   .0361339    .029946     1.21   0.228    -.0226981     .094966
                    lag_sd_acc |  -.0035996   .0352142    -0.10   0.919    -.0727817    .0655824
             ln_avg_com_RevPAR |    .134187   .0160154     8.38   0.000      .102723     .165651
      lnRevenue_lag_month_w199 |   .4033315   .0206083    19.57   0.000     .3628442    .4438187
                         _cons |   1.560331   .1605582     9.72   0.000     1.244897    1.875765
------------------------------------------------------------------------------------------------

Absorbed degrees of freedom:
------------------------------------------------------+
  Absorbed FE | Categories  - Redundant  = Num. Coefs |
--------------+---------------------------------------|
 hotel_id_num |       513         513           0    *|
           ym |       119           1         118     |
------------------------------------------------------+
* = FE nested within cluster; treated as redundant for DoF computation
(dropped 15 singleton observations)
(MWFE estimator converged in 7 iterations)
note: 1bn.style_upscale is probably collinear with the fixed effects (all partialled-out values are close to zero; tol = 1.0e-09)

HDFE Linear regression                            Number of obs   =     22,092
Absorbing 2 HDFE groups                           F(  14,    512) =      70.08
Statistics robust to heteroskedasticity           Prob > F        =     0.0000
                                                  R-squared       =     0.8921
                                                  Adj R-squared   =     0.8888
                                                  Within R-sq.    =     0.2930
Number of clusters (hotel_id_num) =        513    Root MSE        =     0.2031

                                        (Std. err. adjusted for 513 clusters in hotel_id_num)
---------------------------------------------------------------------------------------------
                            |               Robust
     lnRevenue_current_w199 | Coefficient  std. err.      t    P>|t|     [95% conf. interval]
----------------------------+----------------------------------------------------------------
                ars_pool_ev |  -.0511591   .0477062    -1.07   0.284    -.1448831     .042565
            1.style_upscale |          0  (omitted)
                            |
style_upscale#c.ars_pool_ev |
                         1  |  -.0940914   .0748332    -1.26   0.209    -.2411092    .0529265
                            |
         ev_ln_review_count |   .0465434   .0047612     9.78   0.000     .0371896    .0558973
             ev_mean_rating |   .0017511   .0038708     0.45   0.651    -.0058536    .0093558
               ev_sd_rating |   .0023122   .0036091     0.64   0.522    -.0047783    .0094026
      ev_ln_mean_text_chars |   .0074699   .0048728     1.53   0.126    -.0021032    .0170429
              sent_avg_bing |  -.0000922   .0010983    -0.08   0.933    -.0022499    .0020655
        sent_pos_share_bing |     .01418   .0129918     1.09   0.276    -.0113439    .0397038
        sent_neg_share_bing |   .0272517   .0151844     1.79   0.073    -.0025798    .0570832
          ln_lag_volumn_acc |   .0320769   .0073545     4.36   0.000     .0176281    .0465257
         lag_avg_rating_acc |   .0357054   .0298648     1.20   0.232    -.0229672     .094378
                 lag_sd_acc |   -.004627   .0350933    -0.13   0.895    -.0735716    .0643176
          ln_avg_com_RevPAR |   .1341683    .016028     8.37   0.000     .1026796     .165657
   lnRevenue_lag_month_w199 |   .4030043   .0205885    19.57   0.000     .3625559    .4434527
                      _cons |   1.564672   .1600617     9.78   0.000     1.250213     1.87913
---------------------------------------------------------------------------------------------

Absorbed degrees of freedom:
------------------------------------------------------+
  Absorbed FE | Categories  - Redundant  = Num. Coefs |
--------------+---------------------------------------|
 hotel_id_num |       513         513           0    *|
           ym |       119           1         118     |
------------------------------------------------------+
* = FE nested within cluster; treated as redundant for DoF computation
(dropped 15 singleton observations)
(MWFE estimator converged in 7 iterations)
note: 1bn.style_luxury is probably collinear with the fixed effects (all partialled-out values are close to zero; tol = 1.0e-09)

HDFE Linear regression                            Number of obs   =     22,092
Absorbing 2 HDFE groups                           F(  14,    512) =      70.36
Statistics robust to heteroskedasticity           Prob > F        =     0.0000
                                                  R-squared       =     0.8921
                                                  Adj R-squared   =     0.8888
                                                  Within R-sq.    =     0.2931
Number of clusters (hotel_id_num) =        513    Root MSE        =     0.2031

                                       (Std. err. adjusted for 513 clusters in hotel_id_num)
--------------------------------------------------------------------------------------------
                           |               Robust
    lnRevenue_current_w199 | Coefficient  std. err.      t    P>|t|     [95% conf. interval]
---------------------------+----------------------------------------------------------------
               ars_pool_ev |  -.0659367   .0396119    -1.66   0.097    -.1437585    .0118851
            1.style_luxury |          0  (omitted)
                           |
style_luxury#c.ars_pool_ev |
                        1  |  -.3260575   .2027571    -1.61   0.108    -.7243958    .0722808
                           |
        ev_ln_review_count |   .0468561   .0047765     9.81   0.000     .0374722    .0562401
            ev_mean_rating |   .0018581   .0038639     0.48   0.631    -.0057329    .0094492
              ev_sd_rating |   .0023015   .0036122     0.64   0.524     -.004795    .0093981
     ev_ln_mean_text_chars |   .0074008   .0048725     1.52   0.129    -.0021718    .0169734
             sent_avg_bing |  -.0000838      .0011    -0.08   0.939    -.0022449    .0020772
       sent_pos_share_bing |   .0140147   .0129971     1.08   0.281    -.0115195     .039549
       sent_neg_share_bing |   .0277196   .0151877     1.83   0.069    -.0021183    .0575575
         ln_lag_volumn_acc |    .032074   .0073692     4.35   0.000     .0175963    .0465516
        lag_avg_rating_acc |   .0362935   .0298285     1.22   0.224    -.0223077    .0948947
                lag_sd_acc |  -.0043012   .0351165    -0.12   0.903    -.0732914    .0646889
         ln_avg_com_RevPAR |   .1342388   .0160279     8.38   0.000     .1027502    .1657273
  lnRevenue_lag_month_w199 |   .4030058    .020574    19.59   0.000      .362586    .4434256
                     _cons |   1.563527   .1599674     9.77   0.000     1.249254      1.8778
--------------------------------------------------------------------------------------------

Absorbed degrees of freedom:
------------------------------------------------------+
  Absorbed FE | Categories  - Redundant  = Num. Coefs |
--------------+---------------------------------------|
 hotel_id_num |       513         513           0    *|
           ym |       119           1         118     |
------------------------------------------------------+
* = FE nested within cluster; treated as redundant for DoF computation
(dropped 15 singleton observations)
(MWFE estimator converged in 7 iterations)
note: 1bn.travelers_choice_flag is probably collinear with the fixed effects (all partialled-out values are close to zero; tol = 1.0e-09)

HDFE Linear regression                            Number of obs   =     22,092
Absorbing 2 HDFE groups                           F(  14,    512) =      70.33
Statistics robust to heteroskedasticity           Prob > F        =     0.0000
                                                  R-squared       =     0.8921
                                                  Adj R-squared   =     0.8888
                                                  Within R-sq.    =     0.2929
Number of clusters (hotel_id_num) =        513    Root MSE        =     0.2032

                                                (Std. err. adjusted for 513 clusters in hotel_id_num)
-----------------------------------------------------------------------------------------------------
                                    |               Robust
             lnRevenue_current_w199 | Coefficient  std. err.      t    P>|t|     [95% conf. interval]
------------------------------------+----------------------------------------------------------------
                        ars_pool_ev |  -.0806502   .0408587    -1.97   0.049    -.1609214   -.0003789
            1.travelers_choice_flag |          0  (omitted)
                                    |
travelers_choice_flag#c.ars_pool_ev |
                                 1  |   .0268291   .1477673     0.18   0.856    -.2634757    .3171338
                                    |
                 ev_ln_review_count |   .0464618   .0047411     9.80   0.000     .0371474    .0557762
                     ev_mean_rating |   .0016697   .0038756     0.43   0.667    -.0059443    .0092838
                       ev_sd_rating |   .0023124   .0036106     0.64   0.522    -.0047811    .0094058
              ev_ln_mean_text_chars |   .0074745   .0048695     1.53   0.125    -.0020922    .0170412
                      sent_avg_bing |  -.0000868   .0010985    -0.08   0.937    -.0022449    .0020713
                sent_pos_share_bing |   .0140861   .0129851     1.08   0.279    -.0114245    .0395967
                sent_neg_share_bing |   .0270578   .0152088     1.78   0.076    -.0028214    .0569371
                  ln_lag_volumn_acc |   .0320442   .0073545     4.36   0.000     .0175956    .0464929
                 lag_avg_rating_acc |   .0361416   .0298398     1.21   0.226    -.0224818     .094765
                         lag_sd_acc |  -.0035268   .0351204    -0.10   0.920    -.0725246    .0654709
                  ln_avg_com_RevPAR |   .1342009   .0160341     8.37   0.000     .1027002    .1657016
           lnRevenue_lag_month_w199 |   .4031168   .0206107    19.56   0.000     .3626248    .4436087
                              _cons |   1.561868   .1600675     9.76   0.000     1.247398    1.876338
-----------------------------------------------------------------------------------------------------

Absorbed degrees of freedom:
------------------------------------------------------+
  Absorbed FE | Categories  - Redundant  = Num. Coefs |
--------------+---------------------------------------|
 hotel_id_num |       513         513           0    *|
           ym |       119           1         118     |
------------------------------------------------------+
* = FE nested within cluster; treated as redundant for DoF computation
(dropped 14 singleton observations)
(MWFE estimator converged in 7 iterations)
note: ln_tp_price_mid is probably collinear with the fixed effects (all partialled-out values are close to zero; tol = 1.0e-09)

HDFE Linear regression                            Number of obs   =     21,157
Absorbing 2 HDFE groups                           F(  14,    479) =      67.48
Statistics robust to heteroskedasticity           Prob > F        =     0.0000
                                                  R-squared       =     0.8920
                                                  Adj R-squared   =     0.8888
                                                  Within R-sq.    =     0.3025
Number of clusters (hotel_id_num) =        480    Root MSE        =     0.1995

                                            (Std. err. adjusted for 480 clusters in hotel_id_num)
-------------------------------------------------------------------------------------------------
                                |               Robust
         lnRevenue_current_w199 | Coefficient  std. err.      t    P>|t|     [95% conf. interval]
--------------------------------+----------------------------------------------------------------
                    ars_pool_ev |  -.2331655   .3914744    -0.60   0.552    -1.002385    .5360538
                ln_tp_price_mid |          0  (omitted)
                                |
c.ars_pool_ev#c.ln_tp_price_mid |   .0334054   .0769771     0.43   0.665    -.1178492      .18466
                                |
             ev_ln_review_count |   .0468518   .0048443     9.67   0.000     .0373332    .0563705
                 ev_mean_rating |   .0001659   .0038281     0.04   0.965    -.0073562    .0076879
                   ev_sd_rating |   .0011276   .0037085     0.30   0.761    -.0061594    .0084146
          ev_ln_mean_text_chars |   .0072919   .0049092     1.49   0.138    -.0023544    .0169382
                  sent_avg_bing |  -.0003895   .0011302    -0.34   0.731    -.0026103    .0018312
            sent_pos_share_bing |   .0195969   .0133547     1.47   0.143    -.0066441    .0458378
            sent_neg_share_bing |   .0348923   .0153398     2.27   0.023     .0047507     .065034
              ln_lag_volumn_acc |   .0316381   .0074439     4.25   0.000     .0170114    .0462648
             lag_avg_rating_acc |   .0340589   .0301219     1.13   0.259    -.0251284    .0932463
                     lag_sd_acc |  -.0017566   .0357359    -0.05   0.961     -.071975    .0684619
              ln_avg_com_RevPAR |    .135615   .0167018     8.12   0.000      .102797    .1684329
       lnRevenue_lag_month_w199 |   .4079535   .0218753    18.65   0.000       .36497    .4509369
                          _cons |   1.546988   .1636788     9.45   0.000     1.225371    1.868605
-------------------------------------------------------------------------------------------------

Absorbed degrees of freedom:
------------------------------------------------------+
  Absorbed FE | Categories  - Redundant  = Num. Coefs |
--------------+---------------------------------------|
 hotel_id_num |       480         480           0    *|
           ym |       119           1         118     |
------------------------------------------------------+
* = FE nested within cluster; treated as redundant for DoF computation
(dropped 15 singleton observations)
(MWFE estimator converged in 7 iterations)

HDFE Linear regression                            Number of obs   =     22,092
Absorbing 2 HDFE groups                           F(  15,    512) =      68.07
Statistics robust to heteroskedasticity           Prob > F        =     0.0000
                                                  R-squared       =     0.8921
                                                  Adj R-squared   =     0.8888
                                                  Within R-sq.    =     0.2931
Number of clusters (hotel_id_num) =        513    Root MSE        =     0.2031

                                         (Std. err. adjusted for 513 clusters in hotel_id_num)
----------------------------------------------------------------------------------------------
                             |               Robust
      lnRevenue_current_w199 | Coefficient  std. err.      t    P>|t|     [95% conf. interval]
-----------------------------+----------------------------------------------------------------
                 ars_pool_ev |  -.1651801   .0985137    -1.68   0.094    -.3587208    .0283607
                recent_sd_10 |  -.0339293   .0273217    -1.24   0.215    -.0876056    .0197471
                             |
c.ars_pool_ev#c.recent_sd_10 |   .0695218   .0881418     0.79   0.431    -.1036423    .2426859
                             |
          ev_ln_review_count |   .0461025   .0047647     9.68   0.000     .0367417    .0554632
              ev_mean_rating |   .0007591   .0039579     0.19   0.848    -.0070167    .0085348
                ev_sd_rating |   .0044586   .0036399     1.22   0.221    -.0026924    .0116095
       ev_ln_mean_text_chars |   .0070637   .0048267     1.46   0.144    -.0024189    .0165463
               sent_avg_bing |  -.0001529    .001096    -0.14   0.889    -.0023061    .0020002
         sent_pos_share_bing |   .0140667   .0130008     1.08   0.280    -.0114748    .0396082
         sent_neg_share_bing |   .0271951   .0151944     1.79   0.074     -.002656    .0570462
           ln_lag_volumn_acc |   .0319131   .0073453     4.34   0.000     .0174825    .0463436
          lag_avg_rating_acc |   .0353987    .029806     1.19   0.236    -.0231585    .0939559
                  lag_sd_acc |   .0052983   .0359032     0.15   0.883    -.0652375    .0758341
           ln_avg_com_RevPAR |   .1341126   .0160205     8.37   0.000     .1026386    .1655867
    lnRevenue_lag_month_w199 |   .4030213   .0205542    19.61   0.000     .3626405    .4434022
                       _cons |    1.60265   .1644815     9.74   0.000     1.279509    1.925792
----------------------------------------------------------------------------------------------

Absorbed degrees of freedom:
------------------------------------------------------+
  Absorbed FE | Categories  - Redundant  = Num. Coefs |
--------------+---------------------------------------|
 hotel_id_num |       513         513           0    *|
           ym |       119           1         118     |
------------------------------------------------------+
* = FE nested within cluster; treated as redundant for DoF computation
(dropped 13 singleton observations)
(MWFE estimator converged in 8 iterations)

HDFE Linear regression                            Number of obs   =     19,106
Absorbing 2 HDFE groups                           F(  15,    496) =      53.47
Statistics robust to heteroskedasticity           Prob > F        =     0.0000
                                                  R-squared       =     0.8919
                                                  Adj R-squared   =     0.8882
                                                  Within R-sq.    =     0.2794
Number of clusters (hotel_id_num) =        497    Root MSE        =     0.1984

                                              (Std. err. adjusted for 497 clusters in hotel_id_num)
---------------------------------------------------------------------------------------------------
                                  |               Robust
           lnRevenue_current_w199 | Coefficient  std. err.      t    P>|t|     [95% conf. interval]
----------------------------------+----------------------------------------------------------------
                      ars_pool_ev |  -.2115153   .0765037    -2.76   0.006    -.3618264   -.0612041
                prevvis_recent_sd |  -.0447559   .0193322    -2.32   0.021     -.082739   -.0067728
                                  |
c.ars_pool_ev#c.prevvis_recent_sd |   .1318559   .0670047     1.97   0.050     .0002078    .2635039
                                  |
               ev_ln_review_count |   .0447399   .0050003     8.95   0.000     .0349155    .0545644
                   ev_mean_rating |  -.0020195   .0044437    -0.45   0.650    -.0107503    .0067114
                     ev_sd_rating |  -.0012056   .0041347    -0.29   0.771    -.0093293    .0069181
            ev_ln_mean_text_chars |   .0095234   .0051393     1.85   0.064    -.0005741    .0196208
                    sent_avg_bing |  -.0000397   .0012506    -0.03   0.975    -.0024968    .0024174
              sent_pos_share_bing |    .031931   .0146109     2.19   0.029     .0032242    .0606379
              sent_neg_share_bing |    .042739   .0175275     2.44   0.015     .0083016    .0771764
                ln_lag_volumn_acc |   .0358004   .0079094     4.53   0.000     .0202603    .0513405
               lag_avg_rating_acc |   .0501268   .0334509     1.50   0.135    -.0155961    .1158497
                       lag_sd_acc |   .0055175   .0428629     0.13   0.898    -.0786978    .0897327
                ln_avg_com_RevPAR |   .1328813   .0169789     7.83   0.000     .0995218    .1662408
         lnRevenue_lag_month_w199 |   .4088874   .0243644    16.78   0.000     .3610172    .4567576
                            _cons |   1.504266   .1824054     8.25   0.000     1.145883    1.862648
---------------------------------------------------------------------------------------------------

Absorbed degrees of freedom:
------------------------------------------------------+
  Absorbed FE | Categories  - Redundant  = Num. Coefs |
--------------+---------------------------------------|
 hotel_id_num |       497         497           0    *|
           ym |       119           1         118     |
------------------------------------------------------+
* = FE nested within cluster; treated as redundant for DoF computation
(dropped 15 singleton observations)
(MWFE estimator converged in 7 iterations)

HDFE Linear regression                            Number of obs   =     22,092
Absorbing 2 HDFE groups                           F(  15,    512) =      67.43
Statistics robust to heteroskedasticity           Prob > F        =     0.0000
                                                  R-squared       =     0.8921
                                                  Adj R-squared   =     0.8889
                                                  Within R-sq.    =     0.2933
Number of clusters (hotel_id_num) =        513    Root MSE        =     0.2031

                                             (Std. err. adjusted for 513 clusters in hotel_id_num)
--------------------------------------------------------------------------------------------------
                                 |               Robust
          lnRevenue_current_w199 | Coefficient  std. err.      t    P>|t|     [95% conf. interval]
---------------------------------+----------------------------------------------------------------
                     ars_pool_ev |  -.0228553   .0828996    -0.28   0.783    -.1857205      .14001
                sent_avg_bing_10 |   .0098623   .0052951     1.86   0.063    -.0005404    .0202651
                                 |
c.ars_pool_ev#c.sent_avg_bing_10 |  -.0152848    .017226    -0.89   0.375    -.0491272    .0185576
                                 |
              ev_ln_review_count |    .046538   .0047449     9.81   0.000     .0372161    .0558599
                  ev_mean_rating |   .0011132   .0038367     0.29   0.772    -.0064244    .0086507
                    ev_sd_rating |   .0023301   .0036108     0.65   0.519    -.0047637    .0094239
           ev_ln_mean_text_chars |   .0069306   .0048127     1.44   0.150    -.0025245    .0163857
                   sent_avg_bing |  -.0016915   .0011513    -1.47   0.142    -.0039534    .0005704
             sent_pos_share_bing |   .0145405   .0130711     1.11   0.266    -.0111391    .0402201
             sent_neg_share_bing |   .0266061   .0151469     1.76   0.080    -.0031516    .0563638
               ln_lag_volumn_acc |   .0324424   .0073226     4.43   0.000     .0180563    .0468285
              lag_avg_rating_acc |   .0281516   .0300381     0.94   0.349    -.0308615    .0871648
                      lag_sd_acc |  -.0027787   .0350273    -0.08   0.937    -.0715936    .0660362
               ln_avg_com_RevPAR |   .1342998   .0160272     8.38   0.000     .1028127    .1657869
        lnRevenue_lag_month_w199 |   .4030985   .0205946    19.57   0.000     .3626382    .4435589
                           _cons |   1.564135    .157331     9.94   0.000     1.255041    1.873229
--------------------------------------------------------------------------------------------------

Absorbed degrees of freedom:
------------------------------------------------------+
  Absorbed FE | Categories  - Redundant  = Num. Coefs |
--------------+---------------------------------------|
 hotel_id_num |       513         513           0    *|
           ym |       119           1         118     |
------------------------------------------------------+
* = FE nested within cluster; treated as redundant for DoF computation
(dropped 15 singleton observations)
(MWFE estimator converged in 7 iterations)

HDFE Linear regression                            Number of obs   =     22,092
Absorbing 2 HDFE groups                           F(  15,    512) =      67.47
Statistics robust to heteroskedasticity           Prob > F        =     0.0000
                                                  R-squared       =     0.8921
                                                  Adj R-squared   =     0.8888
                                                  Within R-sq.    =     0.2931
Number of clusters (hotel_id_num) =        513    Root MSE        =     0.2031

                                                 (Std. err. adjusted for 513 clusters in hotel_id_num)
------------------------------------------------------------------------------------------------------
                                     |               Robust
              lnRevenue_current_w199 | Coefficient  std. err.      t    P>|t|     [95% conf. interval]
-------------------------------------+----------------------------------------------------------------
                         ars_pool_ev |  -.0940943   .0939279    -1.00   0.317    -.2786259    .0904373
                sent_net_pos_bing_10 |   .0205196   .0355246     0.58   0.564    -.0492722    .0903115
                                     |
c.ars_pool_ev#c.sent_net_pos_bing_10 |   .0091404   .1191843     0.08   0.939      -.22501    .2432909
                                     |
                  ev_ln_review_count |     .04634   .0047566     9.74   0.000     .0369952    .0556848
                      ev_mean_rating |    .000965    .003846     0.25   0.802    -.0065909    .0085209
                        ev_sd_rating |   .0020975   .0036162     0.58   0.562    -.0050069    .0092018
               ev_ln_mean_text_chars |   .0070335   .0048533     1.45   0.148    -.0025013    .0165682
                       sent_avg_bing |  -.0000804   .0010992    -0.07   0.942    -.0022399    .0020791
                 sent_pos_share_bing |   .0079251   .0131016     0.60   0.546    -.0178143    .0336645
                 sent_neg_share_bing |   .0328992   .0156944     2.10   0.037     .0020658    .0637326
                   ln_lag_volumn_acc |    .032198   .0073524     4.38   0.000     .0177534    .0466427
                  lag_avg_rating_acc |   .0307399   .0303773     1.01   0.312    -.0289396    .0904194
                          lag_sd_acc |  -.0027953   .0350306    -0.08   0.936    -.0716167     .066026
                   ln_avg_com_RevPAR |   .1339753   .0160341     8.36   0.000     .1024745    .1654761
            lnRevenue_lag_month_w199 |   .4030633   .0205921    19.57   0.000      .362608    .4435187
                               _cons |   1.581695   .1591428     9.94   0.000     1.269042    1.894348
------------------------------------------------------------------------------------------------------

Absorbed degrees of freedom:
------------------------------------------------------+
  Absorbed FE | Categories  - Redundant  = Num. Coefs |
--------------+---------------------------------------|
 hotel_id_num |       513         513           0    *|
           ym |       119           1         118     |
------------------------------------------------------+
* = FE nested within cluster; treated as redundant for DoF computation
(dropped 16 singleton observations)
(MWFE estimator converged in 7 iterations)

HDFE Linear regression                            Number of obs   =     22,062
Absorbing 2 HDFE groups                           F(  15,    511) =      65.27
Statistics robust to heteroskedasticity           Prob > F        =     0.0000
                                                  R-squared       =     0.8921
                                                  Adj R-squared   =     0.8889
                                                  Within R-sq.    =     0.2916
Number of clusters (hotel_id_num) =        512    Root MSE        =     0.2031

                                                  (Std. err. adjusted for 512 clusters in hotel_id_num)
-------------------------------------------------------------------------------------------------------
                                      |               Robust
               lnRevenue_current_w199 | Coefficient  std. err.      t    P>|t|     [95% conf. interval]
--------------------------------------+----------------------------------------------------------------
                          ars_pool_ev |  -.0302001   .0563599    -0.54   0.592    -.1409256    .0805255
                prevvis_sent_avg_bing |   .0052857   .0028226     1.87   0.062    -.0002597    .0108311
                                      |
c.ars_pool_ev#c.prevvis_sent_avg_bing |  -.0135959   .0097973    -1.39   0.166    -.0328439    .0056521
                                      |
                   ev_ln_review_count |   .0462259   .0047669     9.70   0.000     .0368607     .055591
                       ev_mean_rating |   .0017299   .0038797     0.45   0.656    -.0058922     .009352
                         ev_sd_rating |    .002252   .0036073     0.62   0.533    -.0048349    .0093389
                ev_ln_mean_text_chars |   .0068172   .0048401     1.41   0.160    -.0026919    .0163262
                        sent_avg_bing |  -.0000998   .0011033    -0.09   0.928    -.0022674    .0020677
                  sent_pos_share_bing |   .0146791   .0130076     1.13   0.260    -.0108759     .040234
                  sent_neg_share_bing |   .0274673   .0151804     1.81   0.071    -.0023564     .057291
                    ln_lag_volumn_acc |   .0335743   .0075632     4.44   0.000     .0187156    .0484331
                   lag_avg_rating_acc |    .037641   .0303021     1.24   0.215    -.0218911     .097173
                           lag_sd_acc |    .000305   .0378909     0.01   0.994    -.0741362    .0747462
                    ln_avg_com_RevPAR |   .1340944   .0160045     8.38   0.000     .1026516    .1655372
             lnRevenue_lag_month_w199 |   .4037386   .0206985    19.51   0.000     .3630739    .4444032
                                _cons |   1.525865   .1636159     9.33   0.000     1.204422    1.847307
-------------------------------------------------------------------------------------------------------

Absorbed degrees of freedom:
------------------------------------------------------+
  Absorbed FE | Categories  - Redundant  = Num. Coefs |
--------------+---------------------------------------|
 hotel_id_num |       512         512           0    *|
           ym |       119           1         118     |
------------------------------------------------------+
* = FE nested within cluster; treated as redundant for DoF computation
(dropped 16 singleton observations)
(MWFE estimator converged in 7 iterations)

HDFE Linear regression                            Number of obs   =     22,062
Absorbing 2 HDFE groups                           F(  15,    511) =      65.49
Statistics robust to heteroskedasticity           Prob > F        =     0.0000
                                                  R-squared       =     0.8921
                                                  Adj R-squared   =     0.8889
                                                  Within R-sq.    =     0.2915
Number of clusters (hotel_id_num) =        512    Root MSE        =     0.2032

                                                      (Std. err. adjusted for 512 clusters in hotel_id_num)
-----------------------------------------------------------------------------------------------------------
                                          |               Robust
                   lnRevenue_current_w199 | Coefficient  std. err.      t    P>|t|     [95% conf. interval]
------------------------------------------+----------------------------------------------------------------
                              ars_pool_ev |  -.0234121   .0629194    -0.37   0.710    -.1470246    .1002003
                prevvis_sent_net_pos_bing |    .030571   .0191486     1.60   0.111    -.0070487    .0681906
                                          |
c.ars_pool_ev#c.prevvis_sent_net_pos_bing |  -.0907027   .0679538    -1.33   0.183    -.2242058    .0428005
                                          |
                       ev_ln_review_count |   .0460863   .0047706     9.66   0.000     .0367139    .0554588
                           ev_mean_rating |   .0019046   .0038924     0.49   0.625    -.0057424    .0095517
                             ev_sd_rating |   .0023253   .0036032     0.65   0.519    -.0047537    .0094043
                    ev_ln_mean_text_chars |   .0068129   .0048627     1.40   0.162    -.0027405    .0163663
                            sent_avg_bing |  -.0000945   .0011032    -0.09   0.932     -.002262    .0020729
                      sent_pos_share_bing |   .0150516   .0130141     1.16   0.248    -.0105161    .0406193
                      sent_neg_share_bing |   .0272766   .0151924     1.80   0.073    -.0025706    .0571238
                        ln_lag_volumn_acc |   .0334774   .0075748     4.42   0.000     .0185958     .048359
                       lag_avg_rating_acc |   .0392572   .0304081     1.29   0.197     -.020483    .0989974
                               lag_sd_acc |   .0001947   .0379058     0.01   0.996    -.0742758    .0746651
                        ln_avg_com_RevPAR |   .1339931   .0160068     8.37   0.000      .102546    .1654403
                 lnRevenue_lag_month_w199 |   .4036984   .0207011    19.50   0.000     .3630287    .4443681
                                    _cons |   1.520554   .1642211     9.26   0.000     1.197922    1.843185
-----------------------------------------------------------------------------------------------------------

Absorbed degrees of freedom:
------------------------------------------------------+
  Absorbed FE | Categories  - Redundant  = Num. Coefs |
--------------+---------------------------------------|
 hotel_id_num |       512         512           0    *|
           ym |       119           1         118     |
------------------------------------------------------+
* = FE nested within cluster; treated as redundant for DoF computation
(dropped 15 singleton observations)
(MWFE estimator converged in 7 iterations)
note: pmr_any omitted because of collinearity

HDFE Linear regression                            Number of obs   =     22,092
Absorbing 2 HDFE groups                           F(  15,    512) =      68.18
Statistics robust to heteroskedasticity           Prob > F        =     0.0000
                                                  R-squared       =     0.8921
                                                  Adj R-squared   =     0.8888
                                                  Within R-sq.    =     0.2930
Number of clusters (hotel_id_num) =        513    Root MSE        =     0.2032

                                     (Std. err. adjusted for 513 clusters in hotel_id_num)
------------------------------------------------------------------------------------------
                         |               Robust
  lnRevenue_current_w199 | Coefficient  std. err.      t    P>|t|     [95% conf. interval]
-------------------------+----------------------------------------------------------------
             ars_pool_ev |   -.115528   .0526757    -2.19   0.029     -.219015   -.0120409
               1.pmr_any |  -.0216304   .0194881    -1.11   0.268    -.0599169    .0166561
                         |
   pmr_any#c.ars_pool_ev |
                      1  |   .0719385   .0651936     1.10   0.270    -.0561413    .2000183
                         |
                 pmr_any |          0  (omitted)
      ev_ln_review_count |    .046339   .0047542     9.75   0.000     .0369988    .0556793
          ev_mean_rating |   .0016225     .00387     0.42   0.675    -.0059807    .0092256
            ev_sd_rating |   .0022913   .0036101     0.63   0.526    -.0048011    .0093837
   ev_ln_mean_text_chars |     .00755   .0048619     1.55   0.121    -.0020017    .0171016
           sent_avg_bing |  -.0000735   .0010949    -0.07   0.947    -.0022246    .0020776
     sent_pos_share_bing |   .0138052    .013016     1.06   0.289    -.0117662    .0393765
     sent_neg_share_bing |   .0268418   .0151946     1.77   0.078    -.0030096    .0566932
       ln_lag_volumn_acc |   .0320099   .0073624     4.35   0.000     .0175456    .0464742
      lag_avg_rating_acc |   .0358833   .0298066     1.20   0.229     -.022675    .0944416
              lag_sd_acc |  -.0034005   .0350633    -0.10   0.923    -.0722862    .0654851
       ln_avg_com_RevPAR |   .1342972   .0160431     8.37   0.000     .1027789    .1658156
lnRevenue_lag_month_w199 |    .403225   .0206245    19.55   0.000      .362706     .443744
                   _cons |   1.573786   .1610373     9.77   0.000     1.257411    1.890161
------------------------------------------------------------------------------------------

Absorbed degrees of freedom:
------------------------------------------------------+
  Absorbed FE | Categories  - Redundant  = Num. Coefs |
--------------+---------------------------------------|
 hotel_id_num |       513         513           0    *|
           ym |       119           1         118     |
------------------------------------------------------+
* = FE nested within cluster; treated as redundant for DoF computation
(dropped 14 singleton observations)
(MWFE estimator converged in 7 iterations)

HDFE Linear regression                            Number of obs   =     21,354
Absorbing 2 HDFE groups                           F(  16,    510) =      62.56
Statistics robust to heteroskedasticity           Prob > F        =     0.0000
                                                  R-squared       =     0.8927
                                                  Adj R-squared   =     0.8894
                                                  Within R-sq.    =     0.2887
Number of clusters (hotel_id_num) =        511    Root MSE        =     0.2019

                                             (Std. err. adjusted for 511 clusters in hotel_id_num)
--------------------------------------------------------------------------------------------------
                                 |               Robust
          lnRevenue_current_w199 | Coefficient  std. err.      t    P>|t|     [95% conf. interval]
---------------------------------+----------------------------------------------------------------
                     ars_pool_ev |  -.0938868   .0535778    -1.75   0.080    -.1991472    .0113736
                pmr_cohort_rate7 |   -.007719   .0251488    -0.31   0.759     -.057127     .041689
                                 |
c.ars_pool_ev#c.pmr_cohort_rate7 |   .0427421   .0821032     0.52   0.603      -.11856    .2040442
                                 |
                         pmr_any |  -.0042609   .0054722    -0.78   0.437    -.0150117    .0064899
              ev_ln_review_count |   .0454487   .0047606     9.55   0.000     .0360959    .0548015
                  ev_mean_rating |   .0009017     .00396     0.23   0.820    -.0068782    .0086817
                    ev_sd_rating |   .0022516   .0036503     0.62   0.538      -.00492    .0094232
           ev_ln_mean_text_chars |   .0077673   .0050735     1.53   0.126    -.0022002    .0177348
                   sent_avg_bing |  -9.44e-06   .0011401    -0.01   0.993    -.0022493    .0022304
             sent_pos_share_bing |   .0144371   .0134066     1.08   0.282    -.0119018    .0407761
             sent_neg_share_bing |   .0286899   .0158756     1.81   0.071    -.0024997    .0598795
               ln_lag_volumn_acc |   .0382713    .007906     4.84   0.000      .022739    .0538037
              lag_avg_rating_acc |   .0486415   .0305206     1.59   0.112      -.01132     .108603
                      lag_sd_acc |    .007067   .0391651     0.18   0.857    -.0698778    .0840117
               ln_avg_com_RevPAR |   .1347034   .0163375     8.25   0.000     .1026063    .1668005
        lnRevenue_lag_month_w199 |   .4043873   .0211767    19.10   0.000      .362783    .4459917
                           _cons |   1.468427    .167605     8.76   0.000     1.139146    1.797708
--------------------------------------------------------------------------------------------------

Absorbed degrees of freedom:
------------------------------------------------------+
  Absorbed FE | Categories  - Redundant  = Num. Coefs |
--------------+---------------------------------------|
 hotel_id_num |       511         511           0    *|
           ym |       119           1         118     |
------------------------------------------------------+
* = FE nested within cluster; treated as redundant for DoF computation
(dropped 15 singleton observations)
(MWFE estimator converged in 7 iterations)

HDFE Linear regression                            Number of obs   =     22,092
Absorbing 2 HDFE groups                           F(  16,    512) =      63.35
Statistics robust to heteroskedasticity           Prob > F        =     0.0000
                                                  R-squared       =     0.8921
                                                  Adj R-squared   =     0.8888
                                                  Within R-sq.    =     0.2930
Number of clusters (hotel_id_num) =        513    Root MSE        =     0.2031

                                           (Std. err. adjusted for 513 clusters in hotel_id_num)
------------------------------------------------------------------------------------------------
                               |               Robust
        lnRevenue_current_w199 | Coefficient  std. err.      t    P>|t|     [95% conf. interval]
-------------------------------+----------------------------------------------------------------
                   ars_pool_ev |   -.079698   .0395332    -2.02   0.044    -.1573653   -.0020307
                pmr_activity_n |  -.0006268    .001581    -0.40   0.692    -.0037329    .0024793
                               |
c.ars_pool_ev#c.pmr_activity_n |   .0008212   .0048926     0.17   0.867    -.0087909    .0104333
                               |
                       pmr_any |   .0015839   .0049013     0.32   0.747    -.0080451     .011213
            ev_ln_review_count |   .0476796   .0047201    10.10   0.000     .0384064    .0569528
                ev_mean_rating |   .0017193   .0038767     0.44   0.658     -.005897    .0093355
                  ev_sd_rating |   .0022088   .0036074     0.61   0.541    -.0048783    .0092958
         ev_ln_mean_text_chars |   .0073635   .0048723     1.51   0.131    -.0022086    .0169357
                 sent_avg_bing |  -.0000988   .0010947    -0.09   0.928    -.0022495    .0020518
           sent_pos_share_bing |   .0141974   .0129959     1.09   0.275    -.0113345    .0397293
           sent_neg_share_bing |   .0273645   .0152078     1.80   0.073    -.0025129    .0572419
             ln_lag_volumn_acc |   .0325944   .0073629     4.43   0.000     .0181291    .0470597
            lag_avg_rating_acc |    .036622   .0298399     1.23   0.220    -.0220017    .0952457
                    lag_sd_acc |  -.0039907   .0350657    -0.11   0.909    -.0728811    .0648998
             ln_avg_com_RevPAR |   .1341163   .0160275     8.37   0.000     .1026285     .165604
      lnRevenue_lag_month_w199 |   .4033624   .0206377    19.54   0.000     .3628174    .4439075
                         _cons |   1.556468   .1603339     9.71   0.000     1.241474    1.871461
------------------------------------------------------------------------------------------------

Absorbed degrees of freedom:
------------------------------------------------------+
  Absorbed FE | Categories  - Redundant  = Num. Coefs |
--------------+---------------------------------------|
 hotel_id_num |       513         513           0    *|
           ym |       119           1         118     |
------------------------------------------------------+
* = FE nested within cluster; treated as redundant for DoF computation
(dropped 15 singleton observations)
(MWFE estimator converged in 7 iterations)

HDFE Linear regression                            Number of obs   =     22,092
Absorbing 2 HDFE groups                           F(  16,    512) =      65.01
Statistics robust to heteroskedasticity           Prob > F        =     0.0000
                                                  R-squared       =     0.8921
                                                  Adj R-squared   =     0.8888
                                                  Within R-sq.    =     0.2930
Number of clusters (hotel_id_num) =        513    Root MSE        =     0.2031

                                         (Std. err. adjusted for 513 clusters in hotel_id_num)
----------------------------------------------------------------------------------------------
                             |               Robust
      lnRevenue_current_w199 | Coefficient  std. err.      t    P>|t|     [95% conf. interval]
-----------------------------+----------------------------------------------------------------
                 ars_pool_ev |  -.1079807   .0496513    -2.17   0.030    -.2055261   -.0104353
                ln_pmr_words |  -.0066089   .0044137    -1.50   0.135    -.0152801    .0020622
                             |
c.ars_pool_ev#c.ln_pmr_words |   .0108698   .0118363     0.92   0.359    -.0123839    .0341235
                             |
                     pmr_any |   .0176767   .0127708     1.38   0.167    -.0074129    .0427663
          ev_ln_review_count |   .0472728   .0047067    10.04   0.000      .038026    .0565196
              ev_mean_rating |   .0016162   .0038695     0.42   0.676    -.0059858    .0092182
                ev_sd_rating |   .0022405   .0036122     0.62   0.535     -.004856    .0093371
       ev_ln_mean_text_chars |   .0074509   .0048663     1.53   0.126    -.0021096    .0170113
               sent_avg_bing |  -.0000813    .001095    -0.07   0.941    -.0022326    .0020701
         sent_pos_share_bing |   .0139572   .0130082     1.07   0.284    -.0115989    .0395132
         sent_neg_share_bing |   .0270527   .0152112     1.78   0.076    -.0028315    .0569368
           ln_lag_volumn_acc |   .0324738   .0073853     4.40   0.000     .0179646     .046983
          lag_avg_rating_acc |   .0361577   .0298413     1.21   0.226    -.0224687    .0947841
                  lag_sd_acc |  -.0035865   .0350731    -0.10   0.919    -.0724914    .0653183
           ln_avg_com_RevPAR |   .1342928   .0160444     8.37   0.000     .1027718    .1658138
    lnRevenue_lag_month_w199 |   .4035915   .0206132    19.58   0.000     .3630947    .4440884
                       _cons |   1.566045   .1608939     9.73   0.000     1.249951    1.882138
----------------------------------------------------------------------------------------------

Absorbed degrees of freedom:
------------------------------------------------------+
  Absorbed FE | Categories  - Redundant  = Num. Coefs |
--------------+---------------------------------------|
 hotel_id_num |       513         513           0    *|
           ym |       119           1         118     |
------------------------------------------------------+
* = FE nested within cluster; treated as redundant for DoF computation
(dropped 23 singleton observations)
(MWFE estimator converged in 8 iterations)
note: pmr_any is probably collinear with the fixed effects (all partialled-out values are close to zero; tol = 1.0e-09)

HDFE Linear regression                            Number of obs   =     13,965
Absorbing 2 HDFE groups                           F(  15,    471) =      49.49
Statistics robust to heteroskedasticity           Prob > F        =     0.0000
                                                  R-squared       =     0.8944
                                                  Adj R-squared   =     0.8896
                                                  Within R-sq.    =     0.2990
Number of clusters (hotel_id_num) =        472    Root MSE        =     0.1969

                                             (Std. err. adjusted for 472 clusters in hotel_id_num)
--------------------------------------------------------------------------------------------------
                                 |               Robust
          lnRevenue_current_w199 | Coefficient  std. err.      t    P>|t|     [95% conf. interval]
---------------------------------+----------------------------------------------------------------
                     ars_pool_ev |   -.187841   .3310772    -0.57   0.571    -.8384121    .4627301
                ln_pmr_avg_words |  -.0132837   .0247172    -0.54   0.591    -.0618532    .0352859
                                 |
c.ars_pool_ev#c.ln_pmr_avg_words |   .0367217   .0802605     0.46   0.648    -.1209912    .1944346
                                 |
                         pmr_any |          0  (omitted)
              ev_ln_review_count |   .0413903   .0057292     7.22   0.000     .0301323    .0526483
                  ev_mean_rating |  -.0029874   .0052592    -0.57   0.570    -.0133217     .007347
                    ev_sd_rating |    .001161   .0047516     0.24   0.807    -.0081759    .0104979
           ev_ln_mean_text_chars |   .0118598   .0058787     2.02   0.044      .000308    .0234116
                   sent_avg_bing |   .0018642   .0014984     1.24   0.214    -.0010802    .0048086
             sent_pos_share_bing |   .0013669   .0193576     0.07   0.944     -.036671    .0394047
             sent_neg_share_bing |   .0019669   .0205639     0.10   0.924    -.0384414    .0423752
               ln_lag_volumn_acc |   .0315258   .0094713     3.33   0.001     .0129146     .050137
              lag_avg_rating_acc |   .0970645   .0407688     2.38   0.018     .0169532    .1771757
                      lag_sd_acc |   .0127245   .0486604     0.26   0.794    -.0828938    .1083427
               ln_avg_com_RevPAR |   .1400368   .0177624     7.88   0.000     .1051334    .1749402
        lnRevenue_lag_month_w199 |   .4176593    .025148    16.61   0.000     .3682431    .4670754
                           _cons |   1.297902   .2298475     5.65   0.000     .8462485    1.749555
--------------------------------------------------------------------------------------------------

Absorbed degrees of freedom:
------------------------------------------------------+
  Absorbed FE | Categories  - Redundant  = Num. Coefs |
--------------+---------------------------------------|
 hotel_id_num |       472         472           0    *|
           ym |       119           1         118     |
------------------------------------------------------+
* = FE nested within cluster; treated as redundant for DoF computation
(dropped 22 singleton observations)
(MWFE estimator converged in 8 iterations)
note: pmr_any is probably collinear with the fixed effects (all partialled-out values are close to zero; tol = 1.0e-09)

HDFE Linear regression                            Number of obs   =     13,965
Absorbing 2 HDFE groups                           F(  15,    471) =      47.43
Statistics robust to heteroskedasticity           Prob > F        =     0.0000
                                                  R-squared       =     0.8944
                                                  Adj R-squared   =     0.8897
                                                  Within R-sq.    =     0.2991
Number of clusters (hotel_id_num) =        472    Root MSE        =     0.1969

                                                  (Std. err. adjusted for 472 clusters in hotel_id_num)
-------------------------------------------------------------------------------------------------------
                                      |               Robust
               lnRevenue_current_w199 | Coefficient  std. err.      t    P>|t|     [95% conf. interval]
--------------------------------------+----------------------------------------------------------------
                          ars_pool_ev |  -.0207492   .0507397    -0.41   0.683    -.1204534    .0789551
                pmr_activity_avg_days |   .0003942   .0002749     1.43   0.152     -.000146    .0009344
                                      |
c.ars_pool_ev#c.pmr_activity_avg_days |  -.0012541   .0009065    -1.38   0.167    -.0030353    .0005271
                                      |
                              pmr_any |          0  (omitted)
                   ev_ln_review_count |   .0414601   .0057061     7.27   0.000     .0302474    .0526727
                       ev_mean_rating |  -.0029325   .0052439    -0.56   0.576    -.0132368    .0073717
                         ev_sd_rating |   .0013039   .0047468     0.27   0.784    -.0080237    .0106315
                ev_ln_mean_text_chars |   .0118975   .0058621     2.03   0.043     .0003784    .0234167
                        sent_avg_bing |   .0018687   .0014954     1.25   0.212    -.0010698    .0048072
                  sent_pos_share_bing |   .0012557   .0193445     0.06   0.948    -.0367564    .0392678
                  sent_neg_share_bing |   .0021544   .0206086     0.10   0.917    -.0383417    .0426506
                    ln_lag_volumn_acc |   .0313852   .0093729     3.35   0.001     .0129674    .0498029
                   lag_avg_rating_acc |   .0974713   .0408026     2.39   0.017     .0172937    .1776489
                           lag_sd_acc |   .0127452   .0487188     0.26   0.794    -.0829879    .1084783
                    ln_avg_com_RevPAR |   .1399657   .0177461     7.89   0.000     .1050943     .174837
             lnRevenue_lag_month_w199 |   .4175957   .0251203    16.62   0.000     .3682339    .4669575
                                _cons |   1.237189   .2013499     6.14   0.000     .8415333    1.632844
-------------------------------------------------------------------------------------------------------

Absorbed degrees of freedom:
------------------------------------------------------+
  Absorbed FE | Categories  - Redundant  = Num. Coefs |
--------------+---------------------------------------|
 hotel_id_num |       472         472           0    *|
           ym |       119           1         118     |
------------------------------------------------------+
* = FE nested within cluster; treated as redundant for DoF computation
(dropped 40 singleton observations)
(MWFE estimator converged in 10 iterations)

HDFE Linear regression                            Number of obs   =      4,163
Absorbing 2 HDFE groups                           F(  16,    464) =      24.53
Statistics robust to heteroskedasticity           Prob > F        =     0.0000
                                                  R-squared       =     0.9012
                                                  Adj R-squared   =     0.8847
                                                  Within R-sq.    =     0.2465
Number of clusters (hotel_id_num) =        465    Root MSE        =     0.2198

                                              (Std. err. adjusted for 465 clusters in hotel_id_num)
---------------------------------------------------------------------------------------------------
                                  |               Robust
           lnRevenue_current_w199 | Coefficient  std. err.      t    P>|t|     [95% conf. interval]
----------------------------------+----------------------------------------------------------------
                      ars_pool_ev |  -.1777317   .1246687    -1.43   0.155     -.422717    .0672536
                pmr_cohort_rate30 |  -.0624325   .0518731    -1.20   0.229    -.1643678    .0395028
                                  |
c.ars_pool_ev#c.pmr_cohort_rate30 |   .1485276   .1710554     0.87   0.386    -.1876117    .4846668
                                  |
                          pmr_any |   .0185071   .0124992     1.48   0.139     -.006055    .0430691
               ev_ln_review_count |   .0611526   .0110015     5.56   0.000     .0395337    .0827715
                   ev_mean_rating |   .0057857   .0097455     0.59   0.553    -.0133651    .0249365
                     ev_sd_rating |  -.0046786   .0077389    -0.60   0.546    -.0198863    .0105291
            ev_ln_mean_text_chars |   .0209505   .0124497     1.68   0.093    -.0035142    .0454153
                    sent_avg_bing |   .0009053    .002863     0.32   0.752    -.0047209    .0065314
              sent_pos_share_bing |   .0198771   .0346677     0.57   0.567     -.048248    .0880022
              sent_neg_share_bing |   .1114275   .0445434     2.50   0.013     .0238956    .1989593
                ln_lag_volumn_acc |   .0603922    .016763     3.60   0.000     .0274514     .093333
               lag_avg_rating_acc |   .0149541   .0385302     0.39   0.698    -.0607611    .0906694
                       lag_sd_acc |   .0099638   .0633028     0.16   0.875    -.1144319    .1343595
                ln_avg_com_RevPAR |   .1258221   .0188609     6.67   0.000     .0887587    .1628855
         lnRevenue_lag_month_w199 |   .3264408   .0253992    12.85   0.000     .2765291    .3763525
                            _cons |   1.721018   .2541082     6.77   0.000     1.221673    2.220364
---------------------------------------------------------------------------------------------------

Absorbed degrees of freedom:
------------------------------------------------------+
  Absorbed FE | Categories  - Redundant  = Num. Coefs |
--------------+---------------------------------------|
 hotel_id_num |       465         465           0    *|
           ym |       118           1         117     |
------------------------------------------------------+
* = FE nested within cluster; treated as redundant for DoF computation
(dropped 15 singleton observations)
(MWFE estimator converged in 7 iterations)

HDFE Linear regression                            Number of obs   =     22,092
Absorbing 2 HDFE groups                           F(  16,    512) =      64.92
Statistics robust to heteroskedasticity           Prob > F        =     0.0000
                                                  R-squared       =     0.8921
                                                  Adj R-squared   =     0.8889
                                                  Within R-sq.    =     0.2933
Number of clusters (hotel_id_num) =        513    Root MSE        =     0.2031

                                               (Std. err. adjusted for 513 clusters in hotel_id_num)
----------------------------------------------------------------------------------------------------
                                   |               Robust
            lnRevenue_current_w199 | Coefficient  std. err.      t    P>|t|     [95% conf. interval]
-----------------------------------+----------------------------------------------------------------
                       ars_pool_ev |  -.1204192   .0512378    -2.35   0.019    -.2210815    -.019757
                pmr_text_thanks_zf |   .0050715    .023242     0.22   0.827      -.04059     .050733
                                   |
c.ars_pool_ev#c.pmr_text_thanks_zf |   .0854218   .0684523     1.25   0.213    -.0490602    .2199039
                                   |
                           pmr_any |  -.0279068   .0115061    -2.43   0.016    -.0505118   -.0053018
                ev_ln_review_count |   .0463472   .0047579     9.74   0.000     .0369998    .0556946
                    ev_mean_rating |   .0016156   .0038675     0.42   0.676    -.0059826    .0092138
                      ev_sd_rating |   .0022806   .0036054     0.63   0.527    -.0048026    .0093639
             ev_ln_mean_text_chars |   .0074499   .0048658     1.53   0.126    -.0021096    .0170094
                     sent_avg_bing |  -.0000933   .0010962    -0.09   0.932     -.002247    .0020603
               sent_pos_share_bing |   .0138112   .0129938     1.06   0.288    -.0117166     .039339
               sent_neg_share_bing |   .0267964   .0151596     1.77   0.078    -.0029863    .0565792
                 ln_lag_volumn_acc |   .0320032   .0073862     4.33   0.000     .0174923    .0465141
                lag_avg_rating_acc |   .0350116   .0298405     1.17   0.241    -.0236133    .0936365
                        lag_sd_acc |  -.0033513    .035087    -0.10   0.924    -.0722835    .0655809
                 ln_avg_com_RevPAR |   .1343203    .016039     8.37   0.000       .10281    .1658306
          lnRevenue_lag_month_w199 |   .4029783   .0205654    19.59   0.000     .3625753    .4433813
                             _cons |   1.580224   .1609558     9.82   0.000     1.264009    1.896439
----------------------------------------------------------------------------------------------------

Absorbed degrees of freedom:
------------------------------------------------------+
  Absorbed FE | Categories  - Redundant  = Num. Coefs |
--------------+---------------------------------------|
 hotel_id_num |       513         513           0    *|
           ym |       119           1         118     |
------------------------------------------------------+
* = FE nested within cluster; treated as redundant for DoF computation
(dropped 15 singleton observations)
(MWFE estimator converged in 7 iterations)

HDFE Linear regression                            Number of obs   =     22,092
Absorbing 2 HDFE groups                           F(  16,    512) =      64.26
Statistics robust to heteroskedasticity           Prob > F        =     0.0000
                                                  R-squared       =     0.8921
                                                  Adj R-squared   =     0.8889
                                                  Within R-sq.    =     0.2933
Number of clusters (hotel_id_num) =        513    Root MSE        =     0.2031

                                                (Std. err. adjusted for 513 clusters in hotel_id_num)
-----------------------------------------------------------------------------------------------------
                                    |               Robust
             lnRevenue_current_w199 | Coefficient  std. err.      t    P>|t|     [95% conf. interval]
------------------------------------+----------------------------------------------------------------
                        ars_pool_ev |  -.1111038   .0433551    -2.56   0.011    -.1962795   -.0259281
                pmr_text_apology_zf |   -.060498   .0298234    -2.03   0.043    -.1190892   -.0019068
                                    |
c.ars_pool_ev#c.pmr_text_apology_zf |   .1559359   .1031683     1.51   0.131    -.0467493    .3586212
                                    |
                            pmr_any |   .0051307   .0057342     0.89   0.371    -.0061348    .0163962
                 ev_ln_review_count |   .0461869   .0047512     9.72   0.000     .0368526    .0555212
                     ev_mean_rating |   .0015802   .0038985     0.41   0.685    -.0060789    .0092392
                       ev_sd_rating |   .0021627   .0036402     0.59   0.553    -.0049888    .0093141
              ev_ln_mean_text_chars |   .0071467   .0048821     1.46   0.144    -.0024447    .0167382
                      sent_avg_bing |  -.0000885   .0010944    -0.08   0.936    -.0022385    .0020615
                sent_pos_share_bing |   .0139683   .0129909     1.08   0.283    -.0115537    .0394902
                sent_neg_share_bing |   .0265821   .0151343     1.76   0.080    -.0031508     .056315
                  ln_lag_volumn_acc |   .0321592   .0073769     4.36   0.000     .0176664     .046652
                 lag_avg_rating_acc |   .0342601   .0298739     1.15   0.252    -.0244303    .0929506
                         lag_sd_acc |  -.0033304   .0350895    -0.09   0.924    -.0722676    .0656068
                  ln_avg_com_RevPAR |   .1341776   .0160217     8.37   0.000     .1027013    .1656539
           lnRevenue_lag_month_w199 |   .4031156   .0206255    19.54   0.000     .3625945    .4436367
                              _cons |     1.5817   .1603199     9.87   0.000     1.266734    1.896666
-----------------------------------------------------------------------------------------------------

Absorbed degrees of freedom:
------------------------------------------------------+
  Absorbed FE | Categories  - Redundant  = Num. Coefs |
--------------+---------------------------------------|
 hotel_id_num |       513         513           0    *|
           ym |       119           1         118     |
------------------------------------------------------+
* = FE nested within cluster; treated as redundant for DoF computation
(dropped 15 singleton observations)
(MWFE estimator converged in 7 iterations)

HDFE Linear regression                            Number of obs   =     22,092
Absorbing 2 HDFE groups                           F(  16,    512) =      63.30
Statistics robust to heteroskedasticity           Prob > F        =     0.0000
                                                  R-squared       =     0.8921
                                                  Adj R-squared   =     0.8889
                                                  Within R-sq.    =     0.2933
Number of clusters (hotel_id_num) =        513    Root MSE        =     0.2031

                                               (Std. err. adjusted for 513 clusters in hotel_id_num)
----------------------------------------------------------------------------------------------------
                                   |               Robust
            lnRevenue_current_w199 | Coefficient  std. err.      t    P>|t|     [95% conf. interval]
-----------------------------------+----------------------------------------------------------------
                       ars_pool_ev |  -.1067245   .0405628    -2.63   0.009    -.1864146   -.0270344
                pmr_text_invite_zf |  -.1692159   .0558895    -3.03   0.003    -.2790168    -.059415
                                   |
c.ars_pool_ev#c.pmr_text_invite_zf |   .5464327   .1845315     2.96   0.003     .1839006    .9089647
                                   |
                           pmr_any |   .0002817   .0048685     0.06   0.954    -.0092829    .0098464
                ev_ln_review_count |   .0463724   .0047327     9.80   0.000     .0370745    .0556702
                    ev_mean_rating |   .0015952    .003869     0.41   0.680    -.0060058    .0091963
                      ev_sd_rating |   .0022924   .0035979     0.64   0.524    -.0047761     .009361
             ev_ln_mean_text_chars |   .0076918    .004874     1.58   0.115    -.0018837    .0172674
                     sent_avg_bing |   -.000071   .0010961    -0.06   0.948    -.0022245    .0020825
               sent_pos_share_bing |   .0141049   .0129899     1.09   0.278    -.0114152    .0396251
               sent_neg_share_bing |   .0274121   .0151945     1.80   0.072    -.0024391    .0572633
                 ln_lag_volumn_acc |   .0321178   .0073441     4.37   0.000     .0176895    .0465461
                lag_avg_rating_acc |   .0357612   .0298132     1.20   0.231      -.02281    .0943323
                        lag_sd_acc |  -.0039449    .035008    -0.11   0.910    -.0727219     .064832
                 ln_avg_com_RevPAR |   .1341501   .0160138     8.38   0.000     .1026892    .1656109
          lnRevenue_lag_month_w199 |   .4031386   .0206203    19.55   0.000     .3626279    .4436493
                             _cons |   1.571636   .1600214     9.82   0.000     1.257257    1.886016
----------------------------------------------------------------------------------------------------

Absorbed degrees of freedom:
------------------------------------------------------+
  Absorbed FE | Categories  - Redundant  = Num. Coefs |
--------------+---------------------------------------|
 hotel_id_num |       513         513           0    *|
           ym |       119           1         118     |
------------------------------------------------------+
* = FE nested within cluster; treated as redundant for DoF computation
(dropped 15 singleton observations)
(MWFE estimator converged in 7 iterations)

HDFE Linear regression                            Number of obs   =     22,092
Absorbing 2 HDFE groups                           F(  16,    512) =      62.78
Statistics robust to heteroskedasticity           Prob > F        =     0.0000
                                                  R-squared       =     0.8921
                                                  Adj R-squared   =     0.8888
                                                  Within R-sq.    =     0.2929
Number of clusters (hotel_id_num) =        513    Root MSE        =     0.2032

                                                 (Std. err. adjusted for 513 clusters in hotel_id_num)
------------------------------------------------------------------------------------------------------
                                     |               Robust
              lnRevenue_current_w199 | Coefficient  std. err.      t    P>|t|     [95% conf. interval]
-------------------------------------+----------------------------------------------------------------
                         ars_pool_ev |  -.0770095   .0404085    -1.91   0.057    -.1563964    .0023775
                pmr_text_recovery_zf |   .0347584   .0975511     0.36   0.722    -.1568913     .226408
                                     |
c.ars_pool_ev#c.pmr_text_recovery_zf |  -.1305915   .3466934    -0.38   0.707    -.8117081    .5505251
                                     |
                             pmr_any |  -.0002891   .0049241    -0.06   0.953    -.0099631    .0093849
                  ev_ln_review_count |   .0465677   .0047579     9.79   0.000     .0372202    .0559151
                      ev_mean_rating |   .0016681   .0038725     0.43   0.667    -.0059397     .009276
                        ev_sd_rating |   .0022759   .0036064     0.63   0.528    -.0048093    .0093611
               ev_ln_mean_text_chars |   .0074637   .0048686     1.53   0.126    -.0021011    .0170286
                       sent_avg_bing |  -.0000858   .0010962    -0.08   0.938    -.0022394    .0020678
                 sent_pos_share_bing |   .0141528    .012996     1.09   0.277    -.0113793    .0396848
                 sent_neg_share_bing |   .0272032   .0152077     1.79   0.074    -.0026739    .0570804
                   ln_lag_volumn_acc |   .0320806   .0073598     4.36   0.000     .0176215    .0465398
                  lag_avg_rating_acc |   .0362752    .029835     1.22   0.225    -.0223388    .0948893
                          lag_sd_acc |  -.0035494   .0350812    -0.10   0.919    -.0724701    .0653713
                   ln_avg_com_RevPAR |   .1341945   .0160269     8.37   0.000     .1027079    .1656812
            lnRevenue_lag_month_w199 |   .4031495   .0206324    19.54   0.000     .3626149    .4436841
                               _cons |   1.561001   .1602186     9.74   0.000     1.246234    1.875768
------------------------------------------------------------------------------------------------------

Absorbed degrees of freedom:
------------------------------------------------------+
  Absorbed FE | Categories  - Redundant  = Num. Coefs |
--------------+---------------------------------------|
 hotel_id_num |       513         513           0    *|
           ym |       119           1         118     |
------------------------------------------------------+
* = FE nested within cluster; treated as redundant for DoF computation
(dropped 15 singleton observations)
(MWFE estimator converged in 7 iterations)

HDFE Linear regression                            Number of obs   =     22,092
Absorbing 2 HDFE groups                           F(  16,    512) =      64.00
Statistics robust to heteroskedasticity           Prob > F        =     0.0000
                                                  R-squared       =     0.8921
                                                  Adj R-squared   =     0.8888
                                                  Within R-sq.    =     0.2931
Number of clusters (hotel_id_num) =        513    Root MSE        =     0.2031

                                                 (Std. err. adjusted for 513 clusters in hotel_id_num)
------------------------------------------------------------------------------------------------------
                                     |               Robust
              lnRevenue_current_w199 | Coefficient  std. err.      t    P>|t|     [95% conf. interval]
-------------------------------------+----------------------------------------------------------------
                         ars_pool_ev |  -.0955615   .0455618    -2.10   0.036    -.1850725   -.0060504
                pmr_text_positive_zf |  -.0021268   .0232108    -0.09   0.927    -.0477268    .0434733
                                     |
c.ars_pool_ev#c.pmr_text_positive_zf |   .0486323   .0788547     0.62   0.538    -.1062864     .203551
                                     |
                             pmr_any |  -.0068224   .0062368    -1.09   0.275    -.0190753    .0054306
                  ev_ln_review_count |   .0463676   .0047596     9.74   0.000     .0370169    .0557184
                      ev_mean_rating |   .0014337   .0038632     0.37   0.711    -.0061559    .0090233
                        ev_sd_rating |   .0022157   .0036094     0.61   0.540    -.0048753    .0093067
               ev_ln_mean_text_chars |   .0072484   .0048477     1.50   0.135    -.0022753    .0167722
                       sent_avg_bing |  -.0000843   .0010958    -0.08   0.939    -.0022371    .0020685
                 sent_pos_share_bing |   .0139027   .0130377     1.07   0.287    -.0117113    .0395167
                 sent_neg_share_bing |   .0270225   .0152049     1.78   0.076    -.0028492    .0568943
                   ln_lag_volumn_acc |   .0319032   .0073457     4.34   0.000     .0174718    .0463346
                  lag_avg_rating_acc |    .034743   .0296828     1.17   0.242    -.0235721     .093058
                          lag_sd_acc |  -.0039483   .0350241    -0.11   0.910    -.0727569    .0648604
                   ln_avg_com_RevPAR |   .1341995   .0160712     8.35   0.000      .102626     .165773
            lnRevenue_lag_month_w199 |   .4032552    .020624    19.55   0.000     .3627371    .4437732
                               _cons |   1.576208    .159526     9.88   0.000     1.262802    1.889614
------------------------------------------------------------------------------------------------------

Absorbed degrees of freedom:
------------------------------------------------------+
  Absorbed FE | Categories  - Redundant  = Num. Coefs |
--------------+---------------------------------------|
 hotel_id_num |       513         513           0    *|
           ym |       119           1         118     |
------------------------------------------------------+
* = FE nested within cluster; treated as redundant for DoF computation
(dropped 15 singleton observations)
(MWFE estimator converged in 7 iterations)

HDFE Linear regression                            Number of obs   =     22,092
Absorbing 2 HDFE groups                           F(  16,    512) =      62.90
Statistics robust to heteroskedasticity           Prob > F        =     0.0000
                                                  R-squared       =     0.8921
                                                  Adj R-squared   =     0.8889
                                                  Within R-sq.    =     0.2932
Number of clusters (hotel_id_num) =        513    Root MSE        =     0.2031

                                                (Std. err. adjusted for 513 clusters in hotel_id_num)
-----------------------------------------------------------------------------------------------------
                                    |               Robust
             lnRevenue_current_w199 | Coefficient  std. err.      t    P>|t|     [95% conf. interval]
------------------------------------+----------------------------------------------------------------
                        ars_pool_ev |  -.0791993   .0425447    -1.86   0.063    -.1627829    .0043842
                pmr_text_problem_zf |   .0011433   .0330114     0.03   0.972    -.0637112    .0659978
                                    |
c.ars_pool_ev#c.pmr_text_problem_zf |  -.0703647   .1138437    -0.62   0.537    -.2940229    .1532935
                                    |
                            pmr_any |   .0043313   .0054376     0.80   0.426    -.0063516    .0150141
                 ev_ln_review_count |   .0464357   .0047351     9.81   0.000      .037133    .0557384
                     ev_mean_rating |   .0012824   .0038661     0.33   0.740    -.0063131    .0088778
                       ev_sd_rating |   .0020342   .0036134     0.56   0.574    -.0050647    .0091331
              ev_ln_mean_text_chars |   .0070145   .0048695     1.44   0.150    -.0025522    .0165811
                      sent_avg_bing |  -.0000944   .0010966    -0.09   0.931    -.0022486    .0020599
                sent_pos_share_bing |   .0139698    .012988     1.08   0.283    -.0115466    .0394861
                sent_neg_share_bing |   .0270412   .0151668     1.78   0.075    -.0027555     .056838
                  ln_lag_volumn_acc |   .0321741   .0073672     4.37   0.000     .0177004    .0466478
                 lag_avg_rating_acc |   .0342934   .0297853     1.15   0.250     -.024223    .0928098
                         lag_sd_acc |  -.0040938   .0350309    -0.12   0.907    -.0729158    .0647283
                  ln_avg_com_RevPAR |   .1340576     .01603     8.36   0.000      .102565    .1655502
           lnRevenue_lag_month_w199 |   .4031909   .0206355    19.54   0.000     .3626502    .4437316
                              _cons |   1.574582    .159904     9.85   0.000     1.260433    1.888731
-----------------------------------------------------------------------------------------------------

Absorbed degrees of freedom:
------------------------------------------------------+
  Absorbed FE | Categories  - Redundant  = Num. Coefs |
--------------+---------------------------------------|
 hotel_id_num |       513         513           0    *|
           ym |       119           1         118     |
------------------------------------------------------+
* = FE nested within cluster; treated as redundant for DoF computation
(dropped 15 singleton observations)
(MWFE estimator converged in 7 iterations)

HDFE Linear regression                            Number of obs   =     22,092
Absorbing 2 HDFE groups                           F(  16,    512) =      63.96
Statistics robust to heteroskedasticity           Prob > F        =     0.0000
                                                  R-squared       =     0.8921
                                                  Adj R-squared   =     0.8888
                                                  Within R-sq.    =     0.2930
Number of clusters (hotel_id_num) =        513    Root MSE        =     0.2032

                                                        (Std. err. adjusted for 513 clusters in hotel_id_num)
-------------------------------------------------------------------------------------------------------------
                                            |               Robust
                     lnRevenue_current_w199 | Coefficient  std. err.      t    P>|t|     [95% conf. interval]
--------------------------------------------+----------------------------------------------------------------
                                ars_pool_ev |  -.1147326   .0523503    -2.19   0.029    -.2175805   -.0118846
                pmr_text_personalization_zf |   .0158813   .0330912     0.48   0.631      -.04913    .0808926
                                            |
c.ars_pool_ev#c.pmr_text_personalization_zf |   .0725965   .0659238     1.10   0.271    -.0569179    .2021109
                                            |
                                    pmr_any |  -.0372731   .0267597    -1.39   0.164    -.0898455    .0152992
                         ev_ln_review_count |   .0462757   .0047629     9.72   0.000     .0369186    .0556329
                             ev_mean_rating |   .0016179   .0038702     0.42   0.676    -.0059855    .0092212
                               ev_sd_rating |   .0023017    .003609     0.64   0.524    -.0047886     .009392
                      ev_ln_mean_text_chars |   .0075374   .0048645     1.55   0.122    -.0020195    .0170944
                              sent_avg_bing |  -.0000753   .0010951    -0.07   0.945    -.0022267     .002076
                        sent_pos_share_bing |   .0138254   .0130123     1.06   0.289    -.0117386    .0393894
                        sent_neg_share_bing |   .0267139   .0152021     1.76   0.079    -.0031522    .0565799
                          ln_lag_volumn_acc |    .032044   .0073688     4.35   0.000     .0175673    .0465208
                         lag_avg_rating_acc |   .0357254   .0298121     1.20   0.231    -.0228437    .0942945
                                 lag_sd_acc |  -.0034509   .0350632    -0.10   0.922    -.0723364    .0654346
                          ln_avg_com_RevPAR |   .1342627   .0160449     8.37   0.000     .1027408    .1657847
                   lnRevenue_lag_month_w199 |   .4032237   .0206278    19.55   0.000     .3626981    .4437493
                                      _cons |   1.574381   .1609695     9.78   0.000     1.258139    1.890623
-------------------------------------------------------------------------------------------------------------

Absorbed degrees of freedom:
------------------------------------------------------+
  Absorbed FE | Categories  - Redundant  = Num. Coefs |
--------------+---------------------------------------|
 hotel_id_num |       513         513           0    *|
           ym |       119           1         118     |
------------------------------------------------------+
* = FE nested within cluster; treated as redundant for DoF computation
(dropped 15 singleton observations)
(MWFE estimator converged in 7 iterations)

HDFE Linear regression                            Number of obs   =     22,092
Absorbing 2 HDFE groups                           F(  16,    512) =      63.89
Statistics robust to heteroskedasticity           Prob > F        =     0.0000
                                                  R-squared       =     0.8921
                                                  Adj R-squared   =     0.8888
                                                  Within R-sq.    =     0.2930
Number of clusters (hotel_id_num) =        513    Root MSE        =     0.2032

                                                (Std. err. adjusted for 513 clusters in hotel_id_num)
-----------------------------------------------------------------------------------------------------
                                    |               Robust
             lnRevenue_current_w199 | Coefficient  std. err.      t    P>|t|     [95% conf. interval]
------------------------------------+----------------------------------------------------------------
                        ars_pool_ev |  -.1094627   .0514558    -2.13   0.034    -.2105532   -.0083723
                pmr_text_manager_zf |  -.0099236   .0221552    -0.45   0.654    -.0534499    .0336027
                                    |
c.ars_pool_ev#c.pmr_text_manager_zf |   .0651989   .0644262     1.01   0.312    -.0613732    .1917711
                                    |
                            pmr_any |   -.009021   .0111471    -0.81   0.419    -.0309206    .0128786
                 ev_ln_review_count |   .0463199   .0047495     9.75   0.000     .0369889    .0556509
                     ev_mean_rating |   .0015744    .003871     0.41   0.684    -.0060306    .0091794
                       ev_sd_rating |   .0022266   .0036058     0.62   0.537    -.0048573    .0093106
              ev_ln_mean_text_chars |    .007528   .0048623     1.55   0.122    -.0020244    .0170805
                      sent_avg_bing |  -.0000682   .0010953    -0.06   0.950      -.00222    .0020836
                sent_pos_share_bing |   .0138401   .0130223     1.06   0.288    -.0117436    .0394237
                sent_neg_share_bing |   .0269797   .0152102     1.77   0.077    -.0029023    .0568618
                  ln_lag_volumn_acc |   .0322131   .0073528     4.38   0.000     .0177677    .0466585
                 lag_avg_rating_acc |   .0358108   .0297505     1.20   0.229    -.0226372    .0942588
                         lag_sd_acc |   -.003085   .0350761    -0.09   0.930    -.0719958    .0658257
                  ln_avg_com_RevPAR |   .1343722   .0160328     8.38   0.000     .1028741    .1658704
           lnRevenue_lag_month_w199 |   .4032192   .0206207    19.55   0.000     .3627076    .4437307
                              _cons |   1.570842    .160455     9.79   0.000     1.255611    1.886073
-----------------------------------------------------------------------------------------------------

Absorbed degrees of freedom:
------------------------------------------------------+
  Absorbed FE | Categories  - Redundant  = Num. Coefs |
--------------+---------------------------------------|
 hotel_id_num |       513         513           0    *|
           ym |       119           1         118     |
------------------------------------------------------+
* = FE nested within cluster; treated as redundant for DoF computation
(dropped 15 singleton observations)
(MWFE estimator converged in 7 iterations)

HDFE Linear regression                            Number of obs   =     22,092
Absorbing 2 HDFE groups                           F(  16,    512) =      64.86
Statistics robust to heteroskedasticity           Prob > F        =     0.0000
                                                  R-squared       =     0.8921
                                                  Adj R-squared   =     0.8888
                                                  Within R-sq.    =     0.2930
Number of clusters (hotel_id_num) =        513    Root MSE        =     0.2032

                                                 (Std. err. adjusted for 513 clusters in hotel_id_num)
------------------------------------------------------------------------------------------------------
                                     |               Robust
              lnRevenue_current_w199 | Coefficient  std. err.      t    P>|t|     [95% conf. interval]
-------------------------------------+----------------------------------------------------------------
                         ars_pool_ev |  -.0676859   .0400389    -1.69   0.092    -.1463465    .0109748
                pmr_text_template_zf |   .0261178   .0354219     0.74   0.461    -.0434723     .095708
                                     |
c.ars_pool_ev#c.pmr_text_template_zf |   -.108932   .1201855    -0.91   0.365    -.3450494    .1271855
                                     |
                             pmr_any |   .0009084   .0050855     0.18   0.858    -.0090826    .0108994
                  ev_ln_review_count |   .0466135   .0047637     9.79   0.000     .0372548    .0559723
                      ev_mean_rating |   .0016585   .0038743     0.43   0.669     -.005953      .00927
                        ev_sd_rating |    .002296   .0036061     0.64   0.525    -.0047886    .0093807
               ev_ln_mean_text_chars |    .007391    .004873     1.52   0.130    -.0021827    .0169646
                       sent_avg_bing |  -.0000716   .0010945    -0.07   0.948    -.0022219    .0020787
                 sent_pos_share_bing |   .0141338   .0129864     1.09   0.277    -.0113793    .0396469
                 sent_neg_share_bing |   .0274165   .0152028     1.80   0.072    -.0024511     .057284
                   ln_lag_volumn_acc |   .0321256   .0073622     4.36   0.000     .0176619    .0465894
                  lag_avg_rating_acc |   .0362608   .0298028     1.22   0.224    -.0222901    .0948116
                          lag_sd_acc |  -.0035336   .0350974    -0.10   0.920    -.0724862     .065419
                   ln_avg_com_RevPAR |   .1340624   .0160379     8.36   0.000     .1025542    .1655705
            lnRevenue_lag_month_w199 |   .4031134   .0206224    19.55   0.000     .3625985    .4436283
                               _cons |   1.559026   .1604858     9.71   0.000     1.243734    1.874317
------------------------------------------------------------------------------------------------------

Absorbed degrees of freedom:
------------------------------------------------------+
  Absorbed FE | Categories  - Redundant  = Num. Coefs |
--------------+---------------------------------------|
 hotel_id_num |       513         513           0    *|
           ym |       119           1         118     |
------------------------------------------------------+
* = FE nested within cluster; treated as redundant for DoF computation
(dropped 16 singleton observations)
(MWFE estimator converged in 7 iterations)

HDFE Linear regression                            Number of obs   =     22,295
Absorbing 2 HDFE groups                           F(   9,    514) =     594.53
Statistics robust to heteroskedasticity           Prob > F        =     0.0000
                                                  R-squared       =     0.4877
                                                  Adj R-squared   =     0.4726
                                                  Within R-sq.    =     0.2978
Number of clusters (hotel_id_num) =        515    Root MSE        =     0.0390

                                  (Std. err. adjusted for 515 clusters in hotel_id_num)
---------------------------------------------------------------------------------------
                      |               Robust
next_event_ars_pool~v | Coefficient  std. err.      t    P>|t|     [95% conf. interval]
----------------------+----------------------------------------------------------------
          ars_pool_ev |   .3626033   .0102743    35.29   0.000     .3424185     .382788
   ev_ln_review_count |   .0068112   .0007603     8.96   0.000     .0053175     .008305
       ev_mean_rating |    .000199    .000773     0.26   0.797    -.0013197    .0017176
         ev_sd_rating |  -.0097076   .0007119   -13.64   0.000    -.0111062   -.0083089
ev_ln_mean_text_chars |  -.0277605    .001042   -26.64   0.000    -.0298075   -.0257134
        sent_avg_bing |   .0009441    .000222     4.25   0.000      .000508    .0013803
    ln_lag_volumn_acc |  -.0005379   .0008233    -0.65   0.514    -.0021553    .0010794
   lag_avg_rating_acc |  -.0009782   .0038346    -0.26   0.799    -.0085116    .0065552
           lag_sd_acc |   .0083157   .0042009     1.98   0.048     .0000627    .0165687
                _cons |   .3503957   .0207874    16.86   0.000      .309557    .3912344
---------------------------------------------------------------------------------------

Absorbed degrees of freedom:
------------------------------------------------------+
  Absorbed FE | Categories  - Redundant  = Num. Coefs |
--------------+---------------------------------------|
 hotel_id_num |       515         515           0    *|
           ym |       118           1         117     |
------------------------------------------------------+
* = FE nested within cluster; treated as redundant for DoF computation
(dropped 16 singleton observations)
(MWFE estimator converged in 7 iterations)

HDFE Linear regression                            Number of obs   =     22,301
Absorbing 2 HDFE groups                           F(   9,    514) =      12.24
Statistics robust to heteroskedasticity           Prob > F        =     0.0000
                                                  R-squared       =     0.2012
                                                  Adj R-squared   =     0.1776
                                                  Within R-sq.    =     0.0082
Number of clusters (hotel_id_num) =        515    Root MSE        =   272.2434

                                  (Std. err. adjusted for 515 clusters in hotel_id_num)
---------------------------------------------------------------------------------------
                      |               Robust
next_event_mean_tex~s | Coefficient  std. err.      t    P>|t|     [95% conf. interval]
----------------------+----------------------------------------------------------------
          ars_pool_ev |  -121.9231   57.51167    -2.12   0.034      -234.91   -8.936251
   ev_ln_review_count |  -43.19933   5.095056    -8.48   0.000    -53.20903   -33.18964
       ev_mean_rating |  -7.435185   4.888003    -1.52   0.129    -17.03811    2.167737
         ev_sd_rating |  -2.484358   4.672847    -0.53   0.595    -11.66459     6.69587
ev_ln_mean_text_chars |   21.47904   7.243778     2.97   0.003     7.247983    35.71009
        sent_avg_bing |    1.05659    1.44237     0.73   0.464    -1.777077    3.890256
    ln_lag_volumn_acc |  -12.45277   6.496218    -1.92   0.056    -25.21518     .309632
   lag_avg_rating_acc |   11.73445   26.61605     0.44   0.659    -40.55518    64.02409
           lag_sd_acc |   9.285841   33.49608     0.28   0.782    -56.52022    75.09191
                _cons |   561.7917   147.6961     3.80   0.000     271.6295    851.9539
---------------------------------------------------------------------------------------

Absorbed degrees of freedom:
------------------------------------------------------+
  Absorbed FE | Categories  - Redundant  = Num. Coefs |
--------------+---------------------------------------|
 hotel_id_num |       515         515           0    *|
           ym |       118           1         117     |
------------------------------------------------------+
* = FE nested within cluster; treated as redundant for DoF computation
(dropped 14 singleton observations)
(MWFE estimator converged in 7 iterations)

HDFE Linear regression                            Number of obs   =     21,354
Absorbing 2 HDFE groups                           F(  18,    510) =      55.57
Statistics robust to heteroskedasticity           Prob > F        =     0.0000
                                                  R-squared       =     0.8928
                                                  Adj R-squared   =     0.8894
                                                  Within R-sq.    =     0.2889
Number of clusters (hotel_id_num) =        511    Root MSE        =     0.2019

                                                    (Std. err. adjusted for 511 clusters in hotel_id_num)
---------------------------------------------------------------------------------------------------------
                                        |               Robust
                 lnRevenue_current_w199 | Coefficient  std. err.      t    P>|t|     [95% conf. interval]
----------------------------------------+----------------------------------------------------------------
                            ars_pool_ev |  -.0720732   .0457668    -1.57   0.116    -.1619879    .0178416
                pmr_target_complaint_zf |   .0124921   .0330066     0.38   0.705    -.0523535    .0773377
                                        |
c.ars_pool_ev#c.pmr_target_complaint_zf |  -.0586045   .1138122    -0.51   0.607     -.282203    .1649941
                                        |
                                pmr_any |  -.0018975   .0060671    -0.31   0.755    -.0138171    .0100221
                         pmr_activity_n |  -.0004303   .0001945    -2.21   0.027    -.0008123   -.0000482
                       pmr_cohort_rate7 |   .0069246   .0066791     1.04   0.300    -.0061973    .0200465
                     ev_ln_review_count |   .0468461   .0047086     9.95   0.000     .0375954    .0560968
                         ev_mean_rating |   .0008783   .0039629     0.22   0.825    -.0069073    .0086639
                           ev_sd_rating |   .0021199   .0036432     0.58   0.561    -.0050376    .0092773
                  ev_ln_mean_text_chars |    .007541   .0050779     1.49   0.138    -.0024353    .0175173
                          sent_avg_bing |  -.0000427   .0011388    -0.04   0.970    -.0022799    .0021945
                    sent_pos_share_bing |    .014826   .0133751     1.11   0.268    -.0114511    .0411031
                    sent_neg_share_bing |   .0291042   .0158984     1.83   0.068    -.0021302    .0603386
                      ln_lag_volumn_acc |   .0389521   .0078797     4.94   0.000     .0234715    .0544327
                     lag_avg_rating_acc |   .0492073   .0305036     1.61   0.107    -.0107208    .1091354
                             lag_sd_acc |   .0065066   .0391213     0.17   0.868    -.0703522    .0833654
                      ln_avg_com_RevPAR |    .134508   .0163226     8.24   0.000     .1024401    .1665759
               lnRevenue_lag_month_w199 |   .4045982   .0211823    19.10   0.000     .3629829    .4462134
                                  _cons |   1.455683   .1662691     8.75   0.000     1.129026     1.78234
---------------------------------------------------------------------------------------------------------

Absorbed degrees of freedom:
------------------------------------------------------+
  Absorbed FE | Categories  - Redundant  = Num. Coefs |
--------------+---------------------------------------|
 hotel_id_num |       511         511           0    *|
           ym |       119           1         118     |
------------------------------------------------------+
* = FE nested within cluster; treated as redundant for DoF computation
(dropped 14 singleton observations)
(MWFE estimator converged in 7 iterations)

HDFE Linear regression                            Number of obs   =     21,354
Absorbing 2 HDFE groups                           F(  18,    510) =      55.99
Statistics robust to heteroskedasticity           Prob > F        =     0.0000
                                                  R-squared       =     0.8928
                                                  Adj R-squared   =     0.8894
                                                  Within R-sq.    =     0.2888
Number of clusters (hotel_id_num) =        511    Root MSE        =     0.2019

                                                  (Std. err. adjusted for 511 clusters in hotel_id_num)
-------------------------------------------------------------------------------------------------------
                                      |               Robust
               lnRevenue_current_w199 | Coefficient  std. err.      t    P>|t|     [95% conf. interval]
--------------------------------------+----------------------------------------------------------------
                          ars_pool_ev |  -.0908193     .05069    -1.79   0.074    -.1904062    .0087677
                pmr_target_service_zf |  -.0098269   .0232301    -0.42   0.672    -.0554653    .0358115
                                      |
c.ars_pool_ev#c.pmr_target_service_zf |   .0383432    .079331     0.48   0.629    -.1175125    .1941989
                                      |
                              pmr_any |   -.004221   .0073935    -0.57   0.568    -.0187466    .0103045
                       pmr_activity_n |  -.0004281   .0001933    -2.22   0.027    -.0008078   -.0000484
                     pmr_cohort_rate7 |   .0073322   .0067432     1.09   0.277    -.0059156      .02058
                   ev_ln_review_count |   .0467511   .0047126     9.92   0.000     .0374925    .0560096
                       ev_mean_rating |    .000879   .0039592     0.22   0.824    -.0068993    .0086573
                         ev_sd_rating |    .002122   .0036447     0.58   0.561    -.0050386    .0092825
                ev_ln_mean_text_chars |   .0076016   .0050707     1.50   0.134    -.0023605    .0175637
                        sent_avg_bing |  -.0000343   .0011389    -0.03   0.976    -.0022718    .0022031
                  sent_pos_share_bing |   .0146628   .0134084     1.09   0.275    -.0116797    .0410052
                  sent_neg_share_bing |   .0289406   .0158996     1.82   0.069    -.0022962    .0601774
                    ln_lag_volumn_acc |   .0388846   .0078893     4.93   0.000     .0233852    .0543841
                   lag_avg_rating_acc |   .0492466   .0304953     1.61   0.107    -.0106653    .1091585
                           lag_sd_acc |   .0065341   .0391514     0.17   0.868    -.0703838    .0834519
                    ln_avg_com_RevPAR |   .1345852   .0163366     8.24   0.000     .1024899    .1666806
             lnRevenue_lag_month_w199 |   .4046312   .0211694    19.11   0.000     .3630413    .4462212
                                _cons |   1.460887   .1668931     8.75   0.000     1.133005     1.78877
-------------------------------------------------------------------------------------------------------

Absorbed degrees of freedom:
------------------------------------------------------+
  Absorbed FE | Categories  - Redundant  = Num. Coefs |
--------------+---------------------------------------|
 hotel_id_num |       511         511           0    *|
           ym |       119           1         118     |
------------------------------------------------------+
* = FE nested within cluster; treated as redundant for DoF computation
(dropped 14 singleton observations)
(MWFE estimator converged in 7 iterations)

HDFE Linear regression                            Number of obs   =     21,354
Absorbing 2 HDFE groups                           F(  18,    510) =      57.45
Statistics robust to heteroskedasticity           Prob > F        =     0.0000
                                                  R-squared       =     0.8928
                                                  Adj R-squared   =     0.8894
                                                  Within R-sq.    =     0.2888
Number of clusters (hotel_id_num) =        511    Root MSE        =     0.2019

                                               (Std. err. adjusted for 511 clusters in hotel_id_num)
----------------------------------------------------------------------------------------------------
                                   |               Robust
            lnRevenue_current_w199 | Coefficient  std. err.      t    P>|t|     [95% conf. interval]
-----------------------------------+----------------------------------------------------------------
                       ars_pool_ev |   -.088484   .0538745    -1.64   0.101    -.1943273    .0173593
                pmr_target_room_zf |  -.0105012   .0221318    -0.47   0.635     -.053982    .0329796
                                   |
c.ars_pool_ev#c.pmr_target_room_zf |   .0279276   .0767425     0.36   0.716    -.1228427    .1786979
                                   |
                           pmr_any |  -.0015505   .0078253    -0.20   0.843    -.0169244    .0138233
                    pmr_activity_n |   -.000429   .0001933    -2.22   0.027    -.0008089   -.0000492
                  pmr_cohort_rate7 |   .0073211    .006743     1.09   0.278    -.0059264    .0205687
                ev_ln_review_count |   .0467564   .0047124     9.92   0.000     .0374984    .0560145
                    ev_mean_rating |   .0008901   .0039637     0.22   0.822    -.0068971    .0086774
                      ev_sd_rating |   .0021117   .0036533     0.58   0.563    -.0050657    .0092891
             ev_ln_mean_text_chars |     .00761    .005069     1.50   0.134    -.0023487    .0175686
                     sent_avg_bing |  -.0000309   .0011396    -0.03   0.978    -.0022698    .0022081
               sent_pos_share_bing |   .0147007   .0133887     1.10   0.273    -.0116031    .0410045
               sent_neg_share_bing |   .0289857   .0158946     1.82   0.069    -.0022413    .0602128
                 ln_lag_volumn_acc |   .0388617   .0078831     4.93   0.000     .0233744     .054349
                lag_avg_rating_acc |   .0493202   .0305481     1.61   0.107    -.0106955    .1093359
                        lag_sd_acc |   .0066786    .039162     0.17   0.865    -.0702601    .0836173
                 ln_avg_com_RevPAR |    .134603   .0163283     8.24   0.000      .102524     .166682
          lnRevenue_lag_month_w199 |   .4046037   .0211672    19.11   0.000     .3630182    .4461893
                             _cons |   1.459771   .1670051     8.74   0.000     1.131668    1.787873
----------------------------------------------------------------------------------------------------

Absorbed degrees of freedom:
------------------------------------------------------+
  Absorbed FE | Categories  - Redundant  = Num. Coefs |
--------------+---------------------------------------|
 hotel_id_num |       511         511           0    *|
           ym |       119           1         118     |
------------------------------------------------------+
* = FE nested within cluster; treated as redundant for DoF computation
(dropped 14 singleton observations)
(MWFE estimator converged in 7 iterations)

HDFE Linear regression                            Number of obs   =     21,354
Absorbing 2 HDFE groups                           F(  18,    510) =      55.61
Statistics robust to heteroskedasticity           Prob > F        =     0.0000
                                                  R-squared       =     0.8928
                                                  Adj R-squared   =     0.8894
                                                  Within R-sq.    =     0.2888
Number of clusters (hotel_id_num) =        511    Root MSE        =     0.2019

                                                      (Std. err. adjusted for 511 clusters in hotel_id_num)
-----------------------------------------------------------------------------------------------------------
                                          |               Robust
                   lnRevenue_current_w199 | Coefficient  std. err.      t    P>|t|     [95% conf. interval]
------------------------------------------+----------------------------------------------------------------
                              ars_pool_ev |  -.0838877    .049721    -1.69   0.092    -.1815709    .0137956
                pmr_target_cleanliness_zf |   -.005415   .0282217    -0.19   0.848    -.0608601      .05003
                                          |
c.ars_pool_ev#c.pmr_target_cleanliness_zf |   .0267417   .0956797     0.28   0.780    -.1612332    .2147165
                                          |
                                  pmr_any |  -.0043638   .0058561    -0.75   0.457    -.0158687    .0071412
                           pmr_activity_n |  -.0004226   .0001927    -2.19   0.029    -.0008011    -.000044
                         pmr_cohort_rate7 |   .0072388   .0067515     1.07   0.284    -.0060255     .020503
                       ev_ln_review_count |   .0468346   .0047118     9.94   0.000     .0375776    .0560916
                           ev_mean_rating |    .000927   .0039665     0.23   0.815    -.0068657    .0087197
                             ev_sd_rating |   .0021124   .0036494     0.58   0.563    -.0050572    .0092821
                    ev_ln_mean_text_chars |   .0075994   .0050783     1.50   0.135    -.0023776    .0175765
                            sent_avg_bing |  -.0000412   .0011382    -0.04   0.971    -.0022774     .002195
                      sent_pos_share_bing |   .0147125   .0133697     1.10   0.272    -.0115538    .0409789
                      sent_neg_share_bing |   .0289905   .0158947     1.82   0.069    -.0022367    .0602178
                        ln_lag_volumn_acc |   .0388579   .0078759     4.93   0.000     .0233847    .0543312
                       lag_avg_rating_acc |   .0494716   .0304998     1.62   0.105    -.0104491    .1093923
                               lag_sd_acc |   .0066978     .03911     0.17   0.864    -.0701387    .0835342
                        ln_avg_com_RevPAR |   .1345765   .0163376     8.24   0.000     .1024793    .1666738
                 lnRevenue_lag_month_w199 |   .4045799   .0211821    19.10   0.000     .3629651    .4461948
                                    _cons |   1.457881   .1669577     8.73   0.000     1.129872    1.785891
-----------------------------------------------------------------------------------------------------------

Absorbed degrees of freedom:
------------------------------------------------------+
  Absorbed FE | Categories  - Redundant  = Num. Coefs |
--------------+---------------------------------------|
 hotel_id_num |       511         511           0    *|
           ym |       119           1         118     |
------------------------------------------------------+
* = FE nested within cluster; treated as redundant for DoF computation
(dropped 14 singleton observations)
(MWFE estimator converged in 7 iterations)

HDFE Linear regression                            Number of obs   =     21,354
Absorbing 2 HDFE groups                           F(  18,    510) =      56.10
Statistics robust to heteroskedasticity           Prob > F        =     0.0000
                                                  R-squared       =     0.8928
                                                  Adj R-squared   =     0.8894
                                                  Within R-sq.    =     0.2888
Number of clusters (hotel_id_num) =        511    Root MSE        =     0.2019

                                                (Std. err. adjusted for 511 clusters in hotel_id_num)
-----------------------------------------------------------------------------------------------------
                                    |               Robust
             lnRevenue_current_w199 | Coefficient  std. err.      t    P>|t|     [95% conf. interval]
------------------------------------+----------------------------------------------------------------
                        ars_pool_ev |  -.0787477   .0436744    -1.80   0.072    -.1645515    .0070561
                pmr_target_value_zf |  -.0013791   .0380752    -0.04   0.971    -.0761827    .0734245
                                    |
c.ars_pool_ev#c.pmr_target_value_zf |   .0183645   .1268824     0.14   0.885    -.2309119     .267641
                                    |
                            pmr_any |  -.0041834   .0056731    -0.74   0.461    -.0153288    .0069621
                     pmr_activity_n |  -.0004215   .0001929    -2.19   0.029    -.0008004   -.0000426
                   pmr_cohort_rate7 |     .00739    .006727     1.10   0.272     -.005826    .0206061
                 ev_ln_review_count |    .046857   .0047195     9.93   0.000      .037585     .056129
                     ev_mean_rating |    .000918   .0039621     0.23   0.817     -.006866     .008702
                       ev_sd_rating |   .0021263    .003649     0.58   0.560    -.0050426    .0092952
              ev_ln_mean_text_chars |   .0076125   .0050743     1.50   0.134    -.0023566    .0175816
                      sent_avg_bing |  -.0000366   .0011378    -0.03   0.974    -.0022719    .0021987
                sent_pos_share_bing |   .0147902   .0133711     1.11   0.269     -.011479    .0410595
                sent_neg_share_bing |   .0290322   .0158987     1.83   0.068    -.0022028    .0602671
                  ln_lag_volumn_acc |   .0389028   .0078788     4.94   0.000     .0234238    .0543818
                 lag_avg_rating_acc |   .0495186   .0304981     1.62   0.105    -.0103987     .109436
                         lag_sd_acc |   .0066365   .0390945     0.17   0.865    -.0701696    .0834425
                  ln_avg_com_RevPAR |   .1345523   .0163338     8.24   0.000     .1024625     .166642
           lnRevenue_lag_month_w199 |   .4045839   .0211685    19.11   0.000     .3629958    .4461721
                              _cons |    1.45588   .1662993     8.75   0.000     1.129164    1.782596
-----------------------------------------------------------------------------------------------------

Absorbed degrees of freedom:
------------------------------------------------------+
  Absorbed FE | Categories  - Redundant  = Num. Coefs |
--------------+---------------------------------------|
 hotel_id_num |       511         511           0    *|
           ym |       119           1         118     |
------------------------------------------------------+
* = FE nested within cluster; treated as redundant for DoF computation
(dropped 14 singleton observations)
(MWFE estimator converged in 7 iterations)

HDFE Linear regression                            Number of obs   =     21,354
Absorbing 2 HDFE groups                           F(  18,    510) =      56.14
Statistics robust to heteroskedasticity           Prob > F        =     0.0000
                                                  R-squared       =     0.8928
                                                  Adj R-squared   =     0.8895
                                                  Within R-sq.    =     0.2891
Number of clusters (hotel_id_num) =        511    Root MSE        =     0.2019

                                              (Std. err. adjusted for 511 clusters in hotel_id_num)
---------------------------------------------------------------------------------------------------
                                  |               Robust
           lnRevenue_current_w199 | Coefficient  std. err.      t    P>|t|     [95% conf. interval]
----------------------------------+----------------------------------------------------------------
                      ars_pool_ev |   -.110423   .0455892    -2.42   0.016    -.1999888   -.0208572
                pmr_target_low_zf |  -.0862615   .0381162    -2.26   0.024    -.1611456   -.0113773
                                  |
c.ars_pool_ev#c.pmr_target_low_zf |   .2659799    .136888     1.94   0.053    -.0029539    .5349137
                                  |
                          pmr_any |  -.0001865   .0060404    -0.03   0.975    -.0120537    .0116807
                   pmr_activity_n |  -.0004552   .0001953    -2.33   0.020    -.0008389   -.0000715
                 pmr_cohort_rate7 |   .0062978   .0067835     0.93   0.354    -.0070292    .0196247
               ev_ln_review_count |   .0466169    .004705     9.91   0.000     .0373733    .0558605
                   ev_mean_rating |    .001096   .0039955     0.27   0.784    -.0067537    .0089457
                     ev_sd_rating |   .0022119   .0036599     0.60   0.546    -.0049784    .0094023
            ev_ln_mean_text_chars |   .0075084   .0050477     1.49   0.138    -.0024085    .0174253
                    sent_avg_bing |  -.0000901   .0011339    -0.08   0.937    -.0023178    .0021375
              sent_pos_share_bing |   .0148923   .0133791     1.11   0.266    -.0113927    .0411773
              sent_neg_share_bing |   .0281519   .0158261     1.78   0.076    -.0029404    .0592443
                ln_lag_volumn_acc |   .0389568   .0078793     4.94   0.000     .0234769    .0544367
               lag_avg_rating_acc |   .0484336   .0305894     1.58   0.114    -.0116631    .1085304
                       lag_sd_acc |   .0077517   .0392205     0.20   0.843     -.069302    .0848054
                ln_avg_com_RevPAR |   .1344865   .0163154     8.24   0.000     .1024329    .1665401
         lnRevenue_lag_month_w199 |   .4044637   .0211824    19.09   0.000     .3628483    .4460791
                            _cons |   1.469324   .1661734     8.84   0.000     1.142856    1.795793
---------------------------------------------------------------------------------------------------

Absorbed degrees of freedom:
------------------------------------------------------+
  Absorbed FE | Categories  - Redundant  = Num. Coefs |
--------------+---------------------------------------|
 hotel_id_num |       511         511           0    *|
           ym |       119           1         118     |
------------------------------------------------------+
* = FE nested within cluster; treated as redundant for DoF computation

. estimates table M01_ars_cross_ev M01_ars_pool_ev, b(%9.4f) se stats(N r2_a)

--------------------------------------
    Variable | M01_ars~v   M01_ars~v  
-------------+------------------------
ars_cross_ev |   -0.0461              
             |    0.0316              
ev_ln_revi~t |    0.0448      0.0465  
             |    0.0048      0.0048  
ev_mean_ra~g |    0.0017      0.0017  
             |    0.0039      0.0039  
ev_sd_rating |    0.0020      0.0023  
             |    0.0036      0.0036  
ev_ln_mean~s |    0.0094      0.0075  
             |    0.0047      0.0049  
sent_avg_b~g |   -0.0002     -0.0001  
             |    0.0011      0.0011  
sent_pos_s~g |    0.0148      0.0141  
             |    0.0131      0.0130  
sent_neg_s~g |    0.0282      0.0271  
             |    0.0151      0.0152  
ln_lag_vol~c |    0.0336      0.0321  
             |    0.0076      0.0074  
lag_avg_ra~c |    0.0391      0.0362  
             |    0.0302      0.0299  
  lag_sd_acc |   -0.0012     -0.0037  
             |    0.0378      0.0351  
ln_avg_com~R |    0.1334      0.1342  
             |    0.0160      0.0160  
lnRev~h_w199 |    0.4075      0.4031  
             |    0.0208      0.0206  
 ars_pool_ev |               -0.0784  
             |                0.0398  
       _cons |    1.5058      1.5617  
             |    0.1634      0.1602  
-------------+------------------------
           N |     21926       22092  
        r2_a |    0.8892      0.8888  
--------------------------------------
                          Legend: b/se

. log close
      name:  <unnamed>
       log:  /Users/samxie/Research/ReviewSimi_Sales/Code/stata-log/run_event_month_full_replication_260710.log
  log type:  text
 closed on:  25 Jul 2026, 04:04:23
---------------------------------------------------------------------------------------------------------------------------------------------------------------------------------------------------------------------------------------------------------------

. 
end of do-file
