---------------------------------------------------------------------------------------------------------------------------------------------------------------------------------------------------------------------------------------------------------------
      name:  <unnamed>
       log:  /Users/samxie/Research/ReviewSimi_Sales/Code/stata-log/run_event_month_pool_gt100_engagement_style_260711.log
  log type:  text
 opened on:  12 Jul 2026, 18:00:08

. estimates clear

. 
. * G1-G8 coverage, rate, effort, and response speed.
. reghdfe ln_RevPAR_clean_w199 c.sim_mean##i.lag_mr_any ln_recent_volumn recent_rating recent_sd ln_lag_volumn_acc lag_avg_rating_acc lag_sd_acc ln_avg_com_RevPAR ln_lag_RevPAR_clean_w199 if !missing(sim_mean, lag_mr_any), absorb(hotel_id_num ym) vce(clus
> ter hotel_id_num)
(dropped 2 singleton observations)
(MWFE estimator converged in 7 iterations)

HDFE Linear regression                            Number of obs   =     33,317
Absorbing 2 HDFE groups                           F(  11,    555) =     121.30
Statistics robust to heteroskedasticity           Prob > F        =     0.0000
                                                  R-squared       =     0.8777
                                                  Adj R-squared   =     0.8750
                                                  Within R-sq.    =     0.3041
Number of clusters (hotel_id_num) =        556    Root MSE        =     0.2290

                                     (Std. err. adjusted for 556 clusters in hotel_id_num)
------------------------------------------------------------------------------------------
                         |               Robust
    ln_RevPAR_clean_w199 | Coefficient  std. err.      t    P>|t|     [95% conf. interval]
-------------------------+----------------------------------------------------------------
                sim_mean |  -.0803476    .031073    -2.59   0.010    -.1413826   -.0193126
            1.lag_mr_any |   .0032978   .0145956     0.23   0.821    -.0253716    .0319671
                         |
   lag_mr_any#c.sim_mean |
                      1  |   .0048993   .0482614     0.10   0.919     -.089898    .0996966
                         |
        ln_recent_volumn |   .0777183   .0086623     8.97   0.000     .0607035    .0947331
           recent_rating |   .0206405   .0059826     3.45   0.001     .0088892    .0323919
               recent_sd |   .0022849   .0074339     0.31   0.759    -.0123172     .016887
       ln_lag_volumn_acc |   .0279615   .0071195     3.93   0.000     .0139769     .041946
      lag_avg_rating_acc |   .0041081   .0277599     0.15   0.882    -.0504191    .0586354
              lag_sd_acc |  -.0135938   .0344026    -0.40   0.693     -.081169    .0539814
       ln_avg_com_RevPAR |   .1202385   .0119953    10.02   0.000     .0966769    .1438002
ln_lag_RevPAR_clean_w199 |   .4395773   .0177378    24.78   0.000     .4047359    .4744187
                   _cons |   1.449288   .1501691     9.65   0.000     1.154318    1.744257
------------------------------------------------------------------------------------------

Absorbed degrees of freedom:
------------------------------------------------------+
  Absorbed FE | Categories  - Redundant  = Num. Coefs |
--------------+---------------------------------------|
 hotel_id_num |       556         556           0    *|
           ym |       135           1         134     |
------------------------------------------------------+
* = FE nested within cluster; treated as redundant for DoF computation

. estimates store G1_any

. reghdfe ln_RevPAR_clean_w199 c.sim_mean##c.lag_mr_quick7_share lag_mr_any ln_recent_volumn recent_rating recent_sd ln_lag_volumn_acc lag_avg_rating_acc lag_sd_acc ln_avg_com_RevPAR ln_lag_RevPAR_clean_w199 if !missing(sim_mean, lag_mr_quick7_share), abs
> orb(hotel_id_num ym) vce(cluster hotel_id_num)
(dropped 2 singleton observations)
(MWFE estimator converged in 7 iterations)

HDFE Linear regression                            Number of obs   =     33,317
Absorbing 2 HDFE groups                           F(  12,    555) =     111.65
Statistics robust to heteroskedasticity           Prob > F        =     0.0000
                                                  R-squared       =     0.8777
                                                  Adj R-squared   =     0.8751
                                                  Within R-sq.    =     0.3041
Number of clusters (hotel_id_num) =        556    Root MSE        =     0.2290

                                             (Std. err. adjusted for 556 clusters in hotel_id_num)
--------------------------------------------------------------------------------------------------
                                 |               Robust
            ln_RevPAR_clean_w199 | Coefficient  std. err.      t    P>|t|     [95% conf. interval]
---------------------------------+----------------------------------------------------------------
                        sim_mean |  -.0743386    .030178    -2.46   0.014    -.1336157   -.0150616
             lag_mr_quick7_share |    .011068   .0169587     0.65   0.514    -.0222431    .0443791
                                 |
c.sim_mean#c.lag_mr_quick7_share |  -.0148126   .0544145    -0.27   0.786    -.1216961     .092071
                                 |
                      lag_mr_any |  -.0001268   .0061425    -0.02   0.984    -.0121922    .0119386
                ln_recent_volumn |   .0775558   .0086656     8.95   0.000     .0605343    .0945772
                   recent_rating |   .0205759   .0059813     3.44   0.001     .0088271    .0323247
                       recent_sd |   .0022032   .0074361     0.30   0.767    -.0124031    .0168095
               ln_lag_volumn_acc |   .0279438   .0071198     3.92   0.000     .0139587    .0419289
              lag_avg_rating_acc |   .0042915   .0277351     0.15   0.877    -.0501871      .05877
                      lag_sd_acc |  -.0135181   .0343951    -0.39   0.694    -.0810786    .0540424
               ln_avg_com_RevPAR |   .1202463   .0119882    10.03   0.000     .0966986    .1437941
        ln_lag_RevPAR_clean_w199 |   .4394962    .017743    24.77   0.000     .4046445    .4743479
                           _cons |   1.447754   .1500459     9.65   0.000     1.153027    1.742482
--------------------------------------------------------------------------------------------------

Absorbed degrees of freedom:
------------------------------------------------------+
  Absorbed FE | Categories  - Redundant  = Num. Coefs |
--------------+---------------------------------------|
 hotel_id_num |       556         556           0    *|
           ym |       135           1         134     |
------------------------------------------------------+
* = FE nested within cluster; treated as redundant for DoF computation

. estimates store G2_rate7

. reghdfe ln_RevPAR_clean_w199 c.sim_mean##c.lag_mr_count ln_recent_volumn recent_rating recent_sd ln_lag_volumn_acc lag_avg_rating_acc lag_sd_acc ln_avg_com_RevPAR ln_lag_RevPAR_clean_w199 if !missing(sim_mean, lag_mr_count), absorb(hotel_id_num ym) vce(
> cluster hotel_id_num)
(dropped 2 singleton observations)
(MWFE estimator converged in 7 iterations)

HDFE Linear regression                            Number of obs   =     33,317
Absorbing 2 HDFE groups                           F(  11,    555) =     117.61
Statistics robust to heteroskedasticity           Prob > F        =     0.0000
                                                  R-squared       =     0.8777
                                                  Adj R-squared   =     0.8751
                                                  Within R-sq.    =     0.3041
Number of clusters (hotel_id_num) =        556    Root MSE        =     0.2290

                                      (Std. err. adjusted for 556 clusters in hotel_id_num)
-------------------------------------------------------------------------------------------
                          |               Robust
     ln_RevPAR_clean_w199 | Coefficient  std. err.      t    P>|t|     [95% conf. interval]
--------------------------+----------------------------------------------------------------
                 sim_mean |  -.0708724   .0253087    -2.80   0.005    -.1205849   -.0211598
             lag_mr_count |   .0017294   .0016618     1.04   0.298    -.0015348    .0049936
                          |
c.sim_mean#c.lag_mr_count |   -.006647   .0050926    -1.31   0.192    -.0166501    .0033561
                          |
         ln_recent_volumn |   .0811833   .0085657     9.48   0.000     .0643582    .0980085
            recent_rating |   .0208736   .0059766     3.49   0.001     .0091342    .0326131
                recent_sd |    .001935   .0074354     0.26   0.795      -.01267      .01654
        ln_lag_volumn_acc |   .0281879   .0070963     3.97   0.000      .014249    .0421267
       lag_avg_rating_acc |   .0035702   .0277602     0.13   0.898    -.0509578    .0580982
               lag_sd_acc |  -.0136904   .0344014    -0.40   0.691    -.0812632    .0538824
        ln_avg_com_RevPAR |   .1202194   .0119911    10.03   0.000     .0966659    .1437728
 ln_lag_RevPAR_clean_w199 |   .4398241   .0176979    24.85   0.000     .4050611    .4745871
                    _cons |   1.439877   .1501672     9.59   0.000     1.144911    1.734843
-------------------------------------------------------------------------------------------

Absorbed degrees of freedom:
------------------------------------------------------+
  Absorbed FE | Categories  - Redundant  = Num. Coefs |
--------------+---------------------------------------|
 hotel_id_num |       556         556           0    *|
           ym |       135           1         134     |
------------------------------------------------------+
* = FE nested within cluster; treated as redundant for DoF computation

. estimates store G3_count

. reghdfe ln_RevPAR_clean_w199 c.sim_mean##c.ln_lag_mr_words lag_mr_any ln_recent_volumn recent_rating recent_sd ln_lag_volumn_acc lag_avg_rating_acc lag_sd_acc ln_avg_com_RevPAR ln_lag_RevPAR_clean_w199 if !missing(sim_mean, ln_lag_mr_words), absorb(hote
> l_id_num ym) vce(cluster hotel_id_num)
(dropped 2 singleton observations)
(MWFE estimator converged in 7 iterations)

HDFE Linear regression                            Number of obs   =     33,317
Absorbing 2 HDFE groups                           F(  12,    555) =     113.29
Statistics robust to heteroskedasticity           Prob > F        =     0.0000
                                                  R-squared       =     0.8777
                                                  Adj R-squared   =     0.8751
                                                  Within R-sq.    =     0.3041
Number of clusters (hotel_id_num) =        556    Root MSE        =     0.2290

                                         (Std. err. adjusted for 556 clusters in hotel_id_num)
----------------------------------------------------------------------------------------------
                             |               Robust
        ln_RevPAR_clean_w199 | Coefficient  std. err.      t    P>|t|     [95% conf. interval]
-----------------------------+----------------------------------------------------------------
                    sim_mean |  -.0752161   .0303414    -2.48   0.013    -.1348142   -.0156181
             ln_lag_mr_words |  -.0031362    .003781    -0.83   0.407     -.010563    .0042907
                             |
c.sim_mean#c.ln_lag_mr_words |  -.0021969   .0094876    -0.23   0.817    -.0208329    .0164391
                             |
                  lag_mr_any |   .0245144   .0127086     1.93   0.054    -.0004485    .0494773
            ln_recent_volumn |   .0801997   .0085216     9.41   0.000     .0634611    .0969383
               recent_rating |   .0205591   .0059786     3.44   0.001     .0088156    .0323025
                   recent_sd |   .0021335   .0074336     0.29   0.774     -.012468     .016735
           ln_lag_volumn_acc |   .0281084   .0071186     3.95   0.000     .0141256    .0420912
          lag_avg_rating_acc |   .0038208   .0277572     0.14   0.891    -.0507012    .0583429
                  lag_sd_acc |  -.0140434   .0344073    -0.41   0.683    -.0816279    .0535411
           ln_avg_com_RevPAR |   .1202755   .0119973    10.03   0.000     .0967098    .1438412
    ln_lag_RevPAR_clean_w199 |   .4398585   .0177302    24.81   0.000      .405032    .4746849
                       _cons |   1.441549    .150295     9.59   0.000     1.146333    1.736766
----------------------------------------------------------------------------------------------

Absorbed degrees of freedom:
------------------------------------------------------+
  Absorbed FE | Categories  - Redundant  = Num. Coefs |
--------------+---------------------------------------|
 hotel_id_num |       556         556           0    *|
           ym |       135           1         134     |
------------------------------------------------------+
* = FE nested within cluster; treated as redundant for DoF computation

. estimates store G4_words

. reghdfe ln_RevPAR_clean_w199 c.sim_mean##c.ln_lag_mr_avg_words lag_mr_any ln_recent_volumn recent_rating recent_sd ln_lag_volumn_acc lag_avg_rating_acc lag_sd_acc ln_avg_com_RevPAR ln_lag_RevPAR_clean_w199 if !missing(sim_mean, ln_lag_mr_avg_words), abs
> orb(hotel_id_num ym) vce(cluster hotel_id_num)
(dropped 2 singleton observations)
(MWFE estimator converged in 7 iterations)

HDFE Linear regression                            Number of obs   =     33,317
Absorbing 2 HDFE groups                           F(  12,    555) =     111.42
Statistics robust to heteroskedasticity           Prob > F        =     0.0000
                                                  R-squared       =     0.8777
                                                  Adj R-squared   =     0.8750
                                                  Within R-sq.    =     0.3041
Number of clusters (hotel_id_num) =        556    Root MSE        =     0.2291

                                             (Std. err. adjusted for 556 clusters in hotel_id_num)
--------------------------------------------------------------------------------------------------
                                 |               Robust
            ln_RevPAR_clean_w199 | Coefficient  std. err.      t    P>|t|     [95% conf. interval]
---------------------------------+----------------------------------------------------------------
                        sim_mean |  -.0806341   .0309546    -2.60   0.009    -.1414365   -.0198316
             ln_lag_mr_avg_words |   -.000117   .0058251    -0.02   0.984     -.011559     .011325
                                 |
c.sim_mean#c.ln_lag_mr_avg_words |   .0014265   .0114746     0.12   0.901    -.0211124    .0239654
                                 |
                      lag_mr_any |   .0034898   .0228195     0.15   0.879    -.0413333     .048313
                ln_recent_volumn |   .0777087    .008663     8.97   0.000     .0606923    .0947251
                   recent_rating |   .0206529   .0060079     3.44   0.001     .0088518    .0324539
                       recent_sd |   .0022814   .0074329     0.31   0.759    -.0123188    .0168815
               ln_lag_volumn_acc |   .0279543   .0071368     3.92   0.000     .0139359    .0419727
              lag_avg_rating_acc |   .0041213   .0277548     0.15   0.882    -.0503959    .0586386
                      lag_sd_acc |   -.013586   .0343954    -0.39   0.693    -.0811472    .0539751
               ln_avg_com_RevPAR |   .1202405   .0119955    10.02   0.000     .0966782    .1438027
        ln_lag_RevPAR_clean_w199 |   .4395772   .0177359    24.78   0.000     .4047395    .4744149
                           _cons |   1.449325   .1501473     9.65   0.000     1.154398    1.744251
--------------------------------------------------------------------------------------------------

Absorbed degrees of freedom:
------------------------------------------------------+
  Absorbed FE | Categories  - Redundant  = Num. Coefs |
--------------+---------------------------------------|
 hotel_id_num |       556         556           0    *|
           ym |       135           1         134     |
------------------------------------------------------+
* = FE nested within cluster; treated as redundant for DoF computation

. estimates store G5_avgwords

. reghdfe ln_RevPAR_clean_w199 c.sim_mean##c.lag_mr_quick7_share lag_mr_any ln_recent_volumn recent_rating recent_sd ln_lag_volumn_acc lag_avg_rating_acc lag_sd_acc ln_avg_com_RevPAR ln_lag_RevPAR_clean_w199 if !missing(sim_mean, lag_mr_quick7_share), abs
> orb(hotel_id_num ym) vce(cluster hotel_id_num)
(dropped 2 singleton observations)
(MWFE estimator converged in 7 iterations)

HDFE Linear regression                            Number of obs   =     33,317
Absorbing 2 HDFE groups                           F(  12,    555) =     111.65
Statistics robust to heteroskedasticity           Prob > F        =     0.0000
                                                  R-squared       =     0.8777
                                                  Adj R-squared   =     0.8751
                                                  Within R-sq.    =     0.3041
Number of clusters (hotel_id_num) =        556    Root MSE        =     0.2290

                                             (Std. err. adjusted for 556 clusters in hotel_id_num)
--------------------------------------------------------------------------------------------------
                                 |               Robust
            ln_RevPAR_clean_w199 | Coefficient  std. err.      t    P>|t|     [95% conf. interval]
---------------------------------+----------------------------------------------------------------
                        sim_mean |  -.0743386    .030178    -2.46   0.014    -.1336157   -.0150616
             lag_mr_quick7_share |    .011068   .0169587     0.65   0.514    -.0222431    .0443791
                                 |
c.sim_mean#c.lag_mr_quick7_share |  -.0148126   .0544145    -0.27   0.786    -.1216961     .092071
                                 |
                      lag_mr_any |  -.0001268   .0061425    -0.02   0.984    -.0121922    .0119386
                ln_recent_volumn |   .0775558   .0086656     8.95   0.000     .0605343    .0945772
                   recent_rating |   .0205759   .0059813     3.44   0.001     .0088271    .0323247
                       recent_sd |   .0022032   .0074361     0.30   0.767    -.0124031    .0168095
               ln_lag_volumn_acc |   .0279438   .0071198     3.92   0.000     .0139587    .0419289
              lag_avg_rating_acc |   .0042915   .0277351     0.15   0.877    -.0501871      .05877
                      lag_sd_acc |  -.0135181   .0343951    -0.39   0.694    -.0810786    .0540424
               ln_avg_com_RevPAR |   .1202463   .0119882    10.03   0.000     .0966986    .1437941
        ln_lag_RevPAR_clean_w199 |   .4394962    .017743    24.77   0.000     .4046445    .4743479
                           _cons |   1.447754   .1500459     9.65   0.000     1.153027    1.742482
--------------------------------------------------------------------------------------------------

Absorbed degrees of freedom:
------------------------------------------------------+
  Absorbed FE | Categories  - Redundant  = Num. Coefs |
--------------+---------------------------------------|
 hotel_id_num |       556         556           0    *|
           ym |       135           1         134     |
------------------------------------------------------+
* = FE nested within cluster; treated as redundant for DoF computation

. estimates store G6_quick7

. reghdfe ln_RevPAR_clean_w199 c.sim_mean##c.lag_mr_quick30_share lag_mr_any ln_recent_volumn recent_rating recent_sd ln_lag_volumn_acc lag_avg_rating_acc lag_sd_acc ln_avg_com_RevPAR ln_lag_RevPAR_clean_w199 if !missing(sim_mean, lag_mr_quick30_share), a
> bsorb(hotel_id_num ym) vce(cluster hotel_id_num)
(dropped 2 singleton observations)
(MWFE estimator converged in 7 iterations)

HDFE Linear regression                            Number of obs   =     33,317
Absorbing 2 HDFE groups                           F(  12,    555) =     111.04
Statistics robust to heteroskedasticity           Prob > F        =     0.0000
                                                  R-squared       =     0.8777
                                                  Adj R-squared   =     0.8751
                                                  Within R-sq.    =     0.3041
Number of clusters (hotel_id_num) =        556    Root MSE        =     0.2290

                                              (Std. err. adjusted for 556 clusters in hotel_id_num)
---------------------------------------------------------------------------------------------------
                                  |               Robust
             ln_RevPAR_clean_w199 | Coefficient  std. err.      t    P>|t|     [95% conf. interval]
----------------------------------+----------------------------------------------------------------
                         sim_mean |  -.0737214   .0306646    -2.40   0.017    -.1339544   -.0134885
             lag_mr_quick30_share |  -.0108466   .0178826    -0.61   0.544    -.0459723    .0242792
                                  |
c.sim_mean#c.lag_mr_quick30_share |   -.015579   .0484068    -0.32   0.748    -.1106621     .079504
                                  |
                       lag_mr_any |   .0190698   .0118375     1.61   0.108     -.004182    .0423215
                 ln_recent_volumn |   .0780836   .0086581     9.02   0.000     .0610769    .0950902
                    recent_rating |   .0206577   .0059788     3.46   0.001     .0089139    .0324015
                        recent_sd |   .0021349   .0074336     0.29   0.774    -.0124664    .0167363
                ln_lag_volumn_acc |   .0279531   .0071205     3.93   0.000     .0139666    .0419395
               lag_avg_rating_acc |    .004072   .0277615     0.15   0.883    -.0504583    .0586024
                       lag_sd_acc |  -.0134798   .0343981    -0.39   0.695    -.0810461    .0540865
                ln_avg_com_RevPAR |   .1202107   .0119983    10.02   0.000     .0966429    .1437784
         ln_lag_RevPAR_clean_w199 |    .439587   .0177435    24.77   0.000     .4047344    .4744397
                            _cons |   1.446773   .1501954     9.63   0.000     1.151752    1.741794
---------------------------------------------------------------------------------------------------

Absorbed degrees of freedom:
------------------------------------------------------+
  Absorbed FE | Categories  - Redundant  = Num. Coefs |
--------------+---------------------------------------|
 hotel_id_num |       556         556           0    *|
           ym |       135           1         134     |
------------------------------------------------------+
* = FE nested within cluster; treated as redundant for DoF computation

. estimates store G7_quick30

. reghdfe ln_RevPAR_clean_w199 c.sim_mean##c.lag_mr_avg_resp_days lag_mr_any ln_recent_volumn recent_rating recent_sd ln_lag_volumn_acc lag_avg_rating_acc lag_sd_acc ln_avg_com_RevPAR ln_lag_RevPAR_clean_w199 if !missing(sim_mean, lag_mr_avg_resp_days), a
> bsorb(hotel_id_num ym) vce(cluster hotel_id_num)
(dropped 2 singleton observations)
(MWFE estimator converged in 7 iterations)

HDFE Linear regression                            Number of obs   =     33,317
Absorbing 2 HDFE groups                           F(  12,    555) =     110.97
Statistics robust to heteroskedasticity           Prob > F        =     0.0000
                                                  R-squared       =     0.8777
                                                  Adj R-squared   =     0.8750
                                                  Within R-sq.    =     0.3041
Number of clusters (hotel_id_num) =        556    Root MSE        =     0.2291

                                              (Std. err. adjusted for 556 clusters in hotel_id_num)
---------------------------------------------------------------------------------------------------
                                  |               Robust
             ln_RevPAR_clean_w199 | Coefficient  std. err.      t    P>|t|     [95% conf. interval]
----------------------------------+----------------------------------------------------------------
                         sim_mean |  -.0795833   .0252522    -3.15   0.002    -.1291849   -.0299816
             lag_mr_avg_resp_days |  -.0000333   .0001053    -0.32   0.752    -.0002401    .0001736
                                  |
c.sim_mean#c.lag_mr_avg_resp_days |   .0001465   .0003189     0.46   0.646      -.00048     .000773
                                  |
                       lag_mr_any |   .0045251   .0046331     0.98   0.329    -.0045754    .0136257
                 ln_recent_volumn |   .0777926   .0086602     8.98   0.000     .0607818    .0948033
                    recent_rating |   .0206126   .0059705     3.45   0.001     .0088851    .0323401
                        recent_sd |   .0022196   .0074322     0.30   0.765    -.0123791    .0168183
                ln_lag_volumn_acc |   .0279691    .007121     3.93   0.000     .0139817    .0419566
               lag_avg_rating_acc |   .0041076   .0277532     0.15   0.882    -.0504066    .0586218
                       lag_sd_acc |  -.0136198   .0344116    -0.40   0.692    -.0812127    .0539731
                ln_avg_com_RevPAR |   .1202281   .0119926    10.03   0.000     .0966717    .1437846
         ln_lag_RevPAR_clean_w199 |   .4395627   .0177595    24.75   0.000     .4046788    .4744467
                            _cons |   1.449177   .1500272     9.66   0.000     1.154487    1.743868
---------------------------------------------------------------------------------------------------

Absorbed degrees of freedom:
------------------------------------------------------+
  Absorbed FE | Categories  - Redundant  = Num. Coefs |
--------------+---------------------------------------|
 hotel_id_num |       556         556           0    *|
           ym |       135           1         134     |
------------------------------------------------------+
* = FE nested within cluster; treated as redundant for DoF computation

. estimates store G8_speed

. 
. * G9-G16 response wording and manager identity.
. reghdfe ln_RevPAR_clean_w199 c.sim_mean##c.lag_mr_thanks_share lag_mr_any ln_recent_volumn recent_rating recent_sd ln_lag_volumn_acc lag_avg_rating_acc lag_sd_acc ln_avg_com_RevPAR ln_lag_RevPAR_clean_w199 if !missing(sim_mean, lag_mr_thanks_share), abs
> orb(hotel_id_num ym) vce(cluster hotel_id_num)
(dropped 2 singleton observations)
(MWFE estimator converged in 7 iterations)

HDFE Linear regression                            Number of obs   =     33,317
Absorbing 2 HDFE groups                           F(  12,    555) =     112.61
Statistics robust to heteroskedasticity           Prob > F        =     0.0000
                                                  R-squared       =     0.8777
                                                  Adj R-squared   =     0.8751
                                                  Within R-sq.    =     0.3043
Number of clusters (hotel_id_num) =        556    Root MSE        =     0.2290

                                             (Std. err. adjusted for 556 clusters in hotel_id_num)
--------------------------------------------------------------------------------------------------
                                 |               Robust
            ln_RevPAR_clean_w199 | Coefficient  std. err.      t    P>|t|     [95% conf. interval]
---------------------------------+----------------------------------------------------------------
                        sim_mean |  -.0798138   .0300979    -2.65   0.008    -.1389336   -.0206941
             lag_mr_thanks_share |   .0305541   .0180217     1.70   0.091    -.0048449    .0659531
                                 |
c.sim_mean#c.lag_mr_thanks_share |   .0030679   .0494513     0.06   0.951    -.0940667    .1002024
                                 |
                      lag_mr_any |  -.0237461   .0114285    -2.08   0.038    -.0461944   -.0012978
                ln_recent_volumn |   .0778088   .0086709     8.97   0.000      .060777    .0948406
                   recent_rating |   .0204455   .0059764     3.42   0.001     .0087063    .0321846
                       recent_sd |   .0026353   .0074194     0.36   0.723    -.0119381    .0172088
               ln_lag_volumn_acc |   .0279944   .0071348     3.92   0.000     .0139798    .0420089
              lag_avg_rating_acc |   .0037952   .0277445     0.14   0.891    -.0507019    .0582923
                      lag_sd_acc |  -.0135972    .034381    -0.40   0.693      -.08113    .0539356
               ln_avg_com_RevPAR |   .1202078   .0119856    10.03   0.000     .0966651    .1437504
        ln_lag_RevPAR_clean_w199 |   .4393867   .0176926    24.83   0.000     .4046342    .4741393
                           _cons |   1.451177   .1496874     9.69   0.000     1.157154      1.7452
--------------------------------------------------------------------------------------------------

Absorbed degrees of freedom:
------------------------------------------------------+
  Absorbed FE | Categories  - Redundant  = Num. Coefs |
--------------+---------------------------------------|
 hotel_id_num |       556         556           0    *|
           ym |       135           1         134     |
------------------------------------------------------+
* = FE nested within cluster; treated as redundant for DoF computation

. estimates store G9_thanks

. reghdfe ln_RevPAR_clean_w199 c.sim_mean##c.lag_mr_apology_share lag_mr_any ln_recent_volumn recent_rating recent_sd ln_lag_volumn_acc lag_avg_rating_acc lag_sd_acc ln_avg_com_RevPAR ln_lag_RevPAR_clean_w199 if !missing(sim_mean, lag_mr_apology_share), a
> bsorb(hotel_id_num ym) vce(cluster hotel_id_num)
(dropped 2 singleton observations)
(MWFE estimator converged in 7 iterations)

HDFE Linear regression                            Number of obs   =     33,317
Absorbing 2 HDFE groups                           F(  12,    555) =     110.43
Statistics robust to heteroskedasticity           Prob > F        =     0.0000
                                                  R-squared       =     0.8777
                                                  Adj R-squared   =     0.8751
                                                  Within R-sq.    =     0.3041
Number of clusters (hotel_id_num) =        556    Root MSE        =     0.2290

                                              (Std. err. adjusted for 556 clusters in hotel_id_num)
---------------------------------------------------------------------------------------------------
                                  |               Robust
             ln_RevPAR_clean_w199 | Coefficient  std. err.      t    P>|t|     [95% conf. interval]
----------------------------------+----------------------------------------------------------------
                         sim_mean |  -.0708395    .026247    -2.70   0.007    -.1223951   -.0192839
             lag_mr_apology_share |   .0334722    .027616     1.21   0.226    -.0207725     .087717
                                  |
c.sim_mean#c.lag_mr_apology_share |   -.121539    .094566    -1.29   0.199    -.3072901     .064212
                                  |
                       lag_mr_any |   .0048978    .004874     1.00   0.315     -.004676    .0144715
                 ln_recent_volumn |   .0778625   .0086563     8.99   0.000     .0608595    .0948655
                    recent_rating |   .0205797   .0060046     3.43   0.001     .0087851    .0323743
                        recent_sd |   .0023888   .0074377     0.32   0.748    -.0122208    .0169984
                ln_lag_volumn_acc |   .0280038   .0071338     3.93   0.000     .0139912    .0420164
               lag_avg_rating_acc |   .0040985   .0277587     0.15   0.883    -.0504265    .0586235
                       lag_sd_acc |  -.0136673   .0344216    -0.40   0.691    -.0812798    .0539452
                ln_avg_com_RevPAR |   .1202134   .0119887    10.03   0.000     .0966646    .1437622
         ln_lag_RevPAR_clean_w199 |   .4395317   .0177532    24.76   0.000       .40466    .4744033
                            _cons |   1.446402   .1501002     9.64   0.000     1.151568    1.741236
---------------------------------------------------------------------------------------------------

Absorbed degrees of freedom:
------------------------------------------------------+
  Absorbed FE | Categories  - Redundant  = Num. Coefs |
--------------+---------------------------------------|
 hotel_id_num |       556         556           0    *|
           ym |       135           1         134     |
------------------------------------------------------+
* = FE nested within cluster; treated as redundant for DoF computation

. estimates store G10_apology

. reghdfe ln_RevPAR_clean_w199 c.sim_mean##c.lag_mr_invite_share lag_mr_any ln_recent_volumn recent_rating recent_sd ln_lag_volumn_acc lag_avg_rating_acc lag_sd_acc ln_avg_com_RevPAR ln_lag_RevPAR_clean_w199 if !missing(sim_mean, lag_mr_invite_share), abs
> orb(hotel_id_num ym) vce(cluster hotel_id_num)
(dropped 2 singleton observations)
(MWFE estimator converged in 7 iterations)

HDFE Linear regression                            Number of obs   =     33,317
Absorbing 2 HDFE groups                           F(  12,    555) =     112.50
Statistics robust to heteroskedasticity           Prob > F        =     0.0000
                                                  R-squared       =     0.8777
                                                  Adj R-squared   =     0.8751
                                                  Within R-sq.    =     0.3043
Number of clusters (hotel_id_num) =        556    Root MSE        =     0.2290

                                             (Std. err. adjusted for 556 clusters in hotel_id_num)
--------------------------------------------------------------------------------------------------
                                 |               Robust
            ln_RevPAR_clean_w199 | Coefficient  std. err.      t    P>|t|     [95% conf. interval]
---------------------------------+----------------------------------------------------------------
                        sim_mean |  -.0941473   .0254971    -3.69   0.000    -.1442299   -.0440648
             lag_mr_invite_share |  -.0887927   .0372171    -2.39   0.017    -.1618963    -.015689
                                 |
c.sim_mean#c.lag_mr_invite_share |   .2589469   .1232038     2.10   0.036     .0169441    .5009497
                                 |
                      lag_mr_any |   .0068146   .0044898     1.52   0.130    -.0020046    .0156337
                ln_recent_volumn |   .0774911   .0086501     8.96   0.000     .0605003     .094482
                   recent_rating |   .0207216   .0059834     3.46   0.001     .0089687    .0324744
                       recent_sd |   .0022524     .00745     0.30   0.763    -.0123813    .0168861
               ln_lag_volumn_acc |   .0279534   .0071159     3.93   0.000      .013976    .0419309
              lag_avg_rating_acc |   .0041943   .0277396     0.15   0.880    -.0502931    .0586817
                      lag_sd_acc |  -.0140327   .0343837    -0.41   0.683    -.0815709    .0535054
               ln_avg_com_RevPAR |   .1201971   .0119802    10.03   0.000     .0966651    .1437291
        ln_lag_RevPAR_clean_w199 |   .4397156   .0177436    24.78   0.000     .4048627    .4745685
                           _cons |   1.453527   .1499458     9.69   0.000     1.158997    1.748058
--------------------------------------------------------------------------------------------------

Absorbed degrees of freedom:
------------------------------------------------------+
  Absorbed FE | Categories  - Redundant  = Num. Coefs |
--------------+---------------------------------------|
 hotel_id_num |       556         556           0    *|
           ym |       135           1         134     |
------------------------------------------------------+
* = FE nested within cluster; treated as redundant for DoF computation

. estimates store G11_invite

. reghdfe ln_RevPAR_clean_w199 c.sim_mean##c.lag_mr_recovery_share lag_mr_any ln_recent_volumn recent_rating recent_sd ln_lag_volumn_acc lag_avg_rating_acc lag_sd_acc ln_avg_com_RevPAR ln_lag_RevPAR_clean_w199 if !missing(sim_mean, lag_mr_recovery_share),
>  absorb(hotel_id_num ym) vce(cluster hotel_id_num)
(dropped 2 singleton observations)
(MWFE estimator converged in 7 iterations)

HDFE Linear regression                            Number of obs   =     33,317
Absorbing 2 HDFE groups                           F(  12,    555) =     110.39
Statistics robust to heteroskedasticity           Prob > F        =     0.0000
                                                  R-squared       =     0.8777
                                                  Adj R-squared   =     0.8751
                                                  Within R-sq.    =     0.3041
Number of clusters (hotel_id_num) =        556    Root MSE        =     0.2290

                                               (Std. err. adjusted for 556 clusters in hotel_id_num)
----------------------------------------------------------------------------------------------------
                                   |               Robust
              ln_RevPAR_clean_w199 | Coefficient  std. err.      t    P>|t|     [95% conf. interval]
-----------------------------------+----------------------------------------------------------------
                          sim_mean |   -.074036   .0255178    -2.90   0.004    -.1241592   -.0239128
             lag_mr_recovery_share |   .0560267   .0398839     1.40   0.161    -.0223151    .1343686
                                   |
c.sim_mean#c.lag_mr_recovery_share |  -.1646951   .1413721    -1.16   0.245    -.4423849    .1129946
                                   |
                        lag_mr_any |   .0039372   .0047473     0.83   0.407    -.0053877    .0132621
                  ln_recent_volumn |    .077879   .0086716     8.98   0.000     .0608459    .0949121
                     recent_rating |   .0207935   .0059839     3.47   0.001     .0090397    .0325473
                         recent_sd |   .0021954   .0074332     0.30   0.768    -.0124053    .0167961
                 ln_lag_volumn_acc |   .0278934   .0071219     3.92   0.000     .0139043    .0418825
                lag_avg_rating_acc |   .0040808   .0277559     0.15   0.883    -.0504386    .0586002
                        lag_sd_acc |  -.0135468   .0343959    -0.39   0.694    -.0811089    .0540152
                 ln_avg_com_RevPAR |   .1202536   .0119935    10.03   0.000     .0966954    .1438118
          ln_lag_RevPAR_clean_w199 |    .439525    .017752    24.76   0.000     .4046556    .4743944
                             _cons |   1.447137    .149961     9.65   0.000     1.152577    1.741698
----------------------------------------------------------------------------------------------------

Absorbed degrees of freedom:
------------------------------------------------------+
  Absorbed FE | Categories  - Redundant  = Num. Coefs |
--------------+---------------------------------------|
 hotel_id_num |       556         556           0    *|
           ym |       135           1         134     |
------------------------------------------------------+
* = FE nested within cluster; treated as redundant for DoF computation

. estimates store G12_recovery

. reghdfe ln_RevPAR_clean_w199 c.sim_mean##c.lag_mr_positive_share lag_mr_any ln_recent_volumn recent_rating recent_sd ln_lag_volumn_acc lag_avg_rating_acc lag_sd_acc ln_avg_com_RevPAR ln_lag_RevPAR_clean_w199 if !missing(sim_mean, lag_mr_positive_share),
>  absorb(hotel_id_num ym) vce(cluster hotel_id_num)
(dropped 2 singleton observations)
(MWFE estimator converged in 7 iterations)

HDFE Linear regression                            Number of obs   =     33,317
Absorbing 2 HDFE groups                           F(  12,    555) =     110.67
Statistics robust to heteroskedasticity           Prob > F        =     0.0000
                                                  R-squared       =     0.8777
                                                  Adj R-squared   =     0.8750
                                                  Within R-sq.    =     0.3041
Number of clusters (hotel_id_num) =        556    Root MSE        =     0.2290

                                               (Std. err. adjusted for 556 clusters in hotel_id_num)
----------------------------------------------------------------------------------------------------
                                   |               Robust
              ln_RevPAR_clean_w199 | Coefficient  std. err.      t    P>|t|     [95% conf. interval]
-----------------------------------+----------------------------------------------------------------
                          sim_mean |  -.0682708   .0286852    -2.38   0.018    -.1246157    -.011926
             lag_mr_positive_share |   .0173412   .0188057     0.92   0.357    -.0195979    .0542804
                                   |
c.sim_mean#c.lag_mr_positive_share |  -.0518475   .0617537    -0.84   0.402     -.173147    .0694521
                                   |
                        lag_mr_any |   .0036806   .0057142     0.64   0.520    -.0075436    .0149047
                  ln_recent_volumn |   .0778747   .0086688     8.98   0.000     .0608471    .0949023
                     recent_rating |   .0206307   .0060054     3.44   0.001     .0088346    .0324269
                         recent_sd |   .0021932   .0074068     0.30   0.767    -.0123555     .016742
                 ln_lag_volumn_acc |   .0279786   .0071137     3.93   0.000     .0140056    .0419516
                lag_avg_rating_acc |   .0039536   .0277645     0.14   0.887    -.0505828      .05849
                        lag_sd_acc |  -.0135003   .0344206    -0.39   0.695    -.0811108    .0541103
                 ln_avg_com_RevPAR |   .1202007   .0119929    10.02   0.000     .0966437    .1437577
          ln_lag_RevPAR_clean_w199 |   .4394713    .017737    24.78   0.000     .4046314    .4743113
                             _cons |   1.446435   .1502577     9.63   0.000     1.151292    1.741579
----------------------------------------------------------------------------------------------------

Absorbed degrees of freedom:
------------------------------------------------------+
  Absorbed FE | Categories  - Redundant  = Num. Coefs |
--------------+---------------------------------------|
 hotel_id_num |       556         556           0    *|
           ym |       135           1         134     |
------------------------------------------------------+
* = FE nested within cluster; treated as redundant for DoF computation

. estimates store G13_positive

. reghdfe ln_RevPAR_clean_w199 c.sim_mean##c.lag_mr_negtone_share lag_mr_any ln_recent_volumn recent_rating recent_sd ln_lag_volumn_acc lag_avg_rating_acc lag_sd_acc ln_avg_com_RevPAR ln_lag_RevPAR_clean_w199 if !missing(sim_mean, lag_mr_negtone_share), a
> bsorb(hotel_id_num ym) vce(cluster hotel_id_num)
(dropped 2 singleton observations)
(MWFE estimator converged in 7 iterations)

HDFE Linear regression                            Number of obs   =     33,317
Absorbing 2 HDFE groups                           F(  12,    555) =     109.87
Statistics robust to heteroskedasticity           Prob > F        =     0.0000
                                                  R-squared       =     0.8777
                                                  Adj R-squared   =     0.8751
                                                  Within R-sq.    =     0.3041
Number of clusters (hotel_id_num) =        556    Root MSE        =     0.2290

                                              (Std. err. adjusted for 556 clusters in hotel_id_num)
---------------------------------------------------------------------------------------------------
                                  |               Robust
             ln_RevPAR_clean_w199 | Coefficient  std. err.      t    P>|t|     [95% conf. interval]
----------------------------------+----------------------------------------------------------------
                         sim_mean |  -.0741526   .0261376    -2.84   0.005    -.1254934   -.0228119
             lag_mr_negtone_share |   .0268504   .0300144     0.89   0.371    -.0321053    .0858061
                                  |
c.sim_mean#c.lag_mr_negtone_share |  -.1349303   .1037917    -1.30   0.194    -.3388029    .0689423
                                  |
                       lag_mr_any |   .0060821   .0048279     1.26   0.208     -.003401    .0155653
                 ln_recent_volumn |   .0778442   .0086642     8.98   0.000     .0608256    .0948628
                    recent_rating |   .0203687    .006001     3.39   0.001     .0085813    .0321561
                        recent_sd |     .00239   .0074304     0.32   0.748    -.0122051    .0169851
                ln_lag_volumn_acc |   .0279421    .007121     3.92   0.000     .0139546    .0419295
               lag_avg_rating_acc |   .0041922   .0277574     0.15   0.880    -.0503302    .0587146
                       lag_sd_acc |  -.0135423   .0344182    -0.39   0.694    -.0811482    .0540635
                ln_avg_com_RevPAR |   .1201929    .011995    10.02   0.000     .0966319     .143754
         ln_lag_RevPAR_clean_w199 |   .4395607   .0177518    24.76   0.000     .4046917    .4744296
                            _cons |   1.447955   .1499858     9.65   0.000     1.153345    1.742564
---------------------------------------------------------------------------------------------------

Absorbed degrees of freedom:
------------------------------------------------------+
  Absorbed FE | Categories  - Redundant  = Num. Coefs |
--------------+---------------------------------------|
 hotel_id_num |       556         556           0    *|
           ym |       135           1         134     |
------------------------------------------------------+
* = FE nested within cluster; treated as redundant for DoF computation

. estimates store G14_problem

. reghdfe ln_RevPAR_clean_w199 c.sim_mean##c.lag_mr_personal_share lag_mr_any ln_recent_volumn recent_rating recent_sd ln_lag_volumn_acc lag_avg_rating_acc lag_sd_acc ln_avg_com_RevPAR ln_lag_RevPAR_clean_w199 if !missing(sim_mean, lag_mr_personal_share),
>  absorb(hotel_id_num ym) vce(cluster hotel_id_num)
(dropped 2 singleton observations)
(MWFE estimator converged in 7 iterations)

HDFE Linear regression                            Number of obs   =     33,317
Absorbing 2 HDFE groups                           F(  12,    555) =     111.24
Statistics robust to heteroskedasticity           Prob > F        =     0.0000
                                                  R-squared       =     0.8777
                                                  Adj R-squared   =     0.8750
                                                  Within R-sq.    =     0.3041
Number of clusters (hotel_id_num) =        556    Root MSE        =     0.2291

                                               (Std. err. adjusted for 556 clusters in hotel_id_num)
----------------------------------------------------------------------------------------------------
                                   |               Robust
              ln_RevPAR_clean_w199 | Coefficient  std. err.      t    P>|t|     [95% conf. interval]
-----------------------------------+----------------------------------------------------------------
                          sim_mean |  -.0808536    .030949    -2.61   0.009    -.1416451    -.020062
             lag_mr_personal_share |   .0027768   .0290043     0.10   0.924    -.0541947    .0597484
                                   |
c.sim_mean#c.lag_mr_personal_share |   .0064346   .0485138     0.13   0.895    -.0888586    .1017278
                                   |
                        lag_mr_any |   .0001211   .0262195     0.00   0.996    -.0513805    .0516226
                  ln_recent_volumn |    .077701   .0086669     8.97   0.000     .0606771    .0947248
                     recent_rating |   .0206424   .0059846     3.45   0.001     .0088872    .0323976
                         recent_sd |   .0022954   .0074374     0.31   0.758    -.0123135    .0169044
                 ln_lag_volumn_acc |   .0279672   .0071203     3.93   0.000     .0139812    .0419532
                lag_avg_rating_acc |   .0040966   .0277632     0.15   0.883    -.0504371    .0586304
                        lag_sd_acc |  -.0136089   .0344037    -0.40   0.693    -.0811863    .0539686
                 ln_avg_com_RevPAR |   .1202368   .0119953    10.02   0.000      .096675    .1437986
          ln_lag_RevPAR_clean_w199 |   .4395799   .0177381    24.78   0.000      .404738    .4744219
                             _cons |   1.449489   .1501402     9.65   0.000     1.154576    1.744401
----------------------------------------------------------------------------------------------------

Absorbed degrees of freedom:
------------------------------------------------------+
  Absorbed FE | Categories  - Redundant  = Num. Coefs |
--------------+---------------------------------------|
 hotel_id_num |       556         556           0    *|
           ym |       135           1         134     |
------------------------------------------------------+
* = FE nested within cluster; treated as redundant for DoF computation

. estimates store G15_personal

. reghdfe ln_RevPAR_clean_w199 c.sim_mean##c.lag_mr_mgr_share lag_mr_any ln_recent_volumn recent_rating recent_sd ln_lag_volumn_acc lag_avg_rating_acc lag_sd_acc ln_avg_com_RevPAR ln_lag_RevPAR_clean_w199 if !missing(sim_mean, lag_mr_mgr_share), absorb(ho
> tel_id_num ym) vce(cluster hotel_id_num)
(dropped 2 singleton observations)
(MWFE estimator converged in 7 iterations)

HDFE Linear regression                            Number of obs   =     33,317
Absorbing 2 HDFE groups                           F(  12,    555) =     110.78
Statistics robust to heteroskedasticity           Prob > F        =     0.0000
                                                  R-squared       =     0.8777
                                                  Adj R-squared   =     0.8751
                                                  Within R-sq.    =     0.3041
Number of clusters (hotel_id_num) =        556    Root MSE        =     0.2290

                                          (Std. err. adjusted for 556 clusters in hotel_id_num)
-----------------------------------------------------------------------------------------------
                              |               Robust
         ln_RevPAR_clean_w199 | Coefficient  std. err.      t    P>|t|     [95% conf. interval]
------------------------------+----------------------------------------------------------------
                     sim_mean |  -.0787644   .0306699    -2.57   0.010    -.1390076   -.0185212
             lag_mr_mgr_share |    .012356   .0183712     0.67   0.501    -.0237295    .0484415
                              |
c.sim_mean#c.lag_mr_mgr_share |   .0020351   .0511699     0.04   0.968    -.0984753    .1025455
                              |
                   lag_mr_any |  -.0071132   .0109581    -0.65   0.517    -.0286377    .0144112
             ln_recent_volumn |   .0774266   .0086306     8.97   0.000     .0604739    .0943793
                recent_rating |   .0204857   .0059783     3.43   0.001     .0087429    .0322286
                    recent_sd |   .0021914   .0074424     0.29   0.769    -.0124274    .0168102
            ln_lag_volumn_acc |   .0281812   .0071181     3.96   0.000     .0141996    .0421629
           lag_avg_rating_acc |   .0040595   .0277466     0.15   0.884    -.0504416    .0585606
                   lag_sd_acc |  -.0134108   .0343282    -0.39   0.696    -.0808399    .0540184
            ln_avg_com_RevPAR |   .1203294   .0119903    10.04   0.000     .0967775    .1438813
     ln_lag_RevPAR_clean_w199 |   .4394509   .0177376    24.78   0.000     .4046099    .4742918
                        _cons |   1.449172   .1499322     9.67   0.000     1.154668    1.743676
-----------------------------------------------------------------------------------------------

Absorbed degrees of freedom:
------------------------------------------------------+
  Absorbed FE | Categories  - Redundant  = Num. Coefs |
--------------+---------------------------------------|
 hotel_id_num |       556         556           0    *|
           ym |       135           1         134     |
------------------------------------------------------+
* = FE nested within cluster; treated as redundant for DoF computation

. estimates store G16_manager

. 
. * Route B production outcomes, retaining the original variable interface.
. reghdfe ln_recent_volumn lag_mr_any lag_mr_rate lag_mr_count ln_lag_mr_words lag_mr_avg_resp_days lag_mr_thanks_share lag_mr_apology_share lag_mr_invite_share lag_mr_recovery_share lag_mr_positive_share lag_mr_negtone_share lag_mr_personal_share lag_mr_
> mgr_share recent_sd recent_rating ln_lag_volumn_acc lag_avg_rating_acc lag_sd_acc lag_avg_rating_month ln_avg_com_RevPAR ln_lag_RevPAR_clean_w199 if !missing(ln_recent_volumn), absorb(hotel_id_num ym) vce(cluster hotel_id_num)
(dropped 2 singleton observations)
(MWFE estimator converged in 7 iterations)

HDFE Linear regression                            Number of obs   =     33,514
Absorbing 2 HDFE groups                           F(  21,    555) =      32.99
Statistics robust to heteroskedasticity           Prob > F        =     0.0000
                                                  R-squared       =     0.7043
                                                  Adj R-squared   =     0.6979
                                                  Within R-sq.    =     0.1398
Number of clusters (hotel_id_num) =        556    Root MSE        =     0.2069

                                     (Std. err. adjusted for 556 clusters in hotel_id_num)
------------------------------------------------------------------------------------------
                         |               Robust
        ln_recent_volumn | Coefficient  std. err.      t    P>|t|     [95% conf. interval]
-------------------------+----------------------------------------------------------------
              lag_mr_any |  -.1868674   .0394799    -4.73   0.000    -.2644156   -.1093192
             lag_mr_rate |   -.023782   .0062746    -3.79   0.000    -.0361069    -.011457
            lag_mr_count |   .0077444   .0013558     5.71   0.000     .0050812    .0104076
         ln_lag_mr_words |   .0331684   .0062308     5.32   0.000     .0209297    .0454072
    lag_mr_avg_resp_days |  -.0002493   .0000695    -3.59   0.000    -.0003858   -.0001127
     lag_mr_thanks_share |  -.0187984   .0102285    -1.84   0.067    -.0388897    .0012929
    lag_mr_apology_share |   .0058945   .0098514     0.60   0.550    -.0134561     .025245
     lag_mr_invite_share |  -.0047147   .0088533    -0.53   0.595    -.0221048    .0126755
   lag_mr_recovery_share |   .0035793   .0090468     0.40   0.693    -.0141908    .0213495
   lag_mr_positive_share |  -.0125885   .0072249    -1.74   0.082      -.02678     .001603
    lag_mr_negtone_share |   .0026195   .0089752     0.29   0.771      -.01501     .020249
   lag_mr_personal_share |    .036588   .0281237     1.30   0.194    -.0186539    .0918299
        lag_mr_mgr_share |   .0351534     .01503     2.34   0.020     .0056307    .0646762
               recent_sd |  -.0362211   .0089726    -4.04   0.000    -.0538455   -.0185966
           recent_rating |    .059021   .0072099     8.19   0.000     .0448589     .073183
       ln_lag_volumn_acc |   .0760636     .01164     6.53   0.000     .0531998    .0989274
      lag_avg_rating_acc |   .0589768   .0331748     1.78   0.076    -.0061868    .1241403
              lag_sd_acc |   .0541741   .0445557     1.22   0.225    -.0333443    .1416925
    lag_avg_rating_month |  -.0014488   .0012272    -1.18   0.238    -.0038593    .0009616
       ln_avg_com_RevPAR |   .0141263   .0068771     2.05   0.040     .0006181    .0276346
ln_lag_RevPAR_clean_w199 |   .0510938   .0072121     7.08   0.000     .0369275    .0652602
                   _cons |    1.51101   .1612826     9.37   0.000     1.194211    1.827809
------------------------------------------------------------------------------------------

Absorbed degrees of freedom:
------------------------------------------------------+
  Absorbed FE | Categories  - Redundant  = Num. Coefs |
--------------+---------------------------------------|
 hotel_id_num |       556         556           0    *|
           ym |       135           1         134     |
------------------------------------------------------+
* = FE nested within cluster; treated as redundant for DoF computation

. estimates store G_volume

. reghdfe sim_mean lag_mr_any lag_mr_rate lag_mr_count ln_lag_mr_words lag_mr_avg_resp_days lag_mr_thanks_share lag_mr_apology_share lag_mr_invite_share lag_mr_recovery_share lag_mr_positive_share lag_mr_negtone_share lag_mr_personal_share lag_mr_mgr_shar
> e ln_recent_volumn recent_sd recent_rating ln_lag_volumn_acc lag_avg_rating_acc lag_sd_acc lag_avg_rating_month ln_avg_com_RevPAR ln_lag_RevPAR_clean_w199 if !missing(sim_mean), absorb(hotel_id_num ym) vce(cluster hotel_id_num)
(dropped 2 singleton observations)
(MWFE estimator converged in 7 iterations)

HDFE Linear regression                            Number of obs   =     33,360
Absorbing 2 HDFE groups                           F(  22,    555) =      58.80
Statistics robust to heteroskedasticity           Prob > F        =     0.0000
                                                  R-squared       =     0.2527
                                                  Adj R-squared   =     0.2364
                                                  Within R-sq.    =     0.0803
Number of clusters (hotel_id_num) =        556    Root MSE        =     0.0587

                                     (Std. err. adjusted for 556 clusters in hotel_id_num)
------------------------------------------------------------------------------------------
                         |               Robust
                sim_mean | Coefficient  std. err.      t    P>|t|     [95% conf. interval]
-------------------------+----------------------------------------------------------------
              lag_mr_any |   .0150395   .0100511     1.50   0.135    -.0047034    .0347824
             lag_mr_rate |    -.00018   .0002881    -0.62   0.532    -.0007458    .0003859
            lag_mr_count |  -.0000641   .0000543    -1.18   0.238    -.0001708    .0000425
         ln_lag_mr_words |  -.0006984   .0007057    -0.99   0.323    -.0020847    .0006878
    lag_mr_avg_resp_days |   .0000233   6.93e-06     3.36   0.001     9.70e-06    .0000369
     lag_mr_thanks_share |  -.0011156   .0023856    -0.47   0.640    -.0058015    .0035703
    lag_mr_apology_share |  -.0030663   .0017285    -1.77   0.077    -.0064615    .0003288
     lag_mr_invite_share |   .0017455   .0018708     0.93   0.351    -.0019291    .0054201
   lag_mr_recovery_share |  -.0045525   .0028518    -1.60   0.111    -.0101542    .0010492
   lag_mr_positive_share |  -.0010609   .0015659    -0.68   0.498    -.0041367    .0020148
    lag_mr_negtone_share |  -.0073006     .00225    -3.24   0.001    -.0117202    -.002881
   lag_mr_personal_share |  -.0041021   .0096039    -0.43   0.669    -.0229665    .0147623
        lag_mr_mgr_share |  -.0045945   .0025804    -1.78   0.076    -.0096629     .000474
        ln_recent_volumn |   .0259438   .0018208    14.25   0.000     .0223673    .0295203
               recent_sd |  -.0370388   .0017976   -20.60   0.000    -.0405697   -.0335078
           recent_rating |   .0064682   .0013901     4.65   0.000     .0037377    .0091987
       ln_lag_volumn_acc |   .0027069   .0014086     1.92   0.055      -.00006    .0054738
      lag_avg_rating_acc |  -.0188626   .0050021    -3.77   0.000     -.028688   -.0090372
              lag_sd_acc |   .0117474   .0062617     1.88   0.061    -.0005521    .0240468
    lag_avg_rating_month |   .0067033   .0006356    10.55   0.000     .0054548    .0079518
       ln_avg_com_RevPAR |   .0003643   .0011357     0.32   0.748    -.0018665    .0025952
ln_lag_RevPAR_clean_w199 |  -.0028086   .0014204    -1.98   0.049    -.0055986   -.0000186
                   _cons |   .2722311   .0236874    11.49   0.000     .2257032     .318759
------------------------------------------------------------------------------------------

Absorbed degrees of freedom:
------------------------------------------------------+
  Absorbed FE | Categories  - Redundant  = Num. Coefs |
--------------+---------------------------------------|
 hotel_id_num |       556         556           0    *|
           ym |       135           1         134     |
------------------------------------------------------+
* = FE nested within cluster; treated as redundant for DoF computation

. estimates store G_poolmechanism

. reghdfe sent_net_pos_bing lag_mr_any lag_mr_rate lag_mr_count ln_lag_mr_words lag_mr_avg_resp_days lag_mr_thanks_share lag_mr_apology_share lag_mr_invite_share lag_mr_recovery_share lag_mr_positive_share lag_mr_negtone_share lag_mr_personal_share lag_mr
> _mgr_share ln_recent_volumn sim_mean recent_sd recent_rating ln_lag_volumn_acc lag_avg_rating_acc lag_sd_acc lag_avg_rating_month ln_avg_com_RevPAR ln_lag_RevPAR_clean_w199 if !missing(sent_net_pos_bing), absorb(hotel_id_num ym) vce(cluster hotel_id_num
> )
(dropped 2 singleton observations)
(MWFE estimator converged in 7 iterations)

HDFE Linear regression                            Number of obs   =     33,360
Absorbing 2 HDFE groups                           F(  23,    555) =     131.07
Statistics robust to heteroskedasticity           Prob > F        =     0.0000
                                                  R-squared       =     0.2986
                                                  Adj R-squared   =     0.2834
                                                  Within R-sq.    =     0.1114
Number of clusters (hotel_id_num) =        556    Root MSE        =     0.4351

                                     (Std. err. adjusted for 556 clusters in hotel_id_num)
------------------------------------------------------------------------------------------
                         |               Robust
       sent_net_pos_bing | Coefficient  std. err.      t    P>|t|     [95% conf. interval]
-------------------------+----------------------------------------------------------------
              lag_mr_any |   .0431857   .0621479     0.69   0.487     -.078888    .1652595
             lag_mr_rate |   .0002952   .0024122     0.12   0.903     -.004443    .0050335
            lag_mr_count |  -.0005891   .0003321    -1.77   0.077    -.0012415    .0000633
         ln_lag_mr_words |  -.0025982   .0044598    -0.58   0.560    -.0113584    .0061619
    lag_mr_avg_resp_days |  -.0000157   .0000437    -0.36   0.720    -.0001016    .0000702
     lag_mr_thanks_share |  -.0194422   .0183515    -1.06   0.290    -.0554891    .0166047
    lag_mr_apology_share |  -.0063664   .0131959    -0.48   0.630    -.0322865    .0195537
     lag_mr_invite_share |  -.0369691   .0124163    -2.98   0.003    -.0613579   -.0125803
   lag_mr_recovery_share |   .0007969   .0185476     0.04   0.966    -.0356353     .037229
   lag_mr_positive_share |  -.0205645   .0113044    -1.82   0.069    -.0427691    .0016402
    lag_mr_negtone_share |   .0241167   .0182605     1.32   0.187    -.0117513    .0599848
   lag_mr_personal_share |   .0219822   .0563038     0.39   0.696    -.0886123    .1325767
        lag_mr_mgr_share |    -.00022    .015292    -0.01   0.989    -.0302574    .0298174
        ln_recent_volumn |  -.0147769   .0112901    -1.31   0.191    -.0369535    .0073997
                sim_mean |   .4828392   .0640681     7.54   0.000     .3569937    .6086847
               recent_sd |  -.0286231   .0120476    -2.38   0.018    -.0522876   -.0049585
           recent_rating |   .3757697    .010811    34.76   0.000     .3545342    .3970053
       ln_lag_volumn_acc |  -.0035249   .0069048    -0.51   0.610    -.0170877    .0100379
      lag_avg_rating_acc |  -.2158858   .0395542    -5.46   0.000    -.2935801   -.1381915
              lag_sd_acc |   .0214824   .0456446     0.47   0.638    -.0681749    .1111398
    lag_avg_rating_month |  -.0473315   .0048729    -9.71   0.000    -.0569031     -.03776
       ln_avg_com_RevPAR |  -.0006573   .0065342    -0.10   0.920    -.0134921    .0121775
ln_lag_RevPAR_clean_w199 |   .0039415   .0101764     0.39   0.699    -.0160474    .0239304
                   _cons |   .1323808   .1959516     0.68   0.500    -.2525167    .5172783
------------------------------------------------------------------------------------------

Absorbed degrees of freedom:
------------------------------------------------------+
  Absorbed FE | Categories  - Redundant  = Num. Coefs |
--------------+---------------------------------------|
 hotel_id_num |       556         556           0    *|
           ym |       135           1         134     |
------------------------------------------------------+
* = FE nested within cluster; treated as redundant for DoF computation

. estimates store G_sentiment

. 
. * Grouped G11 slopes.
. capture drop g11_invite_group

. gen byte g11_invite_group = lag_mr_invite_share > 0 if !missing(lag_mr_invite_share)

. reghdfe ln_RevPAR_clean_w199 sim_mean lag_mr_any ln_recent_volumn recent_rating recent_sd ln_lag_volumn_acc lag_avg_rating_acc lag_sd_acc ln_avg_com_RevPAR ln_lag_RevPAR_clean_w199 if g11_invite_group == 0 & !missing(sim_mean), absorb(hotel_id_num ym) v
> ce(cluster hotel_id_num)
(MWFE estimator converged in 8 iterations)

HDFE Linear regression                            Number of obs   =     25,607
Absorbing 2 HDFE groups                           F(  10,    555) =     122.78
Statistics robust to heteroskedasticity           Prob > F        =     0.0000
                                                  R-squared       =     0.8732
                                                  Adj R-squared   =     0.8696
                                                  Within R-sq.    =     0.2963
Number of clusters (hotel_id_num) =        556    Root MSE        =     0.2333

                                     (Std. err. adjusted for 556 clusters in hotel_id_num)
------------------------------------------------------------------------------------------
                         |               Robust
    ln_RevPAR_clean_w199 | Coefficient  std. err.      t    P>|t|     [95% conf. interval]
-------------------------+----------------------------------------------------------------
                sim_mean |  -.0813178   .0259161    -3.14   0.002    -.1322234   -.0304121
              lag_mr_any |   .0059458   .0045873     1.30   0.195    -.0030647    .0149563
        ln_recent_volumn |   .0895843   .0098337     9.11   0.000     .0702684    .1089001
           recent_rating |   .0212859   .0064339     3.31   0.001     .0086482    .0339236
               recent_sd |   .0036253   .0082017     0.44   0.659    -.0124848    .0197354
       ln_lag_volumn_acc |   .0286841   .0082208     3.49   0.001     .0125364    .0448318
      lag_avg_rating_acc |   -.001013   .0301997    -0.03   0.973    -.0603328    .0583068
              lag_sd_acc |  -.0034609   .0363307    -0.10   0.924    -.0748233    .0679015
       ln_avg_com_RevPAR |   .1168451    .012623     9.26   0.000     .0920504    .1416397
ln_lag_RevPAR_clean_w199 |   .4323775   .0181022    23.89   0.000     .3968204    .4679346
                   _cons |   1.444997   .1626031     8.89   0.000     1.125604     1.76439
------------------------------------------------------------------------------------------

Absorbed degrees of freedom:
------------------------------------------------------+
  Absorbed FE | Categories  - Redundant  = Num. Coefs |
--------------+---------------------------------------|
 hotel_id_num |       556         556           0    *|
           ym |       135           1         134     |
------------------------------------------------------+
* = FE nested within cluster; treated as redundant for DoF computation

. estimates store G11_noinvite

. reghdfe ln_RevPAR_clean_w199 sim_mean lag_mr_any ln_recent_volumn recent_rating recent_sd ln_lag_volumn_acc lag_avg_rating_acc lag_sd_acc ln_avg_com_RevPAR ln_lag_RevPAR_clean_w199 if g11_invite_group == 1 & !missing(sim_mean), absorb(hotel_id_num ym) v
> ce(cluster hotel_id_num)
(dropped 50 singleton observations)
(MWFE estimator converged in 9 iterations)
note: lag_mr_any is probably collinear with the fixed effects (all partialled-out values are close to zero; tol = 1.0e-09)

HDFE Linear regression                            Number of obs   =      7,662
Absorbing 2 HDFE groups                           F(   9,    421) =      41.16
Statistics robust to heteroskedasticity           Prob > F        =     0.0000
                                                  R-squared       =     0.8968
                                                  Adj R-squared   =     0.8888
                                                  Within R-sq.    =     0.2928
Number of clusters (hotel_id_num) =        422    Root MSE        =     0.2035

                                     (Std. err. adjusted for 422 clusters in hotel_id_num)
------------------------------------------------------------------------------------------
                         |               Robust
    ln_RevPAR_clean_w199 | Coefficient  std. err.      t    P>|t|     [95% conf. interval]
-------------------------+----------------------------------------------------------------
                sim_mean |  -.0163386   .0774623    -0.21   0.833    -.1685997    .1359225
              lag_mr_any |          0  (omitted)
        ln_recent_volumn |   .0477121   .0117827     4.05   0.000     .0245517    .0708724
           recent_rating |   .0139379   .0122035     1.14   0.254    -.0100495    .0379253
               recent_sd |   .0051438   .0152337     0.34   0.736    -.0247999    .0350875
       ln_lag_volumn_acc |   .0219333   .0117427     1.87   0.062    -.0011483    .0450148
      lag_avg_rating_acc |   .0572469   .0517947     1.11   0.270    -.0445616    .1590553
              lag_sd_acc |  -.0592742   .0698122    -0.85   0.396     -.196498    .0779497
       ln_avg_com_RevPAR |   .1451461   .0200692     7.23   0.000     .1056979    .1845944
ln_lag_RevPAR_clean_w199 |   .4299242   .0327744    13.12   0.000     .3655023     .494346
                   _cons |   1.411829   .2753491     5.13   0.000     .8705985    1.953059
------------------------------------------------------------------------------------------

Absorbed degrees of freedom:
------------------------------------------------------+
  Absorbed FE | Categories  - Redundant  = Num. Coefs |
--------------+---------------------------------------|
 hotel_id_num |       422         422           0    *|
           ym |       124           1         123     |
------------------------------------------------------+
* = FE nested within cluster; treated as redundant for DoF computation

. estimates store G11_invitegroup

. 
. estimates table G1_any G2_rate7 G3_count G4_words G5_avgwords G6_quick7 G7_quick30 G8_speed G9_thanks G10_apology G11_invite G12_recovery G13_positive G14_problem G15_personal G16_manager G_volume G_poolmechanism G_sentiment G11_noinvite G11_invitegroup
> , b(%9.4f) se stats(N r2_a)

--------------------------------------------------------------------------------------------------------------------------------------------------------------------------------------------------------------------------------------------------------------
    Variable |  G1_any     G2_rate7    G3_count    G4_words    G5_avgw~s   G6_quick7   G7_qui~30   G8_speed    G9_thanks   G10_apo~y   G11_inv~e   G12_rec~y   G13_pos~e   G14_pro~m   G15_per~l   G16_man~r   G_volume    G_poolm~m   G_senti~t   G11_noi~e  
-------------+------------------------------------------------------------------------------------------------------------------------------------------------------------------------------------------------------------------------------------------------
    sim_mean |   -0.0803     -0.0743     -0.0709     -0.0752     -0.0806     -0.0743     -0.0737     -0.0796     -0.0798     -0.0708     -0.0941     -0.0740     -0.0683     -0.0742     -0.0809     -0.0788                              0.4828     -0.0813  
             |    0.0311      0.0302      0.0253      0.0303      0.0310      0.0302      0.0307      0.0253      0.0301      0.0262      0.0255      0.0255      0.0287      0.0261      0.0309      0.0307                              0.0641      0.0259  
             |
  lag_mr_any |
          1  |    0.0033                                                                                                                                                                                                                                      
             |    0.0146                                                                                                                                                                                                                                      
             |
  lag_mr_any |               -0.0001                  0.0245      0.0035     -0.0001      0.0191      0.0045     -0.0237      0.0049      0.0068      0.0039      0.0037      0.0061      0.0001     -0.0071     -0.1869      0.0150      0.0432      0.0059  
             |                0.0061                  0.0127      0.0228      0.0061      0.0118      0.0046      0.0114      0.0049      0.0045      0.0047      0.0057      0.0048      0.0262      0.0110      0.0395      0.0101      0.0621      0.0046  
             |
  lag_mr_any#|
  c.sim_mean |
          1  |    0.0049                                                                                                                                                                                                                                      
             |    0.0483                                                                                                                                                                                                                                      
             |
ln_recent_~n |    0.0777      0.0776      0.0812      0.0802      0.0777      0.0776      0.0781      0.0778      0.0778      0.0779      0.0775      0.0779      0.0779      0.0778      0.0777      0.0774                  0.0259     -0.0148      0.0896  
             |    0.0087      0.0087      0.0086      0.0085      0.0087      0.0087      0.0087      0.0087      0.0087      0.0087      0.0087      0.0087      0.0087      0.0087      0.0087      0.0086                  0.0018      0.0113      0.0098  
recent_rat~g |    0.0206      0.0206      0.0209      0.0206      0.0207      0.0206      0.0207      0.0206      0.0204      0.0206      0.0207      0.0208      0.0206      0.0204      0.0206      0.0205      0.0590      0.0065      0.3758      0.0213  
             |    0.0060      0.0060      0.0060      0.0060      0.0060      0.0060      0.0060      0.0060      0.0060      0.0060      0.0060      0.0060      0.0060      0.0060      0.0060      0.0060      0.0072      0.0014      0.0108      0.0064  
   recent_sd |    0.0023      0.0022      0.0019      0.0021      0.0023      0.0022      0.0021      0.0022      0.0026      0.0024      0.0023      0.0022      0.0022      0.0024      0.0023      0.0022     -0.0362     -0.0370     -0.0286      0.0036  
             |    0.0074      0.0074      0.0074      0.0074      0.0074      0.0074      0.0074      0.0074      0.0074      0.0074      0.0075      0.0074      0.0074      0.0074      0.0074      0.0074      0.0090      0.0018      0.0120      0.0082  
ln_lag_vol~c |    0.0280      0.0279      0.0282      0.0281      0.0280      0.0279      0.0280      0.0280      0.0280      0.0280      0.0280      0.0279      0.0280      0.0279      0.0280      0.0282      0.0761      0.0027     -0.0035      0.0287  
             |    0.0071      0.0071      0.0071      0.0071      0.0071      0.0071      0.0071      0.0071      0.0071      0.0071      0.0071      0.0071      0.0071      0.0071      0.0071      0.0071      0.0116      0.0014      0.0069      0.0082  
lag_avg_ra~c |    0.0041      0.0043      0.0036      0.0038      0.0041      0.0043      0.0041      0.0041      0.0038      0.0041      0.0042      0.0041      0.0040      0.0042      0.0041      0.0041      0.0590     -0.0189     -0.2159     -0.0010  
             |    0.0278      0.0277      0.0278      0.0278      0.0278      0.0277      0.0278      0.0278      0.0277      0.0278      0.0277      0.0278      0.0278      0.0278      0.0278      0.0277      0.0332      0.0050      0.0396      0.0302  
  lag_sd_acc |   -0.0136     -0.0135     -0.0137     -0.0140     -0.0136     -0.0135     -0.0135     -0.0136     -0.0136     -0.0137     -0.0140     -0.0135     -0.0135     -0.0135     -0.0136     -0.0134      0.0542      0.0117      0.0215     -0.0035  
             |    0.0344      0.0344      0.0344      0.0344      0.0344      0.0344      0.0344      0.0344      0.0344      0.0344      0.0344      0.0344      0.0344      0.0344      0.0344      0.0343      0.0446      0.0063      0.0456      0.0363  
ln_avg_com~R |    0.1202      0.1202      0.1202      0.1203      0.1202      0.1202      0.1202      0.1202      0.1202      0.1202      0.1202      0.1203      0.1202      0.1202      0.1202      0.1203      0.0141      0.0004     -0.0007      0.1168  
             |    0.0120      0.0120      0.0120      0.0120      0.0120      0.0120      0.0120      0.0120      0.0120      0.0120      0.0120      0.0120      0.0120      0.0120      0.0120      0.0120      0.0069      0.0011      0.0065      0.0126  
ln_la~n_w199 |    0.4396      0.4395      0.4398      0.4399      0.4396      0.4395      0.4396      0.4396      0.4394      0.4395      0.4397      0.4395      0.4395      0.4396      0.4396      0.4395      0.0511     -0.0028      0.0039      0.4324  
             |    0.0177      0.0177      0.0177      0.0177      0.0177      0.0177      0.0177      0.0178      0.0177      0.0178      0.0177      0.0178      0.0177      0.0178      0.0177      0.0177      0.0072      0.0014      0.0102      0.0181  
lag_~7_share |                0.0111                                          0.0111                                                                                                                                                                          
             |                0.0170                                          0.0170                                                                                                                                                                          
             |
  c.sim_mean#|
          c. |
lag_~7_share |               -0.0148                                         -0.0148                                                                                                                                                                          
             |                0.0544                                          0.0544                                                                                                                                                                          
             |
lag_mr_count |                            0.0017                                                                                                                                                                  0.0077     -0.0001     -0.0006              
             |                            0.0017                                                                                                                                                                  0.0014      0.0001      0.0003              
             |
  c.sim_mean#|
          c. |
lag_mr_count |                           -0.0066                                                                                                                                                                                                              
             |                            0.0051                                                                                                                                                                                                              
             |
ln_l~r_words |                                       -0.0031                                                                                                                                                      0.0332     -0.0007     -0.0026              
             |                                        0.0038                                                                                                                                                      0.0062      0.0007      0.0045              
             |
  c.sim_mean#|
          c. |
ln_l~r_words |                                       -0.0022                                                                                                                                                                                                  
             |                                        0.0095                                                                                                                                                                                                  
             |
ln_l~g_words |                                                   -0.0001                                                                                                                                                                                      
             |                                                    0.0058                                                                                                                                                                                      
             |
  c.sim_mean#|
          c. |
ln_l~g_words |                                                    0.0014                                                                                                                                                                                      
             |                                                    0.0115                                                                                                                                                                                      
             |
lag_~0_share |                                                                           -0.0108                                                                                                                                                              
             |                                                                            0.0179                                                                                                                                                              
             |
  c.sim_mean#|
          c. |
lag_~0_share |                                                                           -0.0156                                                                                                                                                              
             |                                                                            0.0484                                                                                                                                                              
             |
lag_mr_av~ys |                                                                                       -0.0000                                                                                                     -0.0002      0.0000     -0.0000              
             |                                                                                        0.0001                                                                                                      0.0001      0.0000      0.0000              
             |
  c.sim_mean#|
          c. |
lag_mr_av~ys |                                                                                        0.0001                                                                                                                                                  
             |                                                                                        0.0003                                                                                                                                                  
             |
lag_mr_tha~e |                                                                                                    0.0306                                                                                         -0.0188     -0.0011     -0.0194              
             |                                                                                                    0.0180                                                                                          0.0102      0.0024      0.0184              
             |
  c.sim_mean#|
          c. |
lag_mr_tha~e |                                                                                                    0.0031                                                                                                                                      
             |                                                                                                    0.0495                                                                                                                                      
             |
lag_mr_apo~e |                                                                                                                0.0335                                                                              0.0059     -0.0031     -0.0064              
             |                                                                                                                0.0276                                                                              0.0099      0.0017      0.0132              
             |
  c.sim_mean#|
          c. |
lag_mr_apo~e |                                                                                                               -0.1215                                                                                                                          
             |                                                                                                                0.0946                                                                                                                          
             |
lag_mr_inv~e |                                                                                                                           -0.0888                                                                 -0.0047      0.0017     -0.0370              
             |                                                                                                                            0.0372                                                                  0.0089      0.0019      0.0124              
             |
  c.sim_mean#|
          c. |
lag_mr_inv~e |                                                                                                                            0.2589                                                                                                              
             |                                                                                                                            0.1232                                                                                                              
             |
lag_mr_rec~e |                                                                                                                                        0.0560                                                      0.0036     -0.0046      0.0008              
             |                                                                                                                                        0.0399                                                      0.0090      0.0029      0.0185              
             |
  c.sim_mean#|
          c. |
lag_mr_rec~e |                                                                                                                                       -0.1647                                                                                                  
             |                                                                                                                                        0.1414                                                                                                  
             |
lag_mr_pos~e |                                                                                                                                                    0.0173                                         -0.0126     -0.0011     -0.0206              
             |                                                                                                                                                    0.0188                                          0.0072      0.0016      0.0113              
             |
  c.sim_mean#|
          c. |
lag_mr_pos~e |                                                                                                                                                   -0.0518                                                                                      
             |                                                                                                                                                    0.0618                                                                                      
             |
lag~ne_share |                                                                                                                                                                0.0269                              0.0026     -0.0073      0.0241              
             |                                                                                                                                                                0.0300                              0.0090      0.0023      0.0183              
             |
  c.sim_mean#|
          c. |
lag~ne_share |                                                                                                                                                               -0.1349                                                                          
             |                                                                                                                                                                0.1038                                                                          
             |
lag_mr_per~e |                                                                                                                                                                            0.0028                  0.0366     -0.0041      0.0220              
             |                                                                                                                                                                            0.0290                  0.0281      0.0096      0.0563              
             |
  c.sim_mean#|
          c. |
lag_mr_per~e |                                                                                                                                                                            0.0064                                                              
             |                                                                                                                                                                            0.0485                                                              
             |
lag_mr_mgr~e |                                                                                                                                                                                        0.0124      0.0352     -0.0046     -0.0002              
             |                                                                                                                                                                                        0.0184      0.0150      0.0026      0.0153              
             |
  c.sim_mean#|
          c. |
lag_mr_mgr~e |                                                                                                                                                                                        0.0020                                                  
             |                                                                                                                                                                                        0.0512                                                  
             |
 lag_mr_rate |                                                                                                                                                                                                   -0.0238     -0.0002      0.0003              
             |                                                                                                                                                                                                    0.0063      0.0003      0.0024              
lag_avg_ra~h |                                                                                                                                                                                                   -0.0014      0.0067     -0.0473              
             |                                                                                                                                                                                                    0.0012      0.0006      0.0049              
       _cons |    1.4493      1.4478      1.4399      1.4415      1.4493      1.4478      1.4468      1.4492      1.4512      1.4464      1.4535      1.4471      1.4464      1.4480      1.4495      1.4492      1.5110      0.2722      0.1324      1.4450  
             |    0.1502      0.1500      0.1502      0.1503      0.1501      0.1500      0.1502      0.1500      0.1497      0.1501      0.1499      0.1500      0.1503      0.1500      0.1501      0.1499      0.1613      0.0237      0.1960      0.1626  
-------------+------------------------------------------------------------------------------------------------------------------------------------------------------------------------------------------------------------------------------------------------
           N |     33317       33317       33317       33317       33317       33317       33317       33317       33317       33317       33317       33317       33317       33317       33317       33317       33514       33360       33360       25607  
        r2_a |    0.8750      0.8751      0.8751      0.8751      0.8750      0.8751      0.8751      0.8750      0.8751      0.8751      0.8751      0.8751      0.8750      0.8751      0.8750      0.8751      0.6979      0.2364      0.2834      0.8696  
--------------------------------------------------------------------------------------------------------------------------------------------------------------------------------------------------------------------------------------------------------------
                                                                                                                                                                                                                                                  Legend: b/se


--------------------------
    Variable | G11_inv~p  
-------------+------------
    sim_mean |   -0.0163  
             |    0.0775  
             |
  lag_mr_any |
          1  |            
             |            
             |
  lag_mr_any | (omitted)  
             |            
             |
  lag_mr_any#|
  c.sim_mean |
          1  |            
             |            
             |
ln_recent_~n |    0.0477  
             |    0.0118  
recent_rat~g |    0.0139  
             |    0.0122  
   recent_sd |    0.0051  
             |    0.0152  
ln_lag_vol~c |    0.0219  
             |    0.0117  
lag_avg_ra~c |    0.0572  
             |    0.0518  
  lag_sd_acc |   -0.0593  
             |    0.0698  
ln_avg_com~R |    0.1451  
             |    0.0201  
ln_la~n_w199 |    0.4299  
             |    0.0328  
lag_~7_share |            
             |            
             |
  c.sim_mean#|
          c. |
lag_~7_share |            
             |            
             |
lag_mr_count |            
             |            
             |
  c.sim_mean#|
          c. |
lag_mr_count |            
             |            
             |
ln_l~r_words |            
             |            
             |
  c.sim_mean#|
          c. |
ln_l~r_words |            
             |            
             |
ln_l~g_words |            
             |            
             |
  c.sim_mean#|
          c. |
ln_l~g_words |            
             |            
             |
lag_~0_share |            
             |            
             |
  c.sim_mean#|
          c. |
lag_~0_share |            
             |            
             |
lag_mr_av~ys |            
             |            
             |
  c.sim_mean#|
          c. |
lag_mr_av~ys |            
             |            
             |
lag_mr_tha~e |            
             |            
             |
  c.sim_mean#|
          c. |
lag_mr_tha~e |            
             |            
             |
lag_mr_apo~e |            
             |            
             |
  c.sim_mean#|
          c. |
lag_mr_apo~e |            
             |            
             |
lag_mr_inv~e |            
             |            
             |
  c.sim_mean#|
          c. |
lag_mr_inv~e |            
             |            
             |
lag_mr_rec~e |            
             |            
             |
  c.sim_mean#|
          c. |
lag_mr_rec~e |            
             |            
             |
lag_mr_pos~e |            
             |            
             |
  c.sim_mean#|
          c. |
lag_mr_pos~e |            
             |            
             |
lag~ne_share |            
             |            
             |
  c.sim_mean#|
          c. |
lag~ne_share |            
             |            
             |
lag_mr_per~e |            
             |            
             |
  c.sim_mean#|
          c. |
lag_mr_per~e |            
             |            
             |
lag_mr_mgr~e |            
             |            
             |
  c.sim_mean#|
          c. |
lag_mr_mgr~e |            
             |            
             |
 lag_mr_rate |            
             |            
lag_avg_ra~h |            
             |            
       _cons |    1.4118  
             |    0.2753  
-------------+------------
           N |      7662  
        r2_a |    0.8888  
--------------------------
              Legend: b/se

. log close
      name:  <unnamed>
       log:  /Users/samxie/Research/ReviewSimi_Sales/Code/stata-log/run_event_month_pool_gt100_engagement_style_260711.log
  log type:  text
 closed on:  12 Jul 2026, 18:00:13
---------------------------------------------------------------------------------------------------------------------------------------------------------------------------------------------------------------------------------------------------------------
