HotelID,LocationName,LocationAddress,chain,chain1,chain2,chain3,chain4
73111,SURESTAY HOTEL BY BEST WESTERN,1896 S US HIGHWAY 83,1,1,1,1,1
73121,PALM AIRE HOTEL & SUITES,415 S INTERNATIONAL BLVD,0,0,0,0,0
73127,BEST WESTERN HOTEL,889 W BAY AREA BLVD,1,1,1,1,1
73130,HERITAGE INN,1927 SANTA FE DR,0,1,1,0,1
73139,SUPER 8 WACO MALL,6624 WOODWAY DR,1,1,1,1,1
73161,AMERICAN INN,1309 W BROADWAY,1,1,1,1,1
73168,BEST WESTERN PLUS,120 W RIECK RD,1,1,1,1,1
73194,BEST WESTERN TRAIL DUST INN & SUITES,1521 SHANNON RD E,1,1,1,1,1
73204,AMERICAS BEST VALUE INN,1625 W SOUTH LOOP,1,1,1,0,0
73208,BEST WESTERN SNYDER INN,810 E COLISEUM DR,1,1,1,1,1
73213,BEST WESTERN SINTON,8108 US HIGHWAY 77,1,1,1,0,0
73222,AMERICAS BEST VALUE INN,2107 HIGHWAY 36 S,1,1,1,0,0
73227,BEST WESTERN EXECUTIVE INN,1910 N HIGHWAY 175,1,1,1,1,1
73236,DAYS INN LACKLAND AFB,6815 W US HIGHWAY 90,1,0,1,1,0
73242,BEST WESTERN SEAWORLD,6855 NW LOOP 410,1,1,1,1,1
73251,DAYS INN,3017 W LOOP 306,1,1,1,1,1
73254,BEST WESTERN EXECUTIVE INN,1851 N INTERSTATE 35,1,1,1,1,1
73258,AMERICAS BEST VALUE INN,381 N US HIGHWAY 77,1,1,1,1,1
73262,TEXAS INN & SUITES RAYMONDVILLE,118 N EXPRESSWAY,0,0,0,0,0
73264,BEST WESTERN OCEAN VILLA,400 E AVENUE G,1,1,1,1,1
73268,MAGNUSON HOTEL PARK SUITES,640 E PARK BLVD,0,1,1,0,1
73274,QUALITY INN,600 N INTERSTATE 27,1,1,1,0,1
73279,SWISS CLOCK INN,133 S FRONTAGE RD,1,1,1,1,1
73283,BEST WESTERN,1855 N MAIN ST,1,1,1,1,1
73288,BEST WESTERN,2831 PERRYTON PKWY,1,1,1,1,1
73295,BEST WESTERN PALESTINE INN,1601 W PALESTINE AVE,1,1,1,1,1
73304,BEST WESTERN INN & SUITES,1493 N INTERSTATE 35,1,1,1,1,1
73307,AMERICA'S BEST VALUE INN,1024 N CENTER ST,1,1,1,0,0
73315,BEST WESTERN INN OF NAVASOTA,8965 HIGHWAY 6,1,1,1,1,1
73319,BEST WESTERN NORTHPARK INN,4809 NW STALLINGS DR,1,1,1,1,1
73328,BEST WESTERN MT PLEASANT TX,102 E BURTON RD,1,1,1,1,1
73340,BEST WESTERN MIDLOTHIAN INN,220 N HWY 67,1,1,1,1,1
73345,MESQUITE INN,4343 INTERSTATE 30,1,1,1,0,0
73350,ROSE GARDEN INN - MCALLEN,300 E EXPRESSWAY 83,1,1,1,1,1
73354,DAYS INN & SUITES,5555 E END BLVD S,1,1,1,1,1
73361,BEST WESTERN MARBLE FALLS,1403 N US HIGHWAY 281,1,1,1,1,1
73382,BEST WESTERN,901 W YOUNG ST,1,1,1,1,1
73387,BEST WESTERN INN & SUITES,330 E CORPORATE DR,1,1,1,1,1
73391,BEST WESTERN LAKE JACKSON INN,915 HIGHWAY 332,1,1,1,1,1
73397,AMERICA'S BEST VALUE INN,2402 E KING AVE,1,1,1,1,1
73406,BEST WESTERN INN OF KILGORE,1411 US HIGHWAY 259 N,1,1,1,1,1
73413,BEST WESTERN LA HACIENDA INN,200 E HIGHWAY 175,1,1,1,1,1
73421,BEST WESTERN INN JASPER,205 W GIBSON ST,1,1,1,1,1
73426,BEST WESTERN DFW AIRPORT SUITES,5050 W JOHN CARPENTER FWY,1,1,1,1,1
73433,INGLESIDE HOTEL 361,2025 STATE HIGHWAY 361,0,0,0,0,0
73481,HOLIDAY INN EXPRESS - CHAMPIONS,4434 CYPRESS CREEK PKWY,1,1,1,1,1
73491,BEST WESTERN RED CARPET INN,830 W 1ST ST,1,1,1,1,1
73518,BEST WESTERN EXECUTIVE INN,208 N NUECES ST,1,1,1,1,1
73524,RODEWAY INN,2501 E MAIN ST,1,1,1,1,1
73536,RODEWAY INN,2103 N INTERSTATE 35,1,1,1,1,1
73539,ECONO LODGE INN& SUITES FULTON TX,3902 N HIGHWAY 35,1,1,1,1,1
73560,MAGNUSON HOTEL FOSSIL CREEK,6700 FOSSIL BLUFF DR,0,1,1,0,1
73572,STAY EXPRESS_HOTEL,2000 BEACH ST,0,0,0,0,0
73581,BEST WESTERN FLORESVILLE INN,1720 10TH ST,1,1,1,1,1
73589,BEST WESTERN,1045 SUNLAND PARK,1,1,1,1,1
73595,LA QUINTA INN EL PASO AIRPORT,6140 GATEWAY BLVD E,1,1,1,1,1
73600,BEST WESTERN EDINBURG INN AND SUITES,2708 S BUSINESS HWY 281,1,1,1,1,1
73610,ECONO LODGE INN & SUITES,1923 N VETERANS BLVD,0,0,0,0,0
73615,BEST WESTERN WINDSOR INN,1701 S DUMAS AVE,1,1,1,1,1
73620,DIBOLL INN & SUITES,910 N TEMPLE DR,0,0,0,0,0
73624,BEST WESTERN INN OF DEL RIO,810 VETERANS BLVD,1,1,1,1,1
73628,BEST WESTERN DEER PARK INN & SUITES,1401 CENTER ST,1,1,1,1,1
73644,BEST WESTERN MARKET CENTER,2023 MARKET CENTER BLVD,1,1,1,1,1
73653,BEST WESTERN NURSANICKEL MOTEL,102 SCOTT AVE,1,1,1,1,1
73668,BEST WESTERN & SUITES,321 CONSTITUTION DR,1,1,1,1,1
73670,DAYS INN - COLLEGE STATION UNIVERSITY DRIVE,901 UNIVERSITY DR E,1,1,1,1,1
73685,LONE STAR INN,1898 HIGHWAY 206,1,1,1,0,0
73688,RED ROOF INN,1801 AVENUE F NW,1,1,1,1,1
73692,AMERICA'S BEST VALUE INN,1005 HURST ST US HWY 96,1,1,1,1,1
73697,BEST WESTERN CEDAR INN,425 E WHITESTONE BLVD,1,1,1,1,1
73704,BEST WESTERN CANTON INN,2251 N TRADE DAYS BLVD,1,1,1,1,1
73708,CRAIGS INN BUFFALO,225 CRAIG ST,1,1,1,1,1
73715,NORTH TEXAS INN,845 N EXPRESSWAY,0,0,0,0,0
73720,BEST WESTERN CAPROCK INN,321 LUBBOCK RD,1,1,1,1,1
73722,BEST WESTERN INN OF BRENHAM,1503 HIGHWAY 290 E,1,1,1,1,1
73724,BEST WESTERN - BRADY INN,2200 S BRIDGE ST,1,1,1,1,1
73745,DAYS INN BAYTOWN,5021 EAST FWY,1,1,1,1,1
73749,DAYS INN,407 7TH ST,1,1,1,1,1
73763,QUALITY INN AND SUITES,7928 GESSNER DR,1,1,1,1,1
73776,MOTEL 6 ARLINGTON,4024 MELEAR DR,1,1,1,1,1
73779,BEST WESTERN - SANTA FE INN,4600 I-40 E,1,1,1,1,1
73784,QUALITY INN MEDICAL CENTER,1610 S COULTER ST,1,1,1,1,1
73789,MOTEL 6-ALVIN,1470 S BYPASS 35,1,1,1,1,1
73790,QUALITY INN,2401 E HIGHWAY 90,1,1,1,0,1
73796,DAYS INN,3950 RIDGEMONT DR,1,1,1,1,1
81999,SANFORD HOUSE,506 N CENTER ST,0,0,0,0,0
82013,HOTEL ELLA,1900 RIO GRANDE ST,0,0,0,0,0
82026,STRICKLAND ARMS B & B,604 E 47TH ST,0,0,0,0,0
82032,YE KENDALL INN,128 W BLANCO RD,0,0,0,0,0
82046,ANT STREET INN,107 W COMMERCE ST,0,0,0,0,0
82047,FAR VIEW BED & BREAKFAST INN,1804 S PARK ST,0,0,0,0,0
82051,"EQUINOX INN, LLC DBA EQUINOX INN AT BISCUIT HILL",717 COLLEEN DR,0,0,0,0,0
82060,HOTEL FAUST,717 HIGH ST,0,0,0,0,0
82061,THE HAVEN RIVER INN,105 HIGHWAY 473,0,0,0,0,0
82062,MEYER BED & BREAKFAST,845 HIGH ST,1,1,1,0,0
82087,THE HOTEL LIMPIA,101 MEMORIAL SQ,0,0,0,0,0
82091,VERANDA,210 COURT AVE,0,0,0,0,0
82094,THE TEXAS WHITE HOUSE BED AND BREAKFAST,1417 8TH AVE,0,0,0,0,0
82100,BACK FORTY OF FREDERICKSBURG,457 BOB MORITZ DR,0,0,0,0,0
82131,MAGNOLIA HOUSE BED AND BREAKFAST,101 E HACKBERRY ST,1,0,1,1,0
82136,GASTHAUS SCHMIDT,231 W MAIN ST,0,0,0,0,0
82160,COPPERSMITH INN BED AN DBREAKFAST,1914 AVENUE M,0,0,0,0,0
82202,SARA'S INN,941 HEIGHTS BLVD,0,0,0,0,0
82212,CLIPPER HOUSE INN,710 BRADFORD AVE,0,0,0,0,0
82246,KUEBLER-WALDRIP HAUS INC/BED & BREAKFAST,1620 HUECO SPRINGS LOOP RD,0,0,0,0,0
82249,"LAMB'S REST INN, LLC",1385 EDWARDS BLVD,0,0,0,0,0
82279,ROSE MANSION,903 ROSEWAY,0,0,0,0,0
82286,THE SAN ANTONIO YELLOW ROSE A BED AND BREAKFAST,229 MADISON,0,0,0,0,0
82288,AARON PANCOAST CARRIAGE HOUSE B & B,102 TURNER,0,0,0,0,0
82302,BRACKENRIDGE HOUSE BED AND BREAKFAST,230 MADISON,0,0,0,0,0
82309,KING WILLIAM MANOR,1037 S ALAMO ST,0,0,0,0,0
82313,INN ON THE RIVERWALK,129 WOODWARD PL,0,0,0,0,0
82317,THE JACKSON HOUSE B & B,107 MADISON ST,0,1,1,0,1
82319,O'CASEY'S BOUTIQUE INN,225 W CRAIG PL,0,1,1,0,1
82334,CRYSTAL RIVER INN,326 W HOPKINS ST,0,0,0,0,0
82378,WIMBERLEY INN,200 FM 3237,0,0,0,0,0
98318,EMERALD IN EXPO,840 E. HWY 80,1,1,1,0,0
98322,MCM ELEGANTE'SUITES,4250 RIDGEMONT DR,0,0,0,0,0
98324,HOLIDAY INN EXPRESS ABILENE,1802 E OVERLAND TRL,1,1,1,1,1
98325,LA QUINTA INN #544,3501 W LAKE RD,1,0,1,1,0
98329,REGENCY INN & SUITES OF ABILENE,3450 S CLACK ST,0,0,0,0,0
98333,HAMPTON INN DALLAS,4505 BELTWAY DR,1,0,1,1,0
98337,HIGHLAND INN,1404 E HIGHWAY 90,0,0,0,0,0
98356,LA QUINTA INN MID-CITY,1708 E INTERSTATE 40,1,1,1,1,1
98357,LA QUINTA INN MEDICAL CENTER,2108 S COULTER ST,1,1,1,1,1
98362,RELAX INN,6030 W INTERSTATE 40,0,0,0,0,0
98368,AMARILLO VALUE INN,3205 I-40 E,1,1,1,1,1
98371,RED ROOF INN WEST,6800 W INTERSTATE 40,1,1,1,1,1
98372,HILTON ARLINGTON TX,2401 E LAMAR BLVD,1,1,1,1,1
98382,ALOFT HOTEL ARLINGTON ENTERTAINMENT DISTRICT,2140 E LAMAR BLVD,1,1,1,1,1
98385,817 HOTEL,910 N COLLINS ST,1,1,1,1,1
98395,STUDIO 6 # 5046,1607 N WATSON RD,1,1,1,1,1
98416,DAYS INN UNIVERSITY/DOWNTOWN,3105 N INTERSTATE 35,1,1,1,1,1
98418,DOUBLETREE AUSTIN HOTEL,6505 N INTERSTATE 35,1,1,1,1,1
98419,EMBASSY SUITES AUSTIN - CENTRAL,5901 N INTERSTATE 35,1,1,1,1,1
98420,AUSTIN LESSEE LLC,300 S CONGRESS AVE,1,1,1,1,1
98424,RODEWAY INN,2711 S INTERSTATE 35,1,1,1,0,0
98426,HAMPTON INN AUSTIN-NORTH @I-35 & HWY 183,7619 N INTERSTATE 35,1,0,1,1,0
98433,DOUBLETREE AUSTIN NW ARBORETUM,8901 BUSINESS PARK DR,1,1,1,1,1
98435,HOLIDAY INN EXPRESS,4892 W HIGHWAY 290,1,1,1,1,1
98436,HYATT REGENCY AUSTIN,208 BARTON SPRINGS RD,1,1,1,1,1
98438,LA QUINTA  INN #478,4200 I-35 SOUTH,1,0,1,1,0
98439,LA QUINTA AUSTIN UNIVERSITY AREA,5812 N INTERSTATE 35,1,0,1,1,0
98443,LA QUINTA INN #522,1603 E OLTORF ST,1,0,1,1,0
98445,LAKEWAY RESORT AND SPA,101 LAKEWAY DR,0,0,0,0,0
98447,AUSTIN SUITES HOTEL,8300 N INTERSTATE 35,0,0,0,0,0
98452,SHERATON AUSTIN HOTEL AT THE CAPITOL,701 E 11TH ST,0,0,0,0,0
98453,OMNI AUSTIN HOTEL AT FIC CENTRE,700 SAN JACINTO BLVD,1,1,1,1,1
98457,RADISSON HOTEL & SUITES AUSTIN DOWNTOWN,111 E CESAR CHAVEZ ST,0,0,0,0,0
98463,CROWNE PLAZA AUSTIN,6121 N IH 35,1,1,1,1,1
98464,RENAISSANCE AUSTIN HOTEL,9721 ARBORETUM BLVD,1,1,1,1,1
98474,DRISKILL HOTEL,604 BRAZOS ST,0,0,0,0,0
98482,REGENCY INN & SUITES,3712 7TH ST,0,0,0,0,0
98487,MCM ELEGANTE,2355 IH 10 S,0,0,0,0,0
98502,BUDGET HOST,1520 S I-35,1,1,1,1,1
98507,QUALITY INN & SUITES,300 TULANE AVE,1,1,1,1,1
98510,COACHLIGHT INN,2242 S MARKET ST,0,0,0,0,0
98517,UNIVERSITY INN & SUITES,55 SAM PERL BLVD,0,0,0,0,0
98524,BUDGET INN & SUITES,515 E COMMERCE ST,0,0,0,0,0
98525,UNIVERSITY INN,2300 S TEXAS AVE,0,0,0,0,0
98538,HILTON COLLEGE STATION,801 UNIVERSITY DR E,1,1,1,1,1
98542,DAYS INN,2514 TEXAS AVE S,1,1,1,1,1
98543,HAMPTON INN COLLEGE STATION,320 TEXAS AVE S,1,0,1,1,0
98545,FOUR POINTS BY SHERATON COLLEGE STATION,1503 TEXAS AVE S,1,1,1,1,1
98548,MANOR INN COLLEGE STATION,2504 TEXAS AVE S,0,0,0,0,0
98555,HOLIDAY INN EXPRESS AND SUITES,2240 STONESIDE RD,1,1,1,1,1
98560,RADISSON BEACH HOTEL/PORTABELLA ON THE BAY,3200 E SURFSIDE BLVD,1,1,1,1,1
98565,EXECUTIVE INN,6033 LEOPARD ST,0,0,0,0,0
98566,EMBASSY SUITES CORPUS CHRISTI,4337 S PADRE ISLAND DR,1,1,1,1,1
98569,HOLIDAY INN AIRPORT RESTAURANT,5549 LEOPARD ST,1,1,1,1,1
98571,EMERALD BEACH HOTEL,1102 S SHORELINE BLVD,1,1,1,0,0
98578,LA QUINTA INN CORPUS CHRISTI NORTH,5155 IH 37,1,0,1,1,0
98580,OMNI CORPUS CHRISTI HOTEL-BAYFRONT TOWER,900 N SHORELINE BLVD,1,1,1,1,1
98584,HOTEL ARYA BAYFRONT,601 N WATER ST,0,0,0,0,0
98590,GULFSTREAM COUNCIL OF CO-OWNERS INC,14810 WINDWARD DR,0,0,0,0,0
98594,SUPER 8 MOTEL,2021 REGAL DR,1,1,1,1,1
98603,ECONO LODGE,123 LIBERAL ST,1,1,1,1,1
98606,FAIRMONT DALLAS,1717 N AKARD ST,1,1,1,1,1
98609,THE WESTIN DALLAS DOWNTOWN,1201 MAIN ST,1,1,1,1,1
98622,SPRINGHILL SUITES,2363 STEMMONS TRL,1,1,1,1,1
98629,HOTEL CRESCENT COURT,400 CRESCENT CT,0,0,0,0,0
98631,CROWN PLAZA HOTEL,7050 N STEMMONS FWY,1,1,1,1,1
98638,DOUBLETREE HOTEL DALLAS NEAR THE GALLERIA,4099 VALLEY VIEW LN,1,1,1,1,1
98639,SERATON HOTEL - DALLAS GALLERIA,4801 LYNDON B JOHNSON FWY,0,0,0,0,0
98640,DOUBLE TREE BY HILTON CAMPBELL CENTRE HOTEL,8250 N CENTRAL EXPY,1,1,1,1,1
98641,HILTON DALLAS LINCOLN CENTRE,5410 LYNDON B JOHNSON FWY,1,1,1,1,1
98647,EMBASSY SUITES DALLAS MARKET CENTER,2727 N STEMMONS FWY,1,1,1,1,1
98650,CROWNE PLAZA DALLAS,1015 ELM ST,1,1,1,1,1
98652,AMERICAS BEST VALUE INN,4154 PREFERRED PL,1,1,1,0,0
98653,BEST WESTERN EXECUTIVE INN,12670 E NORTHWEST HWY,0,0,0,0,0
98655,HAWTHORN SUITES DALLAS LOVE FIELD,7900 BROOKRIVER DR,1,1,1,1,1
98657,STUDIO 6,12301 N CENTRAL EXPY,1,1,1,1,1
98679,HYATT REGENCY DALLAS,300 E REUNION BLVD,1,1,1,1,1
98683,LA QUINTA DALLAS-CITY PLACE #512,4440 N CENTRAL EXPY,1,0,1,1,0
98685,LA QUINTA INN- DALLAS EAST  #709,8303 E R L THORNTON FWY,0,0,0,0,0
98686,LA QUINTA INN & SUITES-NORTH PARK #706,10001 N CENTRAL EXPY,1,0,1,1,0
98687,MOTEL 6,13235 N STEMMONS FWY,1,1,1,1,1
98690,MOTEL 6,1625 REGAL ROW,1,1,1,1,1
98694,THE BEEMAN HOTEL,6070 N CENTRAL EXPY,0,1,1,0,0
98704,KNIGHTS INN,1550 EMPIRE CENTRAL,0,0,0,0,0
98705,LONE STAR INN,1720 S BROADWAY ST,0,0,0,0,0
98708,AMERICAS BEST VALUE INN,10335 GARDNER RD,0,0,0,0,0
98710,DALLAS RENAISSANCE,2222 N STEMMONS FWY,1,1,1,1,1
98713,RAMADA LIMITED - MARKET CENTER,2026 MARKET CENTER BLVD,1,1,1,1,1
98717,THE WESTIN DALLAS PARK CENTRAL,12720 MERIT DR,1,1,1,1,1
98719,DALLAS SUITES LLC,2101 N STEMMONS FWY,0,0,0,0,0
98726,MANSION ON TURTLE CREEK,2821 TURTLE CREEK BLVD,1,1,1,1,1
98727,WARWICK MELROSE HOTEL,3015 OAK LAWN AVE,1,1,1,1,1
98728,WESTIN DALLAS GALLERIA HOTEL,13340 DALLAS PKWY,1,1,1,1,1
98730,HOLIDAY INN DALLAS MARKET CENTER,4500 HARRY HINES BLVD,1,1,1,1,1
98731,HILTON ANATOLE HOTEL,2201 N STEMMONS FWY,1,1,1,1,1
98733,EMBASSY SUITE LOVE FIELD,3880 W NORTHWEST HWY,1,1,1,1,1
98736,MOTEL 6,1001 AIRPORT FWY,1,1,1,1,1
98770,BEST WESTERN DECATUR INN,1801 S HIGHWAY 287,1,1,1,1,1
98785,BUDGET HOST INN & SUITES,1500 DALLAS DR,1,1,1,1,1
98786,LA QUINTA INN #542,700 FORT WORTH DR,1,1,1,1,1
98793,LA QUINTA INN #569,2525 E MAIN ST,1,0,1,1,0
98795,ECHO MOTOR HOTEL,1903 S CLOSNER BLVD,0,0,0,0,0
98806,EMBASSY SUITES EL PASO GATEWAY,6100 GATEWAY BLVD E,1,1,1,1,1
98810,COUNTRY INN & SUITES,900 SUNLAND PARK DR,1,1,1,1,1
98812,BEST WESTERN PLUS EL PASO AIRPORT,6655 GATEWAY BLVD W,1,1,1,1,1
98817,LA QUINTA INN EL PASO AIRPORT,6140 GATEWAY BLVD E,1,0,1,1,0
98818,LA QUINTA INN #596,7550 REMCON CIR,1,0,1,1,0
98819,EL PASO MARRIOTT,1600 AIRWAY BLVD,1,1,1,1,1
98821,RADISSON SUITE INN,1770 AIRWAY BLVD,1,1,1,1,1
98827,HOLIDAY INN EXPRESS CENTRAL,409 E MISSOURI AVE,1,1,1,1,1
98828,QUALITY INN,107 WAGON WHEEL DR,1,1,1,0,1
98831,ALL INN,800 E DICKINSON BLVD,0,0,0,0,0
98835,COURTYARD BY MARRIOTT,2201 AIRPORT FWY,1,1,1,1,1
98839,QUALITY INN AND SUITES,2700 CHERRY LN,1,1,1,1,1
98841,RADISSON HOTEL FORT WORTH SOUTH,100 ALTAMESA BLVD E,0,0,0,0,0
98843,STUDIO 6 WHITE SETTLEMENT-WEST MEDICAL CENTER,7888 I-30W,1,1,1,1,1
98854,DALWORTH INN,812 E FELIX ST,0,0,0,0,0
98856,RENAISSANCE WORTHINGTON HOTEL,200 MAIN ST,1,1,1,1,1
98860,ECONOLODGE,810 S ADAMS ST,1,1,1,0,0
98864,SUNDAY HOUSE INN,501 E MAIN ST,0,0,0,0,0
98865,3234 LUCKENBACH RD,3234 LUCKENBACH RD,0,0,0,0,0
98866,SUPER 8 MOTEL,1936 N INTERSTATE 35,1,1,1,1,1
98873,BEACHCOMBER INN,2825 61ST ST,0,1,1,0,1
98879,HOLIDAY INN ON THE BEACH,5002 SEAWALL BLVD,1,1,1,1,1
98885,THE TREMONT HOUSE,2300 MECHANIC ST,0,0,0,0,0
98892,MOTEL 6,1005 LEANDER RD,1,1,1,0,1
98900,CLASSIC INN,1209 N PLAZA DR,0,0,0,0,0
98903,BAYMONT INN & SUITES,1410 N STATE HIGHWAY 161,1,1,1,1,1
98906,GRANBURY INN & SUITES,1335 N PLAZA DR,0,0,0,0,0
98912,QUALITY INN,1002 S EXPRESSWAY 83,1,1,1,0,1
98920,HOUSTON MARRIOTT WESTCHASE,2900 BRIARPARK DR,1,1,1,1,1
98936,COURTYARD HOUSTON BROOKHOLLOW,2504 NORTH LOOP W,1,1,1,1,1
98937,ASTRO INN,100 W CAVALCADE ST,0,0,0,0,0
98940,HOUSTON INN & SUITES,2200 S WAYSIDE DR,0,0,0,0,0
98944,HILTON HOUSTON POST OAK,2001 POST OAK BLVD,1,1,1,1,1
98946,SCOTTISH INN,8381 BROADWAY ST,1,0,1,1,0
98952,FOUR SEASONS HOTEL HOUSTON,1300 LAMAR ST,1,1,1,1,1
98954,DOUBLE TREE SUITES HOUSTON GALLERIA,5353 WESTHEIMER RD,1,1,1,1,1
98955,QUALITY INN,828 MERCURY DR,1,1,1,1,1
98956,WYNDHAM HOUSTON MEDICAL CENTER,6800 MAIN ST,1,1,1,1,1
98959,HOLIDAY INN HOUSTON NRG/MEDICAL CENTER,8111 KIRBY DR,1,1,1,1,1
98964,HAMPTON INN HOUSTON-HOBBY AIRPORT,8620 AIRPORT BLVD,1,1,1,1,1
98966,WYNDHAM-HOUSTON TX,14703 PARK ROW,1,0,1,1,0
98976,HOTEL PREET,14996 NORTHWEST FWY,0,0,0,0,0
98979,CROWNE PLAZA HOUSTON RIVER OAKS,2712 SOUTHWEST FWY,1,1,1,1,1
98981,HOLIDAY INN SOUTHWEST,11160 SOUTHWEST FWY,1,1,1,1,1
98986,LYRIC HOSPITALITY INC,1625 MAIN ST,0,0,0,0,0
98987,HOUSTON AIRPORT MARRIOTT AT GEORGE BUSH INT,18700 JOHN F KENNEDY BLVD,1,1,1,1,1
98991,HOUSTON MARRIOTT MEDICAL CENTER,6580 FANNIN ST,1,1,1,1,1
98996,HILTON HOUSTON PLAZA MEDICAL CENTER HOTEL,6633 TRAVIS ST,1,1,1,1,1
98999,COURTYARD HOUSTON I-10 WEST/ENERGY CORRIDOR,12401 KATY FWY,1,1,1,1,1
99000,HOBBY  INN & SUITES,7775 AIRPORT BLVD,1,1,1,0,0
99006,HYATT REGENCY HOUSTON,1200 LOUISIANA ST,1,1,1,1,1
99007,DOUBLETREE HOUSTON INTERCONTINENTAL AIRPORT,15747 JOHN F KENNEDY BLVD,1,1,1,1,1
99010,ALOFT HOUSTON BY THE GALLERIA,5415 WESTHEIMER RD,1,1,1,1,1
99012,LA COLOMBE D'OR,3410 MONTROSE,0,0,0,0,0
99014,DAYS INN,11002 NORTHWEST FWY,1,1,1,1,1
99015,LA QUINTA INN #649,13290 FM 1960 RD W,1,0,1,1,0
99045,AMERIHOME INN & SUITES,16410 NORTH FWY # I-45,1,1,1,1,1
99054,HOUSTON WEST LOOP BY THE GALLERIA #33743,1750 WEST LOOP S,1,1,1,1,1
99055,OMNI HOUSTON HOTEL AT WESTSIDE,13210 KATY FWY,1,1,1,1,1
99060,OMNI HOUSTON HOTEL,4 RIVERWAY,1,1,1,1,1
99062,DAYS INN HOBBY AIRPORT,1505 COLLEGE AVE,1,1,1,1,1
99066,SPRINGHILL SUITES HOUSTON MEDICAL/RELIANT PARK,1400 OLD SPANISH TRL,1,1,1,1,1
99081,CROWNE PLAZA NORTHWEST - BROOKHOLLOW,12801 NORTHWEST FWY,0,0,0,0,0
99091,BEST CLASSIC INN & SUITES,13611 RANKIN CIR W,0,0,0,0,0
99098,GREAT WESTERN COMPANY,6060 HOOTON ST,0,1,1,0,0
99101,SHERATON NORTH HOUSTON,15700 JOHN F KENNEDY BLVD,1,1,1,1,1
99103,SHERATON SUITES,2400 WEST LOOP S,0,0,0,0,0
99104,HYATT REGENCY HOUSTON INTERCONTINENTAL AIRPORT,425 N SAM HOUSTON PKWY E,1,1,1,1,1
99109,HOUSTONIAN CAMPUS LLC,111 N POST OAK LN,0,1,1,0,0
99110,THE LANCASTER HOTEL - HOUSTON,701 TEXAS ST,0,0,0,0,0
99114,WESTIN HOUSTIN GALLERIA,5060 W ALABAMA ST,1,1,1,1,1
99131,FAIRBRIDGE INN & SUITES AT HOUSTON MED CENTER,6712 MORNINGSIDE DR,1,1,1,1,1
99132,HILTON HOUSTON WESTCHASE,9999 WESTHEIMER RD,1,1,1,1,1
99135,WESTIN HOUSTON OAKS,5011 WESTHEIMER RD,1,1,1,1,1
99137,HILTON HOUSTON NORTH,12400 GREENSPOINT DR,1,1,1,1,1
99152,SUNDAY HOUSE INN - KERRVILLE,2124 SIDNEY BAKER ST,1,1,1,1,1
99155,HOLIDAY INN EXPRESS HOTEL & SUITES,2114 SIDNEY BAKER,1,1,1,1,1
99157,INN OF THE HILLS RESORT & CONFERENCE CENTER,1001 JUNCTION HWY,0,0,0,0,0
99164,ECONOLODGE,606 E CENTRAL TEXAS EXPY,1,1,1,0,0
99168,LA QUINTA INN #527,1112 S FORT HOOD ST,1,0,1,1,0
99179,TANGLEWOOD OPERATORS INC,290 TANGLEWOOD CIR,0,0,0,0,0
99180,LA QUINTA INN LAREDO,3610 SANTA URSULA AVE,1,1,1,1,1
99185,GATEWAY INN L L C,4910 SAN BERNARDO AVE,0,0,0,0,0
99188,HOTEL AVA,800 GARDEN ST,0,0,0,0,0
99189,LA POSADA HOTEL,1000 ZARAGOZA ST,0,0,0,0,0
99193,AMERICAS BEST VALUE INN,5240 SAN BERNARDO AVE,1,1,1,1,1
99199,LA QUINTA INN & SUITES LEWISVILLE,1657 S STEMMONS FWY,1,0,1,1,0
99208,SUPER 8,203 N SPUR 63,1,1,1,1,1
99210,EXPRESS INN,3120 ESTES PKWY,1,1,1,1,1
99212,BAYMONT INN AND SUITES,502 S ACCESS RD,1,0,1,1,0
99219,MCM ELEGANTE HOTEL & SUITES,801 AVENUE Q,0,0,0,0,0
99228,LA QUINTA INN & SUITES DOWNTOWN,601 AVENUE Q,1,1,1,1,1
99229,SURE STAY PLUS BY BEST WESTERN,3901 19TH ST,1,1,1,1,1
99233,STUDIO 6,2551 S LOOP 289,1,1,1,1,1
99237,TEXAS MOTOR INN,2121 N INTERSTATE 27,0,0,0,0,0
99238,COURTYARD LUFKIN,2130 S 1ST ST,1,1,1,1,1
99241,LA QUINTA INN #581,2119 S 1ST ST,1,1,1,1,1
99246,HILL COUNTRY INN,1101 US HIGHWAY 281,0,0,0,0,0
99250,ECONOLODGE,5904 E END BLVD S,1,1,1,1,1
99251,AMERICAS BEST VALUE INN,100 INTERSTATE 20 W,1,1,1,1,1
99253,RODEWAY INN,5301 E END BLVD S,1,1,1,1,1
99262,EMBASSY SUITES HOTEL,1800 S 2ND ST,1,1,1,1,1
99266,LA COPA HOTEL,2000 S 10TH ST,0,0,0,0,0
99278,QUALITY INN,1300 N CENTRAL EXPY,1,1,1,0,1
99295,LA QUINTA INN #455,4130 W WALL AVE,1,0,1,1,0
99299,PLAZA INN MIDLAND,4108 N BIG SPRING ST,0,0,0,0,0
99308,HERITAGE HOUSE INN,2301 W AMERICAN BLVD,0,1,1,0,1
99310,ECONO LODGE,2020 NW STALLINGS DR,1,1,1,1,1
99311,"OYO HOTEL, NACOGDOCHES",3215 SOUTH ST,0,0,0,0,0
99312,VICTORIAN INN & SUITES,3612 NORTH ST,0,0,0,0,0
99317,THE FAUST HOTEL & BREWING CO,240 S SEGUIN AVE,0,0,0,0,0
99318,GARDEN INN OF NEW BRAUNFELS,1051 N BUSINESS IH 35,1,1,1,1,1
99326,ODESSA MOTOR INN,2201 E 2ND ST,0,0,0,0,0
99329,MCM ELEGANTE',5200 E UNIVERSITY BLVD,0,0,0,0,0
99345,QUALITY INN,3505 NE LOOP 286,1,1,1,0,1
99346,BAYMONT INNS & SUITES,3560 NE LOOP 286,1,0,1,1,0
99347,MOTEL 6,425 35TH ST NE,1,1,1,1,1
99349,SUPER 8/PLAINVIEW INN,4005 OLTON RD,1,1,1,1,1
99350,DALLAS PLANO COURTYARD #1N4,4901 W PLANO PKY,1,1,1,1,1
99351,COMFORT INN & SUITES,700 CENTRAL PKWY E,1,1,1,1,1
99361,RELAX INN,2811 MEMORIAL BLVD,0,0,0,0,0
99362,HOLIDAY INN,2929 JIMMY JOHNSON BLVD,1,1,1,1,1
99367,COMO MOTEL,721 S CENTRAL EXPY,0,0,0,0,0
99372,WINGATE BY WYNDHAM RICHARDSON,1577 GATEWAY BLVD,1,1,1,1,1
99374,HOLIDAY INN - RICHARDSON,1655 N CENTRAL EXPY # R,1,1,1,1,1
99375,RED ROOF INN,13685 N CENTRAL EXPY,1,1,1,1,1
99376,DOUBLE TREE,1981 N CENTRAL EXPY,1,1,1,1,1
99385,KEY ALLEGRO HOME,45 NASSAU DR,0,0,0,0,0
99386,LAGUNA REEF CONDOMINIUMS,1021 S WATER ST,0,0,0,0,0
99394,STAGECOACH INN,416 S MAIN ST,0,0,0,0,0
99397,EL PATIO INN,1901 W BEAUREGARD AVE,0,0,0,0,0
99399,RED LION HOTEL,441 RIO CONCHO DR,1,1,1,1,1
99400,LA QUINTA INN & CONFERENCE CENTER #672,2307 LOOP 306,1,0,1,1,0
99401,RED ROOF INN,4205 S BRYANT BLVD,1,1,1,1,1
99416,CROWNE PLAZA SAN ANTONIO,1111 NE LOOP 410,1,1,1,1,1
99417,LA QUINTA INN SAN ANTONIO BROOKS CITY BASE,3180 GOLIAD RD,1,0,1,1,0
99418,AMERICAS BEST VALUE INN,3645 N PANAM EXPY,1,1,1,0,0
99420,COURTYARD BY MARRIOTT SAN ANTONIO AIRPORT,8615 BROADWAY ST,1,1,1,1,1
99421,COURTYARD BY MARRIOTT SAN ANTONIO MEDICAL CENTER,8585 MARRIOTT DR,1,1,1,1,1
99434,EMBASSY SUITES SAN ANTONIO NW I - 10,7750 BRIARIDGE DR,1,1,1,1,1
99436,FIRE SIDE INN,1259 AUSTIN HWY,0,0,0,0,0
99437,BEST WESTERN CASA LINDA SAN ANTOIO AIRPORT,8818 JONES-MALTSBERGER,1,1,1,1,1
99438,HOLIDAY INN EXPRESS SAN ANTONIO,11010 W INTERSTATE 10,1,1,1,1,1
99439,BEST WESTERN PLUS MEDICAL CENTER SOUTH,4803 MANITOU,1,1,1,1,1
99445,HOLIDAY INN - DOWNTOWN MARKET SQUARE,318 W DURANGO BLVD,1,1,1,1,1
99446,SIEGEL SUITES SAN ANTONIO,3855 N PANAM EXPY,0,1,1,0,0
99451,HOLIDAY INN OF SAN ANTONIO RIVERWALK NO 678,217 N SAINT MARYS ST,1,1,1,1,1
99452,MID TOWNE INN & SUITES,9603 N INTERSTATE 35,0,0,0,0,0
99455,HYATT REGENCY SAN ANTONIO,123 LOSOYA ST,1,1,1,1,1
99458,OMNI LA MANSION DEL RIO,112 COLLEGE ST,1,1,1,1,1
99464,LA QUINTA INN,7134 NW LOOP 410,1,0,1,1,0
99468,LA QUINTA INN,6511 W MILITARY DR,1,0,1,1,0
99470,LA QUINTA INN #567,900 DOLOROSA,1,0,1,1,0
99487,SAN ANTONIO MARRIOTT RIVERWALK,711 E RIVER WALK ST,1,1,1,1,1
99488,SAN ANTONIO MARRIOTT RIVERCENTER,101 BOWIE ST,1,1,1,1,1
99489,NEW O'BRIEN LLC,116 NAVARRO ST,0,0,0,0,0
99490,OGE HOUSE INN ON THE RIVERWALK,209 WASHINGTON,0,0,0,0,0
99497,DAYS INN,6023 W INTERSTATE 10,1,1,1,1,1
99501,HALLMARK INN & SUITES,6370 N INTERSTATE 35,0,0,0,0,0
99502,KNIGHTS INN,1131 AUSTIN HWY,1,1,1,1,1
99504,DOUBLETREE BY HILTON HOTEL SAN ANTONIO AIRPORT,37 NE LOOP 410,1,1,1,1,1
99513,AMERICA'S BEST VALUE INN,900 N MAIN AVE,1,1,1,1,1
99518,HILTON SAN ANTONIO AIRPORT,611 NW LOOP 410,1,1,1,1,1
99521,THE INN DOWNTOWN,1614 N SAINT MARYS ST,1,1,1,1,1
99523,TAPATIO SPRINGS RESORT,1 RESORT WAY,0,0,0,0,0
99530,HILTON PALACIO DEL RIO,200 S ALAMO ST,1,1,1,1,1
99531,HOTEL MENGER,204 ALAMO PLZ,1,1,1,0,0
99535,"THE WESTIN RIVERWALK, SAN ANTONIO",420 W MARKET ST,1,1,1,1,1
99542,FIESTA INN AND SUITES,4934 NW LOOP 410,1,1,1,1,1
99547,ECONO LODGE,811 S GUADALUPE ST,1,1,1,0,0
99550,RODEWAY INN,1635 AQUARENA SPRINGS DR,0,0,0,0,0
99553,COMFORT INN & SUITES,3013 N HIGHWAY 123 BYP,1,1,1,1,1
99554,QUALITY INN,2950 N HIGHWAY 123 BYP,1,1,1,1,1
99556,BEST WESTERN PLUS SHAMROCK HOTEL & SUITES,1802 N MAIN ST,1,1,1,1,1
99576,ECONOLODGE,1001 N GENERAL BRUCE DR,1,1,1,0,0
99580,LA QUINTA TEMPLE,1604 W BARTON AVE,1,0,1,1,0
99590,QUALITY INN & SUITES,103 MIRA PL,1,1,1,1,1
99594,RODEWAY INN,5105 N STATE LINE AVE,1,1,1,1,1
99597,ECONOLODGE,4505 N STATE LINE AVE,0,0,0,0,0
99609,SHRI SADGURU SAINATH LLC,30130 STATE HIGHWAY 249,1,1,1,1,1
99619,LA QUINTA INN #457,1601 W SOUTHWEST LOOP 323,1,0,1,1,0
99624,STUDIO 6,3303 TROUP HWY,1,1,1,1,1
99626,HOLIDAY INN SOUTH BROADWAY,5701 S BROADWAY AVE,1,1,1,1,1
99629,DAYS INN UVALDE,920 E MAIN ST,1,1,1,1,1
99634,ECONO LODGE,1601 BROADWAY,1,1,1,0,0
99645,AMERICAN INN,3110 1/2 US HIGHWAY 287 W,0,0,0,0,0
99651,LA QUINTA INN #577,7603 N NAVARRO ST,1,0,1,1,0
99653,AMERICAS BEST VALUE INN & SUITES,3901 HOUSTON HWY,1,1,1,1,1
99670,LA QUINTA INN WACO UNIVERSITY #511,1110 S 9TH ST,0,0,0,0,0
99672,AMERICAS BEST VALUE INN,4201 FRANKLIN AVE,1,1,1,0,0
99673,HILTON HOTEL,113 S UNIVERSITY PARKS DR,1,1,1,1,1
99676,EXECUTIVE INN AND SUITES,803 S INTERSTATE HIGHWAY 35 E,0,0,0,0,0
99684,VALI-HO MOTEL,2100 E BUS HWY 83,0,0,0,0,0
99690,ECONOLODGE WICHITA FALLS,1700 SEYMOUR HWY,1,1,1,0,0
99691,COMFORT INN,1317 KENLEY AVE,1,1,1,0,1
99692,LA QUINTA INN #516,1128 CENTRAL FREEWAY NORTH,1,0,1,1,0
105825,QUALITY INN,1905 SW FRONTAGE RD,1,1,1,1,1
105827,QUALITY INN,500 NW GEORGIA AVE,1,1,1,0,1
105828,ECONO LODGE INN & SUITES,216 SE GEORGIA AVE,1,1,1,1,1
105838,DAYS INN,800 E COLISEUM DR,1,1,1,1,1
105843,SAN ANGELO HAMPTON INN,2959 LOOP 306,1,0,1,1,0
105853,QUALITY INN,4613 S JACKSON ST,1,1,1,1,1
105863,RAMADA LIMITED,2201 N BRYANT BLVD,1,1,1,1,1
105871,INN OF THE CONCHO'S,2121 N BRYANT BLVD,0,0,0,0,0
105873,DAYS INN PLAINVIEW,3600 OLTON RD,1,1,1,1,1
105879,QUALITY INN,1307 AVENUE A,1,1,1,0,1
105898,LA QUINTA INN# 928,1537 N US HIGHWAY 285,1,0,1,1,0
105901,QUALITY INN,1308 N US HIGHWAY 285,1,1,1,0,1
105904,DAYS INN,1408 N US HIGHWAY 285,1,1,1,1,1
105906,SUPER 8,3200 W DICKINSON BLVD,1,1,1,1,1
105919,DAYS INN OF DALHART,701 LIBERAL ST,1,1,1,1,1
105924,MOTEL 6 OF CHILDRESS,1612 AVENUE F NW,1,1,1,1,1
105927,ADVANTAGE INN & SUITES,804 W INTERSTATE 20,0,0,0,0,0
105929,BEST WESTERN,9401 S DESERT BLVD,1,1,1,1,1
105933,COUNTRY HEARTH INN,1808 FM 102 RD,0,0,0,0,0
105934,AMERICA'S BEST VALUE INN,714 S COLUMBIA DR,1,1,1,0,0
105935,COLUMBIA LAKES RESORT HOTEL,180 FREEMAN BLVD,0,1,1,0,0
105948,KNIGHTS INN,3112 HOUSTON HWY,1,1,1,1,1
105951,VICTORIA FAIRFIELD INN,7502 N NAVARRO ST,1,1,1,1,1
105964,SAN JUAN INN,112 W EXPRESSWAY 83,1,1,1,0,0
105972,BLUE WAVE INN,1212 E LAUREL ST,0,1,1,0,0
105979,DAY'S INN,650 S HIGHWAY 77,1,1,1,1,1
105981,SUPER 7 INN,2225 N US HIGHWAY 77,0,0,0,0,0
105985,RANCHO VIEJO RESORT & COUNTRY CLUB,1 RANCHO VIEJO DR,0,0,0,0,0
105995,AMERICA'S BEST VALUE INN,1130 E EXPRESSWAY 83,0,0,0,0,0
105996,RED ROOF INN,4401 N CAGE BLVD,1,1,1,1,1
106009,HILTON MIDLAND PLAZA,117 W WALL,1,1,1,1,1
106012,DAYS INN MIDLAND,3904 W WALL ST,1,1,1,1,1
106013,SUPER 8,3828 W WALL ST,1,1,1,1,1
106014,"MILAN JAY HOTELS,LLC",2500 COMMERCE DR,1,1,1,1,1
106020,MIDLAND FAIRFIELD INN & SUITES,2300 FAULKNER DR,1,1,1,1,1
106024,QUALITY SUITES MIDLAND,4706 N GARFIELD ST,0,1,1,0,1
106039,COURTYARD BY MARRIOTT,2131 S 10TH ST,1,1,1,1,1
106045,RESIDENCE INN MCALLEN,220 W EXPRESSWAY 83,1,1,1,1,1
106058,DAYS INN LYTLE,19525 MCDONALD ST,1,1,1,1,1
106067,HAMPTON INN KINGSVILLE,2489 S US HIGHWAY 77 BYP,1,1,1,1,1
106071,QUALITY INN,505 N US HIGHWAY 77 BYP,1,1,1,0,1
106081,RAMADA INN - HARLINGEN,4401 S EXPRESSWAY 83,1,1,1,1,1
106084,COURTYARD HARLINGEN,1725 W FILMORE AVE,1,1,1,1,1
106085,TEXAS INN,406 N EXPRESSWAY 77,0,0,0,0,0
106099,MOTEL 6,1801 S CLOSNER BLVD,1,1,1,1,1
106106,AMERICA'S BEST VALUE INN OF EAGLE PASS,2150 DEL RIO BLVD,1,1,1,1,1
106114,SUPER 8 MOTEL,2005 E EXPWAY,1,1,1,1,1
106123,QUALITY INN AND SUITES,3616 VETERANS BLVD,1,1,1,1,1
106133,HOLIDAY INN EXPRESS & SUITES,1117 HIGHWAY 332,1,1,1,1,1
106138,AMERICAS BEST VALUE INN,805 HIGHWAY 332,1,1,1,1,1
106153,AMERICAS BEST VALUE INN,715 S US HIGHWAY 77,1,1,1,1,1
106165,NEW KELSEY HOTELS LLC,410 E GOODNIGHT AVE,1,1,1,1,1
106170,BEST WESTERN ANGELTON INN,1809 N VELASCO ST,1,1,1,1,1
106171,SCOTTISH INN,815 S US HIGHWAY 281,1,1,1,0,0
106172,DAYS INN,555 N JOHNSON ST,1,1,1,1,1
106176,WACO FAIRFIELD INN & SUITES,5805 WOODWAY DR,1,1,1,1,1
106181,DAYS IN AND SUITES OF WINNIE,14932 FM 1663 RD,1,1,1,1,1
106192,12323 INTERSTATE 45 NORTH,12323 INTERSTATE 45 N,1,1,1,1,1
106213,HAMPTON INN,2524 S MAIN ST,1,0,1,1,0
106229,GRAND MAGNUSON AND CONFERENCE CENTER,3310 TROUP HWY,0,1,1,0,1
106230,DAYS INN TYLER,3130 TROUP HWY,1,1,1,1,1
106235,ECONOLODGE INN & SUITES,2631 W NORTHWEST LOOP 323,0,1,1,0,1
106241,THE WOODLANDS RESIDENCE INN,1040 LAKE FRONT CIR,1,1,1,1,1
106244,DRURY INN HOUSTON THE WOODLAND,28099 I-45 NORTH,1,1,1,1,1
106245,THE WOODLANDS COURTYARD,1020 LAKE FRONT CIR,1,1,1,1,1
106246,COMFORT SUITES THE COLONY- PLANO WEST,4796 MEMORIAL DR,1,1,1,1,1
106248,SCOTTISH INN,1121 HIGHWAY 146 N,1,1,1,1,1
106249,QUALITY INN & SUITES,2320 FM 2004 RD,1,1,1,1,1
106314,COUNTRY INN & SUITES,1414 SW H K DODGEN LOOP,1,1,1,1,1
106315,DAYS INN,1104 N GENERAL BRUCE DR,1,1,1,1,1
106320,DRURY INN & SUITES - HOUSTON SUGARLAND,13770 SOUTHWEST FWY,1,1,1,1,1
106336,LA QUINTA INN - STAFFORD/SUGARLAND #696,12727 SOUTHWEST FWY,1,0,1,1,0
106337,STAFFORD HAMPTON INN,4714 TECHNIPLEX DR,1,0,1,1,0
106338,COURTYARD BY MARRIOTT SUGARLAND,12655 SOUTHWEST FWY,1,1,1,1,1
106339,COMFORT SUITES,4820 TECHNIPLEX DR,1,1,1,1,1
106352,LA QUINTA INN AND SUITES,2912 N US HIGHWAY 75,1,0,1,1,0
106367,HAMPTON INN,2904 MICHELLE DR,1,0,1,1,0
106372,COMFORT SUITES OF SHERMAN,2900 N US HIGHWAY 75,0,1,1,0,1
106389,RODE WAY III,2021 HIGHWAY 36 S,0,0,0,0,0
106441,RED ROOF INN AUSTIN/ROUND ROCK,1990 N INTERSTATE 35,1,1,1,1,1
106447,QUALITY INN & SUITES,1802 S I H 35,1,1,1,1,1
106452,COURTYARD BY MARRIOTT AUSTIN ROUND ROCK,2700 HOPPE TRL,1,1,1,1,1
106458,KNIGHTS INN,26010 SOUTHWEST FWY,1,1,1,1,1
106476,RESIDENCE INN BY MARRIOTT DALLAS PLANO/LEGACY,5001 WHITESTONE LN,1,1,1,1,1
106479,LA QUINTA INN & SUITES #968,4800 W PLANO PKWY,1,0,1,1,0
106480,COURTYARD BY MARRIOTT DALLAS PLANO IN LEGACY PARK,6840 DALLAS PKWY,1,1,1,1,1
106512,QUALITY INN WEST PLANO-DALLAS,5021 W PLANO PKWY,1,1,1,1,1
106524,RAMADA LTD - PLANO,621 CENTRAL PKWY E,1,0,1,1,0
106526,CANDLEWOOD SUITES DALLAS - PLANO,4701 LEGACY DR,0,1,1,0,1
106527,EXECUTIVE INN,4222 SPENCER HWY,0,0,0,0,0
106547,EXPRESS INN AND SUITES,1100 E PALESTINE AVE,0,0,0,0,0
106570,COMFORT SUITES,1489 N INTERSTATE 35,1,1,1,0,1
106602,SUPER 8 BY WYNDHAM,204 LAKEWOOD DR,1,1,1,1,1
106614,EXECUTIVE INN AND SUITES,3447 INTERSTATE 30,1,1,1,1,1
106619,HAMPTON INN & SUITES,1700 RODEO DR,1,1,1,1,1
106621,MESQUITE FAIRFIELD INN & SUITES,4020 TOWNE CROSSING BLVD,1,1,1,1,1
106629,CROSSLAND - DALLAS - MESQUITE - 3544,2544 INTERSTATE 30,1,1,1,1,1
106631,QUALITY INN MESQUITE,923 WINDBELL CIR,1,1,1,1,1
106632,DAYS INN  - MCKINNEY,2104 N CENTRAL EXPY,1,1,1,1,1
106641,ECONO LODGE INN & SUITES,915 S CENTRAL EXPY,1,1,1,1,1
106653,QUALITY INN,4911 E END BLVD S,1,1,1,1,1
106655,HAMPTON INN,5100 E END BLVD S,1,0,1,1,0
106656,QUALITY INN,1206 HWY 281 NORTH,1,1,1,1,1
106658,HAMPTON INN,704 1ST ST,1,0,1,1,0
106661,QUALITY INN & SUITES,4306 S 1ST ST,1,1,1,1,1
106668,HOMEWOOD SUITES,205 N SPUR 63,1,1,1,1,1
106672,DAYS INN,112 S ACCESS RD,1,1,1,1,1
106678,KNIGHTS INN,3103 ESTES PKWY,1,1,1,1,1
106706,HOLIDAY INN EXPRESS LIVINGSTON,120 SOUTHPOINT LOOP,1,1,1,1,1
106707,SUPER 8 - LIVINGSTON,117 HIGHWAY 59 LOOP S,1,1,1,1,1
106717,BEST WESTERN LINDALE INN,3501 S MAIN ST,1,1,1,1,1
106729,HOMEWOOD SUITES,700 HEBRON PKWY,1,1,1,1,1
106744,EXTENDED STAY AMERICA # 6073,1900 LAKEPOINTE DR,1,1,1,1,1
106751,CLARION INN,925 HIGHWAY 332,1,1,1,1,1
106752,FLAGSHIP INN,8875 HIGHWAY 279,0,0,0,0,0
106755,LA QUINTA LA PORTE,1105 HIGHWAY 146 S,1,0,1,1,0
106758,COMFORT SUITES LA PORTE,902 S 8TH ST,1,1,1,0,1
106766,HAMPTON INN,2702 O W CURRY DR,1,0,1,1,0
106785,EXECUTIVE INN,3505 N HWY 295 EAST,0,0,0,0,0
106792,DAYS INN OF KERRVILLE,2000 SIDNEY BAKER,1,1,1,1,1
106802,QUALITY INN,2001 SIDNEY BAKER ST,1,1,1,1,1
106804,BOARDWALK INN,8 WATERFRONT,0,0,0,0,0
106833,ECONOLODGE,111 MARTINEZ ST,1,1,1,0,0
106846,RAMADA INN --JASPER,239 E GIBSON ST,1,1,1,1,1
106863,EXECUTIVE INN,1848 S JACKSON ST,0,0,0,0,0
106865,HYATT PLACE FORT WORTH/HURST,1601 HURST TOWN CENTER DR,1,1,1,1,1
106867,LA QUINTA INN #947,124 IH 45 N,0,0,0,0,0
106924,QUALITY INN,1505 HILLVIEW DR,1,1,1,1,1
106938,ECONO LODGE,1515 OLD BRANDON RD,1,1,1,1,1
106964,SUPER 8 MOTEL,5010 HIGHWAY 69 S,1,1,1,1,1
106970,GUEST INN & SUITES,1209 I 30 FRONTAGE RD,0,0,0,0,0
106992,HILTON DFW HOTEL AND EXECUTIVE CONFERENCE CENTER,1800 STATE HIGHWAY 26,1,1,1,1,1
106996,QUALITY INN AND SUITES,3891 S GREAT SOUTHWEST PKWY,1,1,1,1,1
107008,HERITAGE INN,2615 SARA JANE PKWY,0,1,1,0,1
107020,BUDGET SUITES OF AMERICA TX-372,2770 N HIGHWAY 360,1,1,1,0,0
107027,LA QUINTA GEORGETOWN,333 N INTERSTATE 35,1,1,1,1,1
107030,GEORGETOWN INN,209 N INTERSTATE 35,1,1,1,0,0
107032,EXPRESS INN,1821 NORTHWEST HWY,0,0,0,0,0
107035,DAYS-INN,3645 LEON RD,1,1,1,1,1
107037,THE HOTEL GALVEZ,2024 SEAWALL BLVD,0,0,0,0,0
107051,MOODY GARDENS HOTEL,1 HOPE BLVD,0,0,0,0,0
107089,DAYS INN,808 S ADAMS ST,1,1,1,1,1
107102,QUALITY INN,3232 SE LOOP 820,1,1,1,0,1
107107,DAYS INN,603 W US HIGHWAY 84,1,1,1,1,1
107161,LA QUINTA,801 N US HIGHWAY 75,1,0,1,1,0
107163,ECONO LODGE,1709 S HIGHWAY 287,1,1,1,0,0
107164,MAGNUSON GRAND DESOTO,1515 S. INTERSTATE 35E,0,1,1,0,1
107165,MOTEL 6,2018 S US HIGHWAY 287,1,1,1,1,1
107168,ECONO LODGE,1601 INTERSTATE 45 S,0,0,0,0,0
107187,COMFORT INN CONROE,1115 LEAGUE LINE RD,1,1,1,0,1
107195,COUNTRY HEARTH INN,2436 HIGHWAY 71 S,1,1,1,0,0
107209,TOWNEPLACE SUITES BRYAN COLLEGE STATION,1300 UNIVERSITY DR E,1,1,1,1,1
107255,DELUX INN,101 N RIDGEWAY DR,0,1,1,0,1
107292,"LA QUINTA INN & SUITES, CEDAR PARK",1010 E WHITESTONE BLVD,1,1,1,1,1
107293,MAGNUSON HOTEL OF CEDAR HILL,1439 N US HIGHWAY 67,0,1,1,0,1
107294,LUXURY SUITES,3001 N TRADE DAYS BLVD,1,1,1,1,1
107295,QUALITY INN & SUITES,2406 N TRADE DAYS BLVD,1,1,1,1,1
107301,BEST WESTERN POST OAK INN,908 BUCHANAN DR,1,1,1,1,1
107308,DAYS INN,329 S BURLESON BLVD,1,1,1,1,1
107310,QUALITY SUITES,321 S BURLESON BLVD,0,1,1,0,1
107312,BRYAN FAIRFIELD INN & SUITES,4613 S TEXAS AVE,1,1,1,1,1
107320,AMERICAS BEST VALUE INN,2217 S MARKET ST,1,1,1,1,1
107370,KNIGHTS INN,1102 E 2ND AVE,1,1,1,1,1
107378,EXTENDED STAY AMERICA #6072,1908 FOREST RIDGE DR,1,1,1,1,1
107380,BEDFORD TOWNEPLACE SUITES,2301 PLAZA PKWY,1,1,1,1,1
107382,HOMEWOOD SUITES,2401 AIRPORT FWY,1,1,1,1,0
107383,HOLIDAY INN DALLAS DFW AIPORT AREA WEST,3005 AIRPORT FWY,1,1,1,1,1
107387,SUPER 8,1800 AIRPORT FWY,1,1,1,1,1
107407,HAMPTON INN 3795,3795 INTERSTATE 10 S,1,0,1,1,0
107421,FAIRFIELD INN & SUITES,2265 INTERSTATE 10 S,1,1,1,1,1
107441,LA QUINTA INN & SUITES #4025,5215 I-10 EAST,1,0,1,1,0
107451,QUALITY INN,5222 I-10 EAST,1,1,1,1,1
107452,HAMPTON INN,7211 GARTH RD,1,0,1,1,0
107454,DAYS INN,4102 HIGHWAY 71 E,1,1,1,1,1
107456,QUALITY INN,106 HASLER ST,1,1,1,1,1
107465,LA QUINTA INN LAREDO,3610 SANTA URSULA AVE,1,0,1,1,0
107470,HAMPTON INN LAREDO,7903 SAN DARIO AVE,1,0,1,1,0
107487,FAMILY GARDENS INN & SUITES,5830 SAN BERNARDO AVE,0,0,0,0,0
107489,COURTYARD BY MARRIOTT LAREDO,2410 SANTA URSULA AVE,1,1,1,1,1
107490,CORPUS CHRISTI RESIDENCE INN,5229 BLANCH MOORE,1,1,1,1,1
107531,EXTENDED STAY AMERICA - CORPUS CHRISTI - STAPLES,6218 S STAPLES ST,1,1,1,1,1
107558,CORPUS CHRISTI COUNTRY INN & SUITES,5209 BLANCH MOORE,1,1,1,1,1
107579,BEST WESTERN ON THE ISLAND,14050 S PADRE ISLAND DR,1,1,1,1,1
107599,QUALITY INN & SUITES,1901 N PADRE ISLAND DR,0,0,0,0,0
107600,KNIGHTS INN,3615 TIMON BLVD,1,1,1,1,1
107629,CORPUS CHRISTI FAIRFIELD INN,5217 BLANCH MOORE,1,1,1,1,1
107641,PLAZA INN,2021 N PADRE ISLAND DR,0,0,0,0,0
107649,PARADISE INN,6301 S PADRE ISLAND DR,1,1,1,1,1
107659,DAYS INN,4302 SURFSIDE BLVD,1,1,1,1,1
107680,ABV INN OF CORPUS CHRISTI,910 CORN PRODUCT RD,1,1,1,1,1
107708,SUPER 8,902 NAVIGATION BLVD,1,1,1,1,1
107743,MOTEL 6,15725 BAMMEL VILLAGE DR,1,1,1,1,1
107757,INTOWN SUITES HOUSTON INTERCONTINENTAL,720 N SAM HOUSTON PKWY E,1,1,1,1,1
107768,COMFORT INN AND SUITES FM 1960 -CHAMPIONS,3555 CYPRESS CREEK PKWY,1,1,1,1,1
107769,FAIRFIELD INN & SUITES HOUSTON N - CYPRESS STATION,17617 NORTH FWY,1,1,1,1,1
107776,QUALITY SUITES,150 OVERLAND TRL,0,1,1,0,1
107783,HAMPTON INN & SUITES BUSH INTERCONTINENTAL AIRPORT,15831 JOHN F KENNEDY BLVD,1,1,1,1,1
107787,BUDGETEL INN,904 NASA PKWY,1,1,1,1,1
107812,HOUSTON WINDSOR SUITES,13371 FM 1960 RD W,1,1,1,1,1
107825,EXTENDED STAY AMERICA #6074,13505 NORTH FWY,1,1,1,1,1
107826,MARRIOT HOUSTON NORTH,255 N SAM HOUSTON PKWY E,1,1,1,1,1
107834,HYATT PLACE HOUSTON BUSH AIRPORT,300 RONAN PARK PL,1,1,1,1,1
107836,ST REGIS HOUSTON,1919 BRIAR OAKS LN,0,0,0,0,0
107844,RESIDENCE INN BY MARRIOTT HOUSTON GALLERIA,2500 MCCUE RD # 1,1,1,1,1,1
107856,LA QUINTA INN & SUITES #963,1625 WEST LOOP S,1,0,1,1,0
107863,EXTENDED STAY AMERICA - HOUSTON - WESTCHASE - WEST,2424 W SAM HOUSTON PKWY S,1,1,1,1,1
107867,RESIDENCE INN HOUSTON WESTCHASE,9965 WESTHEIMER RD,1,1,1,1,1
107908,CLARION INN & SUITES - WESTCHASE,2930 W SAM HOUSTON PKWY S,1,1,1,1,1
107915,DRURY INN HOUSTON GALLERIA,1615 WEST LOOP S,1,1,1,1,1
107924,COURTYARD HOUSTON WESTCHASE,9975 WESTHEIMER RD,1,1,1,1,1
107929,CANDLEWOOD SUITES HOUSTON - WESTCHASE,4033 W SAM HOUSTON PKWY S # 5,0,1,1,0,1
107930,CANDLEWOOD SUITES HOUSTON BY THE GALLERIA,4900 LOOP CENTRAL DR,1,1,1,1,1
107947,LA QUINTA INNS & SUITES #956,15225 KATY FWY,1,0,1,1,0
107952,CANDLWOOD SUITES HOUSTON - TOWN & COUNTRY,10503 TOWN AND COUNTRY WAY,0,1,1,0,1
107954,HOUSTON TOWNEPLACE SUITES,15155 KATY FWY,1,1,1,1,1
107956,EXTENDED STAY AMERICA - HOUSTON - NORTHWEST - HWY,5454 HOLLISTER ST,1,1,1,1,1
107957,HOUSTON TOWNEPLACE GALLERIA,12820 NORTHWEST FWY,1,1,1,1,1
107982,WYNDHAM GARDEN HOTEL,18818 STATE HIGHWAY 249,1,0,1,1,0
107991,BEST WESTERN PLUS,1000 HIGHWAY 6 N,1,1,1,1,1
107993,CROSSLAND - HOUSTON - 3543,2130 HIGHWAY 6 S,1,1,1,0,1
107994,CROSSLAND - HOUSTON - NORTHWEST - 3542,5959 GUHN RD,1,1,1,0,1
107999,ECONO LODGE/QUALITY INN & SUITES,715 HIGHWAY 6 S,0,0,0,0,0
108006,MOTEL 6,10155 EAST FWY,0,0,0,0,0
108010,ECONO LODGE INN & SUITES,1016 MAXEY RD,1,1,1,1,1
108020,BEST WESTERN HERITAGE INN,10521 EAST FWY,1,1,1,1,1
108038,229 CONRAD N HILTON HOTEL & COLLEGE,4800 CALHOUN,1,1,1,1,1
108047,RODEWAY INN & SUITES,4760 SHERWOOD LN,1,1,1,1,1
108054,TOWNE PLACE SUITES HOUSTON NASA/CLEAR LAKE,1050 BAY AREA BLVD,1,1,1,1,1
108060,CANDLEWOOD SUITES HOUSTON -CLEAR LAKE,2737 BAY AREA BLVD,0,1,1,0,1
108061,HOUSTON SPRINGHILL SUITES,2750 NORTH LOOP W,1,1,1,1,1
108130,EXTENDED STAY AMERICA #62,1303 LA CONCHA LN,1,1,1,1,1
108141,LA QUINTA INN & SUITES-BUSH INTERCONTINENTAL #178,15510 JOHN F KENNEDY BLVD,1,0,1,1,0
108148,HOLIDAY INN HOUSTON-INTERCONTINENTAL AIRPORT,15222 JOHN F KENNEDY BLVD,1,1,1,1,1
108150,COURTYARD BY MARRIOTT HOUSTON HOBBY AIRPORT,9190 GULF FWY,1,1,1,1,1
108152,SUPER 8,200 PALISADES DR,1,1,1,1,1
108153,MISSION INN,3760 ROOSEVELT AVE,0,0,0,0,0
108154,ECONOLODGE DOWNTOWN SAN ANTONIO,606 DIVISION AVE,1,1,1,1,1
108171,COUNTRY INN AND SUITES LACKLAND AFB,6502 ENRIQUE M BARRERA PKWY,1,1,1,1,1
108190,TOWNEPLACE SUITES SAN ANTONIO DOWNTOWN,409 E HOUSTON ST,1,1,1,1,1
108219,QUALITY INN,3939 E HOUSTON ST,1,1,1,1,1
108250,WYNDHAM SAN ANTONIO RIVERWALK HOTEL,111 E PECAN ST,1,0,1,1,0
108251,DAYS INN,902 E HOUSTON ST,1,1,1,1,1
108260,BEST WESTERN PLUS DOWNTOWN NORTH,2131 IH 35 N,1,1,1,1,1
108303,ECONO LODGE INNS & SUITES,2755 N PANAM EXPY,1,1,1,1,1
108306,HOTEL INDIGO,830 N SAINT MARYS ST,1,1,1,1,1
108339,FAIRFIELD INN SAN ANTONIO DOWNTOWN,620 S SANTA ROSA AVE,1,1,1,1,1
108361,SAN ANTONIO DOWNTOWN MARKET SQ #1N7,600 S SANTA ROSA AVE,1,1,1,1,1
108408,HYATT SAN ANTONIO AIRPORT/QUARRY MARKET,7615 JONES MALTSBERGER RD,1,1,1,1,1
108426,DAYS INN SAN ANTONIO AIRPORT,542 NE LOOP 410,1,1,1,1,1
108487,PEARTREE INN SAN ANTONIO AIRPORT,143 NE LOOP 410,1,1,1,1,1
108493,STUDIO 6 SAN ANTONIO-AIRPORT,11221 SAN PEDRO AVE,1,1,1,1,1
108522,TRAVELODGE SAN ANTONIO AIRPORT,2383 NE LOOP 410,1,1,1,1,1
108534,DRURY INN & SUITES-SAN ANTONIO AIRPORT,95 NE LOOP 410,1,1,1,1,1
108562,COURTYARD BY MARRIOTT SAN ANTONIO AIRPORT,80 NE LOOP 410,1,1,1,1,1
108571,LA CANTERA HILL COUNTRY RESORT,16641 LA CANTERA PKWY,0,0,0,0,0
108608,DAYS INN - FIESTA PARK,11790 W INTERSTATE 10,1,1,1,1,1
108642,BAYMONT INN & SUITES,9542 W INTERSTATE 10,1,1,1,1,1
108676,HOWARD JOHNSON,6901 W INTERSTATE 10,1,1,1,1,1
108736,EXTENDED STAY AMERICA #6083,4331 SPECTRUM ONE,1,1,1,1,1
108763,STAYBRIDGE SUITES SAN ANTIONIO,4320 SPECTRUM ONE,1,1,1,1,1
108831,SUPER 8 MOTEL,5319 CASA BELLA,1,1,1,1,1
108913,MAGNUSON HOTEL FIESTA PARK,13279 W I 10,0,1,1,0,1
108922,STAR INN HOTEL SEA WORLD,6360 NW LOOP 410,0,0,0,0,0
108932,BEST WESTERN FIESTA INN,13535 W INTERSTATE 10,1,1,1,1,1
108934,HOMEGATE STUDIO AND SUITES,10950 LAUREATE DR BLDG C,1,1,1,0,0
108937,EDELWEISS HAUS INN,1065 N IH 35,0,0,0,0,0
108938,DAYS INN,3443 N PANAM EXPY,1,1,1,1,1
108941,MOTEL 6,218 S WW WHITE RD,1,1,1,1,1
108943,QUALITY SUITES,6350 N INTERSTATE 35,0,1,1,0,1
108944,EL PASO CHASE SUITE HOTEL,6791 MONTANA AVE,0,0,0,0,0
108945,HAMPTON INN EL PASO,6635 GATEWAY BLVD W,1,1,1,1,1
108946,6078 W EL PASO TX HOTEL LLC,990 SUNLAND PARK DR,1,1,1,1,1
108948,QUALITY INN & SUITES,6099 MONTANA AVE,1,1,1,1,1
108953,"886 AIRPORT EL PASO TX HOTEL, LLC",6580 MONTANA AVE,1,1,1,1,1
108957,QUALITY SUITES UNIVERSITY,969 SUNLAND PARK DR,0,1,1,0,1
108958,ECONOLODGE INN & SUITES,7651 N MESA ST,1,1,1,1,1
108959,QUALITY INN EL PASO EAST,900 N YARBROUGH DR,1,1,1,1,1
108960,VINTAGE VILLAS,4209 ECK LN,0,0,0,0,0
108961,RESIDENCE INN AUSTIN SOUTH,4537 S INTERSTATE 35,1,1,1,1,1
108962,RESIDENCE INN AUSTIN NORTHWEST/ARBORETUM,3713 TUDOR BLVD,1,1,1,1,1
108964,LA QUINTA INN- AUSTIN CAPITOL # 907,300 E 11TH ST,1,0,1,1,0
108965,LA QUINTA INNS AND SUITES #177,4424 SOUTH MOPAC SERVICE ROAD,1,0,1,1,0
108967,LA QUINTA INN & SUITES- AUSTIN AIRPORT #186,7625 E BEN WHITE BLVD,1,0,1,1,0
108969,HABITAT SUITES HOTEL,500 E HIGHLAND MALL BLVD,0,0,0,0,0
108971,HYATT PLACE AUSTIN ARBORETUM,3612 TUDOR BLVD,1,1,1,1,1
108972,SPRINGHILL SUITES MARRIOTT,10936 STONELAKE BLVD,1,1,1,1,1
108976,HOMEWOOD SUITES AUSTIN,4143 GOVERNORS ROW,1,1,1,1,1
108977,HOMEWOOD SUITES AUSTIN NW,10925 STONELAKE BLVD,1,1,1,1,1
108979,HAMPTON INN AUSTIN-SOUTH,4141 GOVERNORS ROW,1,0,1,1,0
108980,HAMPTON INN AUSTIN NW,3908 W BRAKER LN,1,0,1,1,0
108981,EMBASSY SUITES AUSTIN,9505 STONELAKE BLVD,1,1,1,1,1
108982,DOUBLETREE GUEST SUTIES - AUSTIN TX,303 W 15TH ST,1,1,1,1,1
108984,HOLIDAY INN EXPRESS AUSTIN NORTH CENTRAL,8500 N INTERSTATE 35,1,1,1,1,1
108985,EXTENDED STAY AMERICA # 6081,6300 E HIGHWAY 290,1,1,1,1,1
108988,AMERICA'S BEST VALUE INN,909 E KOENIG LN,1,1,1,0,0
108991,LA QUINTA INN & SUITE,7622 N INTERSTATE 35,1,0,1,1,0
108995,FAIRFIELD INN & SUITES AUSTIN UNIVERSITY,959 REINLI ST,1,1,1,1,1
108996,FAIRFIELD INN & AUSTIN SOUTH,4525 S INTERSTATE 35,1,1,1,1,1
108997,EXTENDED STAY AMERICA #6027,10100 N CAPITAL OF TEXAS HWY,1,1,1,1,1
108999,RAMADA AUSTIN CENTRAL,919 E KOENIG LN,1,1,1,1,1
109002,COURTYARD AUSTIN SOUTH,4533 S INTERSTATE 35,1,1,1,1,1
109004,COURTYARD AUSTIN NORTHWEST/ARBORETUM,9409 STONELAKE BLVD,1,1,1,1,1
109006,COMFORT SUITES AUSTIN NW LAKELINE,13681 N HIGHWAY 183,1,1,1,1,1
109007,COMFORT INN AUSTIN,700 DELMAR AVE,1,1,1,1,1
109008,BEST WESTERN PLUS AUSTIN CITY HOTEL,2200 S I H 35,1,1,1,1,1
109010,CANDLEWOOD SUITES AUSTIN ARBORETUM NW,9701 STONELAKE BLVD,0,1,1,0,1
109012,LA QUINTA INN & SUITES #2000,150 PARKER DR,1,0,1,1,0
109013,LA QUINTA AUSTIN SOUTH,4200 S INTERSTATE 35,1,1,1,1,1
109017,SPRINGHILL SUITES WACO,115 S JACK KULTGEN EXPY,0,0,0,0,0
109020,SUPER 8 MOTEL,1320 S JACK KULTGEN EXPY,1,1,1,1,1
109022,WACO RESIDENCE INN,501 S UNIVERSITY PARKS DR,1,1,1,1,1
109025,COURTYARD BY MARRIOTT,101 WASHINGTON AVE,1,1,1,1,1
109028,RESIDENCE INN BY MARRIOTT DALLAS RICHARDSON,1040 WATERWOOD DR,1,1,1,1,1
109030,HAWTHORN SUITES BY WYNDHAM,250 MUNICIPAL DR,1,1,1,1,1
109032,EXTENDED STAY AMERICA #9711,901 E CAMPBELL RD,1,1,1,1,1
109033,ECONOLODGE INN & SUITES DALLAS-RICHARDSON,2458 N CENTRAL EXPY,1,1,1,1,1
109035,"6016 GREENVILLE DALLAS TX HOTEL, LLC",12270 GREENVILLE AVE,1,1,1,1,1
109037,SONESTA SELECT DALLAS RICHARDSON,2191 N GREENVILLE AVE,0,1,1,0,1
109038,SUPER 8 MOTEL,220 W SPING VALLEY ROAD,1,1,1,1,1
109039,"CANDLEWOOD SUITES DALLAS, NORTH RICHARDSON",12525 GREENVILLE AVE,0,1,1,0,1
109040,HYATT HOUSE DALLAS RICHARDSON,2301 N CENTRAL EXPY,1,1,1,1,1
109042,RESIDENCE INN DALLAS LAS COLLINAS,950 W WALNUT HILL LN,1,1,1,1,1
109044,TOWNE PLACE SUITES DALLAS LOS COLINAS,900 W WALNUT HILL LN,1,1,1,1,1
109045,EXTENDED STAY AMERICA #6082,605 MEADOW CREEK DR,1,1,1,1,1
109047,RESIDENCE INN DALLAS LAS COLLINAS,950 W WALNUT HILL LN,1,1,1,1,1
109048,COMFORT SUITES,1223 GREENWAY DR,1,1,1,1,1
109049,CANDLEWOOD SUITES DALLAS-LAS COLINAS,5300 GREEN PARK DR,0,1,1,0,1
109050,AVR LAS COLINAS LC BOULEVARD HOTEL LLC,7516 LAS COLINAS BLVD,1,1,1,1,1
109051,WINGATE BY WYNDHAM,8220 EASTERS BLVD,1,1,1,1,1
109052,MARRIOTT LAS COLINAS,223 W LAS COLINAS BLVD,1,1,1,1,1
109054,HOME 2 SUITES DFW N,4700 PLAZA DR,1,1,1,1,1
109058,DAYS INN-TX STADIUM,2200 E AIRPORT FWY,1,1,1,1,1
109062,DAYS INN LANCASTER,8212 S LANCASTER RD,1,1,1,1,1
109064,CROSSLAND - DALLAS - IRVING - 3546,3440 W WALNUT HILL LN,1,1,1,0,1
109072,BUDGET SUITES OF AMERICA,700 WALNUT RIDGE DR,1,1,1,0,0
109088,RESIDENCE INN BY MARRIOTT FORT WORTH FOSSIL CREEK,5801 SANDSHELL DR,1,1,1,1,1
109100,LA QUINTA INN & SUITES #957,4900 BRYANT IRVIN RD,1,0,1,1,0
109101,LA QUINTA INN & SUITES #950,4700 NORTH FWY,1,0,1,1,0
109104,HYATT PLACE FORT WORTH/CITYVIEW,5900 CITYVIEW BLVD,1,1,1,1,1
109111,TOWNEPLACE SUITES FORT WORTH SOUTHWEST,4200 INTERNATIONAL PLZ,1,1,1,1,1
109116,"6084 SW FT WORTH TX HOTEL, LLC",4701 CITYLAKE BLVD W,1,1,1,1,1
109119,"6071 FOSSIL CREEK FT WORTH TX HOTEL, LLC",3261 NE LOOP 820,1,1,1,1,1
109138,RADISSON FORT WORTH NORTH,2540 MEACHAM BLVD,1,1,1,1,1
109143,COUNTRY INN AND SUITES,2730 CHERRY LN,1,1,1,1,1
109156,HILTON GARDEN INN,4400 NORTH FWY,1,1,1,1,1
109164,SUPER 8 MOTEL,151 E ALSBURY BLVD,1,1,1,1,1
109173,FORT WORTH FAIRFIELD INN & SUITES,1505 S UNIVERSITY DR,1,1,1,1,1
109175,"6092 CITY VIEW FT WORTH TX HOTEL, LLC",5831 OVERTON RIDGE BLVD,1,1,1,1,1
109187,COURTYARD BY MARRIOTT #1N8,3150 RIVERFRONT DR,1,1,1,1,1
109201,SONESTA SELECT FORT WORTH,3751 NE LOOP 820,0,1,1,0,1
109211,AMERICAS BEST VALUE INN,6504 SOUTH FWY,1,1,1,0,0
109228,CANDLEWOOD SUITES DALLAS-FORT WORTH /FOSSIL CREEK,5201 ENDICOTT AVE,0,1,1,0,1
109229,EXTENDED STAY AMERICA #6069,4022 PARKSIDE CENTER BLVD,1,1,1,1,1
109241,SHERATON DFW AIRPORT HOTEL,4440 W JOHN CARPENTER FWY,0,0,0,0,0
109245,LA QUINTA INN & SUITES- DFW AIPORT NORTH #943,4850 W JOHN CARPENTER FWY,1,0,1,1,0
109252,THE WESTIN DALLAS FORT WORTH AIRPORT,4545 W JOHN CARPENTER FWY,1,1,1,1,1
109257,"DFW AIRPORT HOSPITALITY, LTD.",4235 W AIRPORT FWY,1,1,1,1,1
109274,DOUBLETREE DFW AIRPORT,4441 W JOHN CARPENTER FWY,1,0,1,1,0
109276,FAIRFIELD INN,4800 W JOHN CARPENTER FWY,1,1,1,1,1
109285,DAYS INN - GRAPEVINE IRVING DFW AIRPORT NORTH,4325 W JOHN CARPENTER FWY,1,1,1,1,1
109309,SUPER 8 MOTEL,8541 S HAMPTON RD,1,1,1,1,1
109325,COMFORT SUITES,13165 N CENTRAL EXPY,1,1,1,1,1
109335,SONESTA ES SUITES DALLAS PARK CENTRAL,7880 ALPHA RD,1,1,1,1,1
109336,HYATT PLACE DALLAS,12411 N CENTRAL EXPY,1,1,1,1,1
109339,EXTENDED STAY AMERICA #9709,18470 DALLAS PKWY,1,1,1,1,1
109345,GRADUATE DALLAS,6101 HILLCREST AVE,1,1,1,0,1
109347,LA QUINTA INN SUITES,2421 WALNUT HILL LN,1,0,1,1,0
109347,LAQUINTA DALLAS 135 WALNUT HILL LN,2421 WALNUT HILL LN,1,0,1,1,0
109351,COURTYARD DALLAS CENTRAL EXPRESSWAY #311N9,10325 N CENTRAL EXPY,0,1,1,0,1
109352,BUDGET SUITES OF AMERICA TX-348,9519 FOREST LN,1,1,1,0,0
109353,SBS DALLAS HOSPITALITY LLC,16060 DALLAS PKWY,1,1,1,1,1
109367,DALLAS MARRIOTT SUITES MARKET CENTER,2493 N STEMMONS FWY,1,1,1,1,1
109370,COURTYARD DALLAS MEDICAL/MARKET CENTER,2150 MARKET CENTER BLVD,1,1,1,1,1
109371,COMFORT SUITES,2287 W NORTHWEST HWY,1,1,1,1,1
109374,DALLAS MARKET CENTER RESIDENCE INN # 312,6950 N STEMMONS FWY,1,1,1,1,1
109379,STERLING HOTEL DALLAS,1055 REGAL ROW,0,0,0,0,0
109389,FAIRFIELD & SUITES DALLAS MEDICAL/MARKET CENTER,2110 MARKET CENTER BLVD,1,1,1,1,1
109399,COMFORT INN & SUITES LOVE FIELD-DALLAS MARKET CTR,7138 N STEMMONS FWY,1,1,1,1,1
109404,CANDLEWOOD SUITES,7930 N STEMMONS FWY,1,1,1,1,1
109412,RENAISSANCE-DALLAS/ADDISON HOTEL,15201 DALLAS PKWY,1,1,1,1,1
109413,THE MAGNOLIA HOTEL,1401 COMMERCE ST,1,1,1,1,1
109421,FOUR SEASONS RESORT AND CLUB DALLAS AT LAS COLINAS,4150 N MACARTHUR BLVD,1,1,1,1,1
109426,"SUPREME BRIGHT DALLAS III, LLC",1907 N LAMAR ST,1,1,1,1,1
109438,RESIDENCE INN DALLAS CENTRAL EXPRESSWAY,10333 N CENTRAL EXPY,1,1,1,1,1
109452,MCM ELEGANTE & SUITES,2330 W NORTHWEST HWY,0,0,0,0,0
109453,MOTEL 8,2380 W NORTHWEST HWY,1,1,1,1,1
109454,LAQUINTA INN & SUITES DALLAS DOWNTOWN,302 S HOUSTON ST,1,0,1,1,0
109455,TOWNHOUSE SUITES,4150 INDEPENDENCE DR,0,0,0,0,0
109456,DOUBLE TREE DALLAS LOVEFIELD,3300 W MOCKINGBIRD LN,1,1,1,1,1
109471,DELUXINN,4610 S R L THORNTON FWY,0,1,1,0,0
109474,HOLIDAY INN EXPRESS & SUITES,9089 VANTAGE POINT DR,1,1,1,1,1
109479,DAYS INN & SUITES,2334 W NORTHWEST HWY,1,1,1,1,1
109487,BEST WESTERN CITY PLACE INN,4150 NORTH CENTRAL EXPRESSWAY,1,1,1,1,1
109493,CANDLEWOOD SUITES DALLAS BY THE GALLERIA,13939 NOEL RD,0,1,1,0,1
109499,RESIDENCE INN ARLINGTON,1050 BROOKHOLLOW PLAZA DR,1,1,1,1,1
109501,LA QUINTA INN #692,825 N WATSON RD,1,0,1,1,0
109505,LA QUINTA INNS & SUITES #960,4001 SCOTS LEGACY DR,1,0,1,1,0
109513,HYATT PLACE ARLINGTON,2380 ROAD TO SIX FLAGS ST E,1,1,1,1,1
109517,TOWNEPLACE SUITES BY MARRIOT,1709 E LAMAR BLVD,1,1,1,1,1
109520,EXTENDED STAY AMERICA - ARLINGTON - SIX FLAGS,2420 E LAMAR BLVD,1,1,1,1,1
109522,SPRINGHILL SUITES BY MARRIOTT - DALLAS ARLINGTON N,1975 E LAMAR BLVD,1,1,1,1,1
109524,SLEEP INN MAINGATE SIX FLAGS,750 SIX FLAGS DR,1,1,1,1,1
109544,HOLIDAY INN EXPRESS & SUITES,1721 PLEASANT PL,1,1,1,1,1
109550,FAIRFIELD INN,2500 E LAMAR BLVD,1,1,1,1,1
109561,CANDLEWOOD SUITES DALLAS ARLINGTON,2221 BROOKHOLLOW PLAZA DR,0,1,1,0,1
109570,QUALITY INN & SUITES,4555 BELT LINE RD,0,1,1,0,1
109571,LA QUINTA INN & SUITES #938,14925 LANDMARK BLVD,1,0,1,1,0
109572,RED ROOF INN & SUITES ADDISON,4103 BELT LINE RD,1,1,1,1,1
109573,"EQUINOX HOTEL ADDISON HGI, LLC",4090 BELT LINE RD,1,1,1,1,1
109584,COURTYARD BY MARRIOTT,4350 RIDGEMONT DR,1,1,1,1,1
109590,ABILENE FAIRFIELD INN & SUITES,3902 TURNER PLZ,1,1,1,1,1
109618,LONE STAR INN,4801 AVENUE Q,0,0,0,0,0
109621,HOMEWOOD SUITES LUBBOCK,5320 W LOOP 289,1,1,1,1,1
109629,LUBBOCK FAIRFIELD INN,4007 S LOOP 289,1,1,1,1,1
109634,LUBBOCK COURTYARD,4011 S LOOP 289,1,1,1,1,1
109636,COMFORT SUITES,5113 S LOOP 289,1,1,1,0,1
109638,STAYBRIDGE SUITES LUBBOCK,2515 19TH ST,1,1,1,1,1
109649,DAYS INN - MEDICAL CENTER,2102 S COULTER ST,1,1,1,1,1
109652,SLEEP INN,2401 E INTERSTATE 40,1,1,1,1,1
109671,AMARILLO FAIRFIELD INN & SUITES,6600 W INTERSTATE 40,1,1,1,1,1
109683,MOTEL 6,8601 CANYON DR # I-27,1,1,1,1,1
109684,PURPLE SAGE MOTEL,1501 E COLISEUM DR,0,0,0,0,0
109689,ANTELOPE LODGE,2310 W HIGHWAY 90,0,0,0,0,0
109703,SOUTH SHORE HARBOUR RESORT,2500 S SHORE BLVD,0,0,0,0,0
109717,QUALITY INN & SUITES,2117 N MAIN ST,1,1,1,1,1
109742,HILTON GARDEN INN HOUSTON NORTHWEST,14919 NORTHWEST FWY,1,0,1,1,0
109748,WYNDHAM HOUSTON MEDICAL CENTER,6800 MAIN ST,1,1,1,1,1
109753,HILTON GARDEN INN - SAN ANTONIO LLC,12828 HWY 281 NORTH,1,1,1,1,1
109757,EXTENDED STAY AMERICA #9833,5401 GREEN PARK DR,1,1,1,1,1
109775,WYNDHAM LAS COLINAS,110 W JOHN CARPENTER FWY,1,1,1,1,1
109783,COMFORT SUITES DFW NORTH,4700 W JOHN CARPENTER FWY,1,1,1,1,1
109791,ABILENE LUXURY SUITES,3165 S DANVILLE DR,1,1,1,1,1
111377,AUSTIN MOTEL,1220 S CONGRESS AVE,0,0,0,0,0
111381,COURTYARD AUSTIN UNIVERSITY,5660 N INTERSTATE 35,1,1,1,1,1
111393,LAKE AUSTIN SPA RESORT,1705 S QUINLAN PARK RD,0,0,0,0,0
111395,OMNI AUSTIN HOTEL AT SOUTHPARK,4140 GOVERNORS ROW,1,1,1,1,1
111397,HILTON GARDEN INN AUSTIN DOWNTOWN,500 N I H 35,1,1,1,1,1
111530,SHERATON DALLAS HOTEL,400 OLIVE ST,0,0,0,0,0
112227,"205 EAST HOUSTON STREET, LLC",205 E HOUSTON ST,0,0,0,0,0
112229,HOTEL HAVANA,1015 NAVARRO ST,0,0,0,0,0
112231,HOMEWOOD SUITES SAN ANTONIO,432 W MARKET ST,1,1,1,1,1
112240,OMNI SAN ANTONIO HOTEL,9821 COLONNADE BLVD,1,1,1,1,1
114938,FOUR SEASONS HOTEL AUSTIN,98 SAN JACINTO BLVD,1,1,1,1,1
114946,HOTEL ST GERMAIN INC,2516 MAPLE AVENUE,0,0,0,0,0
114948,"LE MERIDIEN DALLAS, THE STONELEIGH",2927 MAPLE AVE,1,1,1,1,1
114951,MISS MOLLYS HOTEL-STONEHOUSE BED AND BREAKFAST,109 W EXCHANGE AVE STE 200,0,0,0,0,0
114952,"STOCKYARDS HOTEL, LLC",109 E EXCHANGE AVE,0,0,0,0,0
114953,INN ON THE RIVER,205 SW BARNARD ST,0,0,0,0,0
114959,EXCELSIOR HOUSE HOTEL,211 W AUSTIN ST,0,0,0,0,0
115572,SETTLERS CROSSING,104 SETTLERS CROSSING RD,0,0,0,0,0
115575,FREDERICKSBURG BED & BREW,245 EAST MAIN STREET,0,0,0,0,0
119065,ANGEL MANOR BED & BREAKFAST,502 TAYLOR ST,0,0,0,0,0
119070,FORTUNA BAY #8,15405 FORTUNA BAY DR APT 8,0,0,0,0,0
122663,LAZY RIVER,2328 FLITE ACRES RD,0,0,0,0,0
122669,RAINBOW COURTS,915 E CAMERON AVE,0,0,0,0,0
122687,YELLLOE HOUSE BED ABD BREAKFAST,2290 FM 2268,0,0,0,0,0
122695,THE ENGLISH MERCHANT'S INN,717 W MAIN ST,1,1,1,1,1
122699,AMERISUITES - DN,5229 SPRING VALLEY RD,1,1,1,1,1
122700,SUMMERFIELD SUITES-LAS COLINAS,5901 N MACARTHUR BLVD,1,1,1,1,1
122707,COUNTRY WOODS INN,420 GRAND AVE,0,0,0,0,0
122715,OMNI DALLAS HOTEL AT PARK WEST,1590 LYNDON B JOHNSON FWY,1,1,1,1,1
122720,EMBASSY SUITES DALLAS-DFW INTERNATIONAL AIRPORT S,4650 W AIRPORT FWY,1,1,1,1,1
122723,CLIFFS HOTEL,160 CLIFFS DR,0,0,0,0,0
122732,SCOTTISH INNS GALVESTON,928 FERRY RD,1,0,1,0,0
122738,GALVESTON ISLAND HILTON,5400 SEAWALL BLVD,1,1,1,1,1
122753,MESSINA HOF WINE CELLARS INC,4545 OLD RELIANCE RD,1,1,1,1,1
122755,BEACH TREE MOTEL,3126 AVENUE S,0,0,0,0,0
122779,MARATHON MOTEL,703 WEST HIGHWAY 90,0,0,0,0,0
122784,THE HOTEL PAISANO,207 N HIGHLAND ST,0,0,0,0,0
122790,EXTENDED STAY AMERICA #9716,1015 CENTRAL PKWY S,1,1,1,1,1
122804,OLD KASPER HOUSE,219 N AVENUE C,0,0,0,0,0
123557,RED ROOF INN # 10248,1011 E HOUSTON ST,0,1,1,0,0
123559,DRURY INN & SUTIES SAN ANTONIO RIVERWALK,201 N SAINT MARYS ST,1,1,1,1,1
123709,HOWARD JOHNSON,2001 E COPELAND RD,1,1,1,1,1
123712,COMFORT INN MIDLAND,902 W INTERSTATE 20,1,1,1,1,1
123943,DAYS INN,3333 FOUNTAIN VIEW DR,1,1,1,1,1
123943,DAYS INN GALLERIA,3333 FOUNTAIN VIEW DR,1,1,1,1,1
123949,STUDIO 6,1003 S MIDKIFF RD # A,0,0,0,0,0
123951,DAYS INN ARLINGTON,1901 W PLEASANT RIDGE RD,1,1,1,1,1
124067,TEXOMA INN,1600 S AUSTIN AVE,0,0,0,0,0
124070,MOTEL 6,419 N SPUR 63,1,1,1,1,1
124449,COMFORT SUITES,609 CHISHOLM TRL,1,1,1,1,1
124452,COMFORT INN DFW NORTH,5000 W JOHN CARPENTER FWY,1,1,1,1,1
124453,HOMEWOOD SUITES FORT WORTH FOSSIL CREEK,3701 TANACROSS DR,1,1,1,1,1
124454,ECONOMY LODGE,1902 TEXAS AVE,0,0,0,0,0
124461,COMFORT INN & SUITES,22025 KATY FWY,1,1,1,1,1
124472,ECONO LODGE,1719 S DUMAS AVE,1,1,1,0,0
124475,DAYS INN & SUITE BY WYNDHAM PULPHUR SPRINGS,1521 INDUSTRIAL DR E,1,1,1,1,1
124476,RODEWAY INN,2502 LOOP 306 # W,0,0,0,0,0
124528,SOUTH PADRE ISLAND LODGE,3913 PADRE BLVD,1,1,1,0,0
124531,SOUTH PADRE ISLAND INN,4109 PADRE BLVD,0,0,0,0,0
124745,MAIN ST RETREAT,708 W MAIN ST,0,0,0,0,0
124937,"LAQUINTA INN, GREENWAY",4015 SOUTHWEST FWY,1,1,1,1,1
124949,ISLAND RETREAT 32,700 ISLAND RETREAT RD RM 32,0,0,0,0,0
124949,179 IR (BEACH VIEW CONDO),700 ISLAND RETREAT RD RM 179,0,0,0,0,0
124950,THE TARPON IN PORT A,200 E COTTER AVE,0,0,0,0,0
125226,LANDMARK INN STATE HISTORICAL SITE,402 FLORENCE ST,0,0,0,0,0
125378,LUTHER HOTEL,408 S BAY BLVD,0,1,1,0,0
125668,COMFORT SUITES,801 W BYRON NELSON BLVD,1,1,1,1,1
125688,EL CAMPO INN,210 W HWY 59,0,0,0,0,0
125692,VILLAGE INN,503 N AUSTIN ST,0,0,0,0,0
125693,SOUTH BEACH INN,120 E JUPITER LN,0,1,1,0,1
125704,"WOODROW HOUSE BED & BREAKFAST, LLC",2629 19TH ST,0,0,0,0,0
125705,ASHMORE INN & SUITES,4019 S LOOP 289,0,0,0,0,0
126414,WINDWATER HOTEL,5701 PADRE BLVD,0,0,0,0,0
126415,BEST WESTERN SONORA INN,270 HIGHWAY 277 N,1,1,1,1,1
126418,KNIGHTS INN,110 W INTERSTATE 20,1,1,1,1,1
126423,MOTEL 6,1500 US HIGHWAY 259 S,1,1,1,1,1
141854,RED ROOF INN & SUITES,3116 BANDERA ST,1,1,1,1,1
141889,EXECUTIVE INN & SUITES,4301 27TH ST,0,0,0,0,0
141896,KNIGHTS INN ALVIN,110 E HIGHWAY 6,1,1,1,1,1
141904,MOTEL 6,1702 E OVERLAND TRL,1,1,1,1,1
141905,AMERICAS BEST VALUE INN,12732 STATE HIGHWAY 155 N,0,0,0,0,0
142018,ECONO LODGE,9102 BURNET RD,1,1,1,1,1
142020,QUALITY INN,600 MEDAL OF HONOR BLVD,1,1,1,1,1
142023,RAMADA IAH SOUTH,15350 JOHN F KENNEDY BLVD,1,1,1,1,1
142024,SUPER 8 MOTEL,3304 S EASTMAN RD,1,1,1,1,1
142074,HOTEL SAN JOSE,1316 S CONGRESS AVE,0,0,0,0,0
142078,BLAIR HOUSE INN,100 W SPOKE HILL DR,0,0,0,0,0
142349,QUALITY SUITES,1701 E SAINT ELMO RD,0,1,1,0,1
142351,FAIRFIELD INN & SUITES - DFW AIRPORT SOUTH,4210 W AIRPORT FWY,1,1,1,1,1
142357,COMFPORT SUITES-LONGVIEW,3307 N 4TH ST,1,1,1,1,1
145863,BIG BEND RESORT & ADVENTURES,HIGHWAY 118 AT 170,0,0,0,0,0
146138,THE FAIRMOUNT HOTEL,401 S ALAMO ST,0,0,0,0,0
146143,THE EMILY MORGAN HOTEL - A DOUBLETREE BY HILTON,705 E HOUSTON ST,1,1,1,1,1
209571,WESTIN STONEBRIAR HOTEL,1549 LEGACY DR,1,1,1,1,1
216867,DAYS INN 35 NORTH,11202 N INTERSTATE 35,1,1,1,1,1
216870,DAYS INN,2220 AVENUE F NW # 287,1,1,1,1,1
216872,PLAZA INN & SUITES,1901 W TYLER AVE,0,0,0,0,0
217099,"INN OF THE WEST, LLC",415 W BEAUREGARD AVE,1,1,1,1,1
217129,WHITTEN INN UNIVERSITY,1625 STATE HIGHWAY 351 # I20,0,0,0,0,0
217130,WEATHERFORD INN AND SUITES,809 PALO PINTO ST,0,0,0,0,0
217711,SHERATON ARLINGTON,1500 CONVENTION CENTER DR,0,0,0,0,0
217712,EXTENDED STAY AMERICA #9828,2900 DALLAS PKWY,1,1,1,1,1
217716,CROSSLAND - DALLAS - NORTH ADDISON - 3548,17425 DALLAS PKWY,1,1,1,0,0
217717,EXTENDED STAY AMERICA #9708,12121 COIT RD,1,1,1,1,1
217718,EXTENDED STAY AMERICA #9705,5315 CARNABY ST,1,1,1,1,1
217719,"9712 MED CENTER FT WORTH TX HOTEL, LLC",1601 RIVER RUN,1,1,1,1,1
217720,EXTENDED STAY AMERICA - ARLINGTON,1221 N WATSON RD,1,1,1,1,1
217721,"HILTON DALLAS/PARK CITIES, TX",5954 LUTHER LN,1,1,1,1,1
217722,DALLAS/PLANO MARRIOTT AT LEGACY TOWN CENTER,7121 BISHOP RD,1,1,1,1,1
217728,LUX HOTEL & SPA,117 S WATSON RD,1,1,1,1,1
217729,HYATT PLACE-DALLAS NORTH ARLINGTON GRAND PRAIRIE,1542 N STATE HIGHWAY 360,1,1,1,1,1
217730,EXTENDED STAY AMERICA #9829,12424 RESEARCH BLVD,1,1,1,1,1
217731,EXTENDED STAY AMERICA #9834,8221 N IH 35,1,1,1,1,1
217735,EXTENDED STAY AMERICA #9703,507 S 1ST ST,1,1,1,1,1
217736,EXTENDED STAY AMERICA #9702,9100 WATERFORD CENTRE BLVD,1,1,1,1,1
217737,HILTON GARDEN INN AUSTIN ROUND ROCK,2310 N INTERSTATE 35,1,1,1,1,1
217741,RED ROOF INN,15675 JOHN F KENNEDY BLVD,1,1,1,1,1
217744,EXTENDED STAY AMERICA HOUSTON WILLOWBROOK-HW249,13223 CHAMPIONS CENTRE DR,1,1,1,1,1
217745,EXTENDED STAY AMERICA #9714,7979 FANNIN ST,1,1,1,1,1
217757,EL TROPICANO HOTEL,110 LEXINGTON AVE,0,0,0,0,0
219703,SHERATON HOUSTON BROOKHOLLOW,3000 NORTH LOOP W,1,1,1,0,0
220077,"POOJA BUSINESS, INC./WALNUT FOREST MOTEL",11506 IH 35 NORTH,0,0,0,0,0
220094,SONESTA ES SUITES HOUSTON,5190 HIDALGO ST,1,1,1,1,1
220110,HOLIDAY INN EXPRESS GRAPEVINE,309 W STATE HIGHWAY 114,1,1,1,1,1
223045,COMFORT INN SUITES,10835 COMPOSITE DR,1,1,1,1,1
223053,BEST WESTERN PLUS DALLAS HOTEL & CONFERENCE CENTER,8051 LYNDON B JOHNSON FWY,1,1,1,1,1
223057,SPRINGHILL SUITES SAN ANTONIO MEDICAL CENTER,3636 NW LOOP 410,1,1,1,1,1
223058,RED ROOF INN # 10223,333 WOLF RD,1,1,1,1,1
223134,SPRINGHILL SUITES HOUSTON HOBBY AIRPORT,7922 MOSLEY RD,1,1,1,1,1
223136,LA QUINTA INN & SUITES,6790 SOUTHWEST FWY,1,0,1,1,0
223139,HYATT HOUSE HOUSTON GALLERIA,3440 SAGE RD,1,1,1,1,1
223140,COMFORT SUITES,11440 CLAY RD,1,1,1,0,1
223144,COURTYARD HOUSTON NW #311NG,11050 LOUETTA RD,1,1,1,1,1
223146,EXTENDED STAY AMERICA - HOUSTON - WESTCHASE - RICH,3200 W SAM HOUSTON PKWY S,1,1,1,1,1
223147,HOUSTON FAIRFIELD INN & SUITES,15111 KATY FWY,1,1,1,1,1
223148,RED ROOF PLUS & SUITES,502 N SAM HOUSTON PKWY E,0,1,1,0,0
223149,HAMPTON INN HOUSTON-HOBBY AIRPORT,8620 AIRPORT BLVD,1,0,1,1,0
223150,HAMPTON INN I-10 ENERGY CORRIDOR,11333 KATY FWY,1,0,1,1,0
223151,HAMPTON INN & SUITES - HOUSTON MEDICAL CENTER,1715 OLD SPANISH TRL,1,1,1,1,1
223153,HAMPTON INN & SUITES CYPRESS STATION,150 WAGON POINT DR,1,1,1,1,1
223154,HAMPTON INN HOUSTON GALLERIA,4500 POST OAK PKWY,1,0,1,1,0
223156,FRONTIER INN,11230 SOUTHWEST FWY,0,0,0,0,0
223158,CLARION INN & SUITES - WESTCHASE,2930 W SAM HOUSTON PKWY S,1,1,1,1,1
223159,HOLIDAY INN EXPRESS HOTEL & SUITES,1810 BELL ST,1,1,1,1,1
223164,HOMEWOOD SUITES HOUSTON CLEARLAKE,401 BAY AREA BLVD,1,1,1,1,1
223165,WESTCHASE HOMEWOOD SUITES,2424 ROGERDALE RD,1,1,1,1,1
223171,SUPER 8,18836 STATE HIGHWAY 249,1,1,1,1,1
223172,RED ROOF INN,15701 PARK TEN PL,0,1,1,0,0
223173,RED ROOF INN,2960 W SAM HOUSTON PKWY S,1,1,1,1,1
223175,RED ROOF INN,12029 NORTHWEST FWY,1,1,1,1,1
223177,BEST WESTERN RELIANT PARK,2364 SOUTH LOOP W,1,1,1,1,1
223179,LA QUINTA INN & SUITES,6790 SOUTHWEST FWY,1,1,1,1,1
223180,COMFORT INN,7887 W TIDWELL RD,1,1,1,1,1
223181,HOLIDAY INN EXPRESS SUGARLAND,14444 SOUTHWEST FWY,1,1,1,1,1
223182,INTOWN SUITES HOUSTON INTERCONTINENTAL,720 N SAM HOUSTON PKWY E,1,1,1,1,1
223184,INTOWN SUITES HIGHWAY 290,14041 NORTHWEST FWY,1,1,1,1,1
223185,INTOWN SUITES ROLLING CREEK,16909 ROLLING CREEK DR,1,1,1,1,1
223186,INTOWN SUITES WEBSTER,480 W BAY AREA BLVD,1,1,1,1,1
223189,INTOWN SUITES HOUSTON 290 GALLERIA,12925 NORTHWEST FWY,1,1,1,1,1
223192,EXTENDED STAY AMERICA #9826,1301 BRAESWOOD BLVD,1,1,1,1,1
223193,WINGATE INN,9050 MILLS RD,1,1,1,1,1
223206,QUALITY INN & SUITES SEABROOK- NASA- KEMAH,2720 NASA PKWY,1,1,1,1,1
223228,COUNTRY INN & SUITES HOUSTON NW,12915 FM 1960 RD W,1,1,1,1,1
223229,HOLIDAY INN EXPRESS,16315 SAN PEDRO AVE,1,1,1,1,1
223230,STAYBRIDGE SUITES AIRPORT,66 NE LOOP 410,1,1,1,1,1
223620,STAYBRIDGE SUITES AUSTIN ARBORETUM,10201 STONELAKE BLVD,1,1,1,1,1
223622,COMFORT INN AND SUITES,35000 INTERSTATE 10 W,1,1,1,1,1
223625,BURNET HOTEL LLC DBA COMFORT INN AND SUITES,810 S WATER ST,1,1,1,1,1
223626,THE REGAL HOTEL,2313 SE LOOP,0,0,0,0,0
223627,HOLIDAY INN EXPRESS HOTEL & SUITES,1605 E WHITESTONE BLVD,1,1,1,1,1
223628,HOLIDAY INN EXPRESS INN & SUITES,1203 UNIVERSITY DR E,1,1,1,1,1
223633,HOLIDAY INN EXPRESS HOTELS & SUITES,2007 N VETERANS BLVD,1,1,1,1,1
223635,SEAWALL INN & SUITES,102 SEAWALL BLVD,1,1,1,1,1
223636,BEST WESTERN PLUS GEORGETOWN INN & SUITES,600 SAN GABRIEL VILLAGE BLVD,1,1,1,1,1
223638,HOLIDAY INN EXPRESS & SUITES,2901 MUSTANG XING,1,1,1,1,1
223639,HOLIDAY INN EXPRESS,501 S P ST,1,1,1,1,1
223642,STAYBRIDGE SUITES DALLAS - COLLINAS,1201 EXECUTIVE CIR,1,1,1,1,1
223643,AMERICAS BEST VALUE INN,3298 US HIGHWAY 259 N,1,1,1,1,1
223647,HOLIDAY INN EXPRESS,1030 E PALESTINE AVE,1,1,1,1,1
223648,DAYS INN & SUITE,2601 SPENCER HWY,1,1,1,1,1
223649,HOLIDAY INN EXPRESS HOTEL & SUITES,4213 W 13TH ST,1,1,1,1,1
223651,MOTEL 6,27927 SOUTHWEST FWY,1,1,1,1,1
223655,HOLIDAY INN EXPRESS HOTEL & SUITES,24888 INTERSTATE 45,1,1,1,1,1
223657,EXPRESS INN & SUITES,2500 S MAIN ST,1,1,1,1,1
223662,OYO INN AND SUITES,3782 NW LOOP 410,0,0,0,0,0
223678,COMFORT SUITES AUSTIN AIRPORT,7501 E BEN WHITE BLVD,1,1,1,1,1
223680,HAMPTON INN & SUITES AUSTIN AIRPORT,7712 E RIVERSIDE DR,1,1,1,1,1
223686,HILTON AUSTIN AIRPORT,9515 NEW AIRPORT DR,1,1,1,1,1
223689,INTOWN SUITES SAN PEDRO,6923 SAN PEDRO AVE,1,1,1,1,1
223691,MARRIOTT AUSTIN SOUTH,4415 S INTERSTATE 35,1,1,1,1,1
223696,RED ROOF INN,6880 NW LOOP 410,1,1,1,1,1
223706,HAMPTON INN,414 BOWIE ST,1,0,1,1,0
223707,SPRINGHILL SUITES AUSTIN SOUTH,4501 S INTERSTATE 35,1,1,1,1,1
223708,HAMPTON INN SAN ANTONIO EAST,4900 CRESTWIND,1,1,1,1,1
223712,LA QUINTA INN & SUITES #921,850 HALM BLVD,1,0,1,1,0
223713,TOWNEPLACE SUITES NORTHWEST,10024 N CAPITAL OF TEXAS HWY,1,1,1,1,1
223714,EXTENDED STAY AMERICA #9832,2700 GRACY FARMS LN,1,1,1,1,1
223715,HAMPTON INN NORTHWOODS,2127 GOLD CANYON RD,1,0,1,1,0
223716,HOMEWOOD SUITES SAN ANTONIO,4323 SPECTRUM ONE,1,1,1,1,1
223801,RENAISSANCE CASA DE PALMAS,101 N MAIN ST,1,1,1,1,1
223847,COURTYARD DALLAS LEWISVILLE,2701 LAKE VISTA DR,1,1,1,1,1
223850,FAIRFIELD INN AND SUITES LAKE VISTA,2697 LAKE VISTA DR,1,1,1,1,1
223853,TOWNE PLACE SUITES BY MARRIOTT,5005 WHITESTONE LN,1,1,1,1,1
223856,COURTYARD ADDISON QUORUM,15160 QUORUM DR,1,1,1,1,1
223858,COURTYARD BRYAN COLLEGE STATION,3939 STATE HIGHWAY 6 S,1,1,1,1,1
223859,LONGVIEW FAIRFIELD,3305 N 4TH ST,1,1,1,1,1
223862,SPRINGHILL SUITES,1800 S WARE RD,1,1,1,1,1
223865,FAIRFIELD INN & SUITES,3933 JOHN BEN SHEPPERD PKWY,1,1,1,1,1
223887,RESIDENCE INN DALLAS PARK CENTRAL,7642 LYNDON B JOHNSON FWY,1,1,1,1,1
223888,COURTYARD BY MARRIOTT FORT WORTH DOWNTOWN,601 MAIN ST,1,1,1,1,1
223889,DFW AIRPORT MARRIOTT SOUTH,4151 CENTREPORT DR,1,1,1,1,1
223925,COURTYARD BY MARRIOTT BEAUMONT,2275 INTERSTATE 10 S,1,1,1,1,1
223926,RESIDENCE INN BROWNSVILLE,3975 N EXPRESSWAY # 83,1,1,1,1,1
223935,MARRIOTT LAS COLINAS,223 W LAS COLINAS BLVD,1,1,1,1,1
223936,MARRIOTT DFW AIRPORT,8440 FREEPORT PKWY,1,1,1,1,1
223937,RESIDENCE INN DFW AIRPORT NORTH,8600 ESTERS BLVD,1,1,1,1,1
224126,RENAISSANCE HOTEL,900 E LOOKOUT DR,1,1,1,1,1
224128,SPRINGHILL SUITES AUSTIN/ROUND ROCK,2960 HOPPE TRL,1,1,1,1,1
224129,RESIDENCE INN BY MARRIOTT SUGARLAND,12703 SOUTHWEST FWY,1,1,1,1,1
224130,HYATT HOUSE DALLAS UPTOWN,2914 HARRY HINES BLVD,1,1,1,1,1
224218,EMBASSY SUITES,14021 NOEL RD,1,1,1,1,1
224227,DALLAS HOMEWOOD SUITES,9169 MARKVILLE DR,1,1,1,1,1
224228,EMBASSY SUITES DALLAS MARKET CENTER,2727 N STEMMONS FWY,1,1,1,1,0
224230,HAWTHORN SUITES BY WYNDHAM,15200 ADDISON RD,1,1,1,1,1
224236,INTOWN SUITES -DALLAS PARK CENTRAL #144,9355 FOREST LN,1,1,1,1,1
224237,INTOWN SUITES BROOK HOLLOW,8201 BROOKRIVER DR,1,1,1,1,1
224240,HYATT HOUSE DALLAS LINCOLN PARK,8221 N CENTRAL EXPY,1,1,1,1,1
224241,"HILTON STEMMONS TRS,INC.",2325 N STEMMONS FWY,1,1,1,1,1
224283,FORT WORTH HAMPTON,4799 SW LOOP 820,1,0,1,1,0
224285,HAMPTON INN,13600 NORTH FWY,1,0,1,1,0
224286,HOMEWOOD SUITES FORT WORTH FOSSIL CREEK,3701 TANACROSS DR,1,1,1,1,1
224303,HAMPTON INN,820 W WALNUT HL LN,1,0,1,1,0
224334,HAMPTON INN & SUITES GRAPEVINE,1750 N HIGHWAY 121,1,0,1,1,0
224335,HILTON GARDEN INN MCALLEN AIPPORT,617 W EXPRESSWAY 83,1,1,1,1,1
224441,HAMPTON INN EAGLE PASS,3301 E MAIN ST,1,0,1,1,0
224442,HAMPTON INN,20515 HIGHWAY 59 N,1,0,1,1,0
224445,HAMPTON HILL,3563 NE LOOP 286,1,0,1,1,0
224467,COLLIN HOSPITALITY,4901 OLD SHEPARD PL,1,0,1,1,0
224498,HOMEWOOD SUITES BY HILTON DALLAS-ARLINGTON,2401 ROAD TO SIX FLAGS ST E STE E,1,1,1,1,1
224499,HAMPTON INN ROUND ROCK,110 DELL WAY,1,0,1,1,0
224501,HAMPTON INN OF KERRVILLE,2038 SIDNEY BAKER ST,1,0,1,1,0
224502,HOMEWOOD SUITES LUBBOCK,5320 W LOOP 289,1,1,1,1,1
224652,HAMPTON INN & SUITES,506 W BAY AREA BLVD,1,1,1,1,1
224815,COUNTRY INN & SUITES,2000 HARD ROCK RD,1,1,1,1,1
224818,HOLIDAY INN EXPRESS,4550 W JOHN CARPENTER FWY,1,1,1,1,1
224822,HAWTHORN SUITES,5000 PLAZA DR,1,1,1,1,1
224826,BUDGET INN AND SUITES,2440 E AIRPORT FWY,0,0,0,0,0
224828,RED ROOF INN-DFW AIRPORT NORTH,8150 ESTERS BLVD,1,1,1,1,1
225021,BAYMONT INN & SUITES,2401 DIPLOMACY DR,1,0,1,1,0
225022,MICROTEL INN,1740 OAK VILLAGE BLVD,1,1,1,1,1
225025,HAWTHORN SUITES BY WYNDAM ARLINGTON,2401 BROOKHOLLOW PLAZA DR,1,1,1,1,1
225026,INTOWN SUITES ARLINGTON OAK VILLAGE,1727 OAK VILLAGE BLVD,1,1,1,1,1
225027,INTOWN SUITES SIX FLAGS,2211 N COLLINS ST,1,1,1,1,1
225034,RED ROOF INN,11400 CHITO SAMANIEGO DR,0,1,1,0,0
225035,RED ROOF INN # 10245,7530 REMCON CIR,1,1,1,1,1
225036,INTOWN SUITES EL PASO,7984 GATEWAY BLVD E,1,1,1,1,1
225041,HAWTHORN SUITES BY WYNDHAM,6789 BOEING DR,1,1,1,1,1
225116,COUNTRY INN & SUITES,2200 MERCARDO,1,1,1,1,1
225119,MICROTEL INN & SUITES,10675 SOUTH FWY,1,1,1,1,1
225120,DALLAS/FORTH WORTH MARRIOTT HOTEL AT CHAMPIONS CIR,3300 CHAMPIONSHIP PKWY,1,1,1,1,1
225248,EXTENDED STAY AMERICA - AMARILLO - WEST,2100 CINEMA DR,1,1,1,1,1
225250,COMFORT INN & SUITES,2300 S SONCY RD,1,1,1,1,1
225352,QUALITY INNN & SUITES,3202 E SURFSIDE BLVD,1,1,1,1,1
225354,RED ROOF INN,6805 S PADRE ISLAND DR,1,1,1,1,1
225479,HYATT PLACE GRAPEVINE,2220 W GRAPEVINE MILLS CIR,1,1,1,1,1
225480,COMFORT INN,301 CAPITOL ST,1,1,1,0,1
225484,EMBASSY SUITES HOTEL,5215 S LOOP 289,1,1,1,1,1
225490,MICROTEL INN & SUITES,3911 N PANAM EXPY,1,1,1,1,1
225495,STUDIO 6,4704 W PLANO PKWY,1,1,1,1,1
225498,PLANO INN & SUITES,301 RUSSEAU DR,0,0,0,0,0
225572,HOLIDAY INN EXPRESS,4355 BELTWAY DR,1,1,1,1,1
225575,RADISSON HOTEL NORTH DALLAS,4960 ARAPAHO RD,1,1,1,1,1
225672,ECONO LODGE,2203 E KING AVE,0,0,0,0,0
225673,COMFORT INN & SUITES,175 HIGHWAY 287 N,1,1,1,1,1
225674,QUALITY INN MT. PLEASANT,2515 W FERGUSON RD,1,1,1,1,1
225675,COMFORT SUITES LAKE RAY HUBBARD,8701 E INTERSTATE HIGHWAY 30,1,1,1,1,1
225676,QUALITY SUITES,1415 N GENERAL BRUCE DR,0,1,1,0,1
225723,MOTEL 6 NORTH,2377 N EXPRESSWAY # 83,1,1,1,1,1
225740,COMFORT SUITES LAKE JACKSON,296 ABNER JACKSON PKWY,1,1,1,0,1
225742,COMFORT SUITES TEXARKANA,215 RICHILL DR,1,1,1,0,1
225768,HYATT REGENCY NORTH DALLAS,701 E CAMPBELL RD,1,1,1,1,1
225796,ISLA GRAND BEACH RESORT,500 PADRE BLVD,0,0,0,0,0
225888,EXTENDED STAY AMERICA LAREDO DEL MAR,106 W VILLAGE BLVD,1,1,1,1,1
225889,RED ROOF INN # 10224,1006 W CALTON RD,1,1,1,1,1
225962,PALACE INN,15545 EAST FWY,0,1,1,0,0
225963,EXTENDED STAY DELUXE #9831,4726 SUGAR GROVE BLVD,1,1,1,1,1
225964,DAYS INN & SUITES,4630 TECHNIPLEX DR,1,1,1,1,1
226038,COUNTRY INN & SUITES HUMBLE,20611 HIGHWAY 59 N,1,1,1,1,1
226039,LA QUINTA INN & SUITES,118 US HIGHWAY 80 E,1,1,1,1,1
226190,MOTEL 6,5151 THAXTON PKWY,1,1,1,1,1
226212,REGENCY INN AND SUITES,901 AIRPORT FWY,0,0,0,0,0
226214,DAYS INN & SUITES,13954 TRINITY BLVD,1,1,1,1,1
226222,EXTENDED STAY AMERICA #9827,720 W BAY AREA BLVD,1,1,1,1,1
226223,INTOWN SUITES CARROLLTON,2661 WESTGROVE DR,1,1,1,1,1
226433,MOTEL 6 AUSTIN NORTH,9420 N INTERSTATE 35,1,1,1,1,1
226485,LOCKHEART GABLES ROMANTIC  BED & BREAKFAST,5220 LOCKE AVE,0,0,0,0,0
226753,SUPER 8 MOTEL,18103 KINGS ROW,1,1,1,1,1
229524,BAYMONT INN & SUITES,1506 INTERSTATE 45 S,1,0,1,1,0
229531,SUPER 8 MOTEL,2300 W OAK ST,0,1,1,0,1
229604,SUPER 8 MOTEL,1702 E EXPRESSWAY 83,1,1,1,1,1
230162,WYNDHAM GARDEN MCALLEN AT LA PLAZA MALL,1921 S 10TH ST,1,0,1,1,0
230477,"AMCO HOTEL & SUITES, INC.",404 S FORT HOOD ST,0,0,0,0,0
230483,QUALITY INN & SUITES,803 N ACCESS RD,1,1,1,1,1
230484,MAJESTIC INN,1409 E MARSHALL AVE,0,0,0,0,0
230501,COUNTRY INN & SUITES,3825 S EXPRESSWAY 83,1,1,1,1,1
230534,HAMPTON INN & SUITES,4400 S 1ST ST,1,1,1,1,1
230535,TEXAS INN & SUITES,2216 S 1ST ST,0,0,0,0,0
230536,STAYBRIDGE SUITES SAN ANGELO,1355 KNICKERBOCKER RD,1,1,1,1,1
230537,AMERICA'S BEST VALUE INN,1601 S BRYANT BLVD,1,1,1,0,0
230541,QUALITY INN AND SUITES,1740 MAURINE ST,1,1,1,1,1
230543,TEXAS INN,3103 US HIGHWAY 59 N,0,0,0,0,0
230546,MOTEL 6 SAN MARCOS,1321 N INTERSTATE 35,0,0,0,0,0
230549,RED ROOF INN,817 N INTERSTATE 35,1,1,1,1,1
235522,BEST WESTERN INN & SUITES,2910 W UNIVERSITY DR,1,1,1,1,1
239355,SUPER 8 MOTEL,1217 FEDERAL RD,1,1,1,1,1
239652,CANDLEWOOD SUITES ROUND ROCK,521 S INTERSTATE 35,1,1,1,1,1
239857,STUDIO 6 #6037,220 BAMMEL WESTFIELD RD,1,1,1,1,1
239858,STUDIO 6 HOBBY,12700 N FEATHERWOOD DR,1,1,1,1,1
239865,BESTWESTERN INN & SUITES,11611 NORTHWEST FWY,1,1,1,1,1
239867,BEST WESTERN NORTHWEST INN,2361 W NORTHWEST HWY,1,1,1,1,1
239890,STUDIO 6 AUSTIN MIDTOWN,6603 N INTERSTATE 35,1,1,1,1,1
239891,STUDIO 6 AUSTIN NORTHWEST,11901 PAVILION BLVD,1,1,1,1,1
239912,BEST WESTERN PLUS SUNSET SUITES,1103 E COMMERCE ST,1,1,1,1,1
239967,STUDIO 6 SAN ANTONIO,11802 W INTERSTATE 10,1,1,1,1,1
239968,STUDIO 6 SAN ANTONIO MEDICAL CENTER,7719 PASTEUR CT,1,1,1,1,1
239974,BUDGET LODGE OF SAN ANTONIO,2635 NE LOOP 410,1,1,1,1,1
239990,BEST WESTERN PLUS WINDSOR INN,5410 INTERSTATE 27,1,1,1,1,1
240001,COURTYARD BY MARRIOTT EL PASO AIRPORT,6610 INTERNATIONAL RD,1,1,1,1,1
240057,ECONO LODGE INN & SUITES,722 N PORT AVE,1,1,1,1,1
240281,COUNTRY INN & SUITES,755 E VISTA RIDGE MALL DR STE B,1,1,1,1,1
240435,RED CARPET INN,6868 HORNWOOD DR,1,0,1,1,0
240437,BEST WESTERN PLUS HOBBY INN & SUITES,8778 AIRPORT BLVD BLDG 72,1,1,1,1,1
240438,DOWNTOWNER INNS,2510 HAMILTON ST,1,0,1,1,0
240439,HILTON GARDEN INN,15400 JFK BLVD,1,1,1,1,1
240440,PALACE INN,7550 EASTEX FWY,1,1,1,0,0
240444,SCOTTISH INN,424 E TIDWELL RD,1,1,1,1,1
240445,SCOTTISH INN,6677 WESTCOTT ST,1,1,1,1,1
240446,SCOTTISH INN,3331 ANTOINE DR,1,1,1,1,1
240522,SUPER 8 MOTEL,2712 E ABRAM ST,1,1,1,1,1
240526,"COUNTRY INN & SUITES,AUSTIN",7400 N INTERSTATE 35,1,1,1,1,1
240568,SURESTAY PLUS BY BEST WESTERN,11355 SAN PEDRO AVE,1,1,1,1,1
240569,RITTIMAN INN & SUITES,6364 N IH 35,0,0,0,0,0
240621,AMERICAS BEST VALUE INN,450 RAYNOLDS ST,1,1,1,0,0
241632,TRAVELODGE,2407 E HOLLAND AVE,1,1,1,1,1
241635,LA QUINTA INN,12875 SEAGOVILLE RD,0,0,0,0,0
241636,SUPER 8 BAYTOWN,1931 EAST FWY,1,1,1,1,1
241637,MERIT INN & SUITES,2640 INTERSTATE 10 E,1,1,1,0,0
241640,SUPER 8 MOTEL,5225 N BEACH ST,1,1,1,1,1
241641,SUPER 8 MOTEL,2825 1/2 61ST ST # B,1,1,1,1,1
241642,SUPER 8 MOTEL,11421 LBJ FWY,1,1,1,1,1
241643,BEST WESTERN DINOSAUR VALLEY INN & SUITES,1311 NE BIG BEND TRL,1,1,1,1,1
241648,HOLIDAY INN EXPRESS INNS & SUITES,780 E VISTA RIDGE MALL DR,1,1,1,1,1
241650,SUPER 8,501 AVENUE Q,1,1,1,1,1
241651,COMFORT SUITES,1590 N CENTRAL EXPY,1,1,1,1,1
241654,SUPER-8 MOTEL,5400 VISTA RD,1,1,1,1,1
241656,SUPER 8 MOTEL,7700 MEMORIAL BLVD,1,1,1,1,1
241657,BEST WESTERN TEMPLE,602 N GENERAL BRUCE DR,1,1,1,1,1
242391,COMFORT INN AND SUITES,2706 N CAGE BLVD,1,1,1,1,1
242392,LA QUINTA INN & SUITES,4603 N CAGE BLVD,1,0,1,1,0
242393,VILLAS ON THE LAKE,17578 HIGHWAY 105 W,0,0,0,0,0
242394,ROYAL SONESTA HOTEL HOUSTON,2222 WEST LOOP S,0,1,1,0,1
243544,MOTEL 6 #4728,7800 HEATHROW DR,1,1,1,1,1
243920,MOTEL 6 ABILENE,4951 W STAMFORD ST,1,1,1,1,1
243922,MOTEL 6 AUSTIN SOUTH- AIRPORT,2707 INTERREGIONAL HWY S,1,1,1,1,1
243923,WEST TEXAS INN,600 W I-20,0,0,0,0,0
243926,MOTEL 6/STUDIO 6,2255 N EXPRESSWAY,1,1,1,1,1
244311,SUPER 7 INN HOUSTON-JERSEY VILLAGE,16884 NORTHWEST FWY,0,0,0,0,0
244313,MEMORIAL INN,2900 W SAM HOUSTON PKWY S,1,1,1,0,0
244314,MOTEL 6 HOUSTON - MEDICAL CENTER/NRG STADIUM,3223 SOUTH LOOP W,1,1,1,1,1
244322,MOTEL 6 #651,2185 SW LOOP 410,1,1,1,1,1
244335,MOTEL 6 #1136,8911 N HIGHWAY 146,1,1,1,1,1
244352,MOTEL 6 #1345,110 AIRPORT FWY,1,1,1,1,1
244353,MOTEL 6 #333,3001 W DICKINSON BLVD,1,1,1,1,1
244363,AMERICAS BEST VALUE INN & SUITES,5201 E PARKWAY ST,1,1,1,1,1
244364,MOTEL-6 HILLSBORO,1506 HILLVIEW DR,1,1,1,1,1
244374,MOTEL 6 #298,909 66TH ST,1,1,1,1,1
244384,MOTEL 6,3002 S CEDAR ST,1,1,1,1,1
244390,BUDGET INN,510 NW GEORGIA AVE,0,0,0,0,0
244391,DAYS INN,1104 N GENERAL BRUCE DR,1,1,1,0,0
244394,SCOTTSBURG HOSPITALITY CORP. MOTEL 6,3716 HOUSTON HWY,1,1,1,1,1
244395,MOTEL 6 #551,1001 W NASA RD 1,1,1,1,1,1
247102,EXTENDED STAY AMERICA #6195,13858 N US HIGHWAY 183,1,1,1,1,1
247103,EXTENDED STAY AMERICA # 6178,5100 W HIGHWAY 290,1,1,1,1,1
247104,BAY CITY INN,101 7TH ST,0,0,0,0,0
247108,HILTON GARDEN INN HOTEL,7979 WILLOW CHASE BLVD,1,1,1,1,1
247112,LA QUINTA INN & SUITE,689 E INTERSTATE 30,1,0,1,1,0
247123,BEST WESTERN HILL COUNTRY SUITES,18555 US HIGHWAY 281 N,1,1,1,1,1
247126,CANYON OF THE EAGLES,16942 RANCH ROAD 2341,0,0,0,0,0
247129,BEST WESTERN INN AND SUITES,4110 W AIRPORT FWY,1,1,1,1,1
247130,KINGS INN,500 W 1ST ST,1,0,1,1,0
247132,FAIRFIELD INN & SUITES,200 E CENTRAL TEXAS EXPY,1,1,1,1,1
247134,NAVASOTA INN,9460 HWY 6 S LOOP,0,0,0,0,0
247138,BEST WESTERN PORT LAVACA INN,2202 STATE HIGHWAY 35 N,1,1,1,1,1
247140,MOTEL 6,102 TOWNSEND DR,0,0,0,0,0
247542,RELIANSE LAREDO TX LLC,5310 SAN BERNARDO AVE,1,1,1,1,1
247773,RIVERWALK PLAZA HOTEL & SUITES,100 VILLITA ST,0,0,0,0,0
247877,BEST WESTERN BORGER INN,206 S CEDAR ST,1,1,1,1,1
247890,SUMMIT INN & SUITES,51325 HIGHWAY 290,0,0,0,0,0
247897,BEST WESTERN EXECUTIVE INN,5201 E END BLVD S,1,1,1,1,1
247898,SCOTTISH INNS & SUITES,9800 INTERSTATE 20,1,1,1,1,1
248120,ALAMO INN MOTEL,2203 E COMMERCE ST,0,0,0,0,0
248442,BEST WESTERN,314 E HIGHWAY ST,1,1,1,1,1
248703,STEAMBOAT INN,114 N MARSHALL ST,0,0,0,0,0
249576,LA VILLITA INN,736 S SAINT MARYS,0,0,0,0,0
249655,AMERICAS BEST VALUE INN & SUITES,9720 1/2 EASTEX FWY,1,1,1,1,1
249719,EXTENDED STAY AMERICA - LUBBOCK - SOUTHWEST,4802 S LOOP 289,1,1,1,1,1
249787,COUNTRY INN & SUITES,1502 INTERSTATE 35 N,1,1,1,1,1
249793,BEST WESTERN INN & SUITES FORT WORTH,201 W LOOP 820 N,1,1,1,1,1
249958,BEST WESTERN GARDEN INN & SUITES,4758 E US HIGHWAY 83,1,1,1,1,1
249959,LAQUINTA INN & SUITE,1915 WALL ST,1,0,1,1,0
250030,BEST VALUE INN,14020 HOMESTEAD RD,1,1,1,0,0
250344,EXECUTIVE INN,917 GRAND AVE,1,1,1,1,1
250345,QULAITY INN & SUITES,18658 INTERSTATE 35,1,1,1,1,1
250347,PLAZA HOTEL,904 1/2 W BARBOURS CUT BLVD,0,0,0,0,0
250349,BEST WESTERN PLUS LAKE WORTH INN & SUITES,3920 BOAT CLUB RD,1,1,1,1,1
250350,THE BUNGALOWS ON SHARY,3700 PLANTATION GROVE BLVD,0,1,1,0,0
250695,ISLANDER EAST RENTAL,415 E BEACH DR,0,0,0,0,0
250696,LA HACIENDA HOTEL,4914 SAN BERNARDO AVE,0,0,0,0,0
250698,HOLIDAY INN EXPRESS,901 S SHARY RD,1,1,1,1,1
251038,SUPER 8 DALHART,403 TANGLEWOOD RD,1,1,1,1,1
251039,BEST WESTERN PLUS MCKINNEY INN AND SUITES,480 WILSON CREEK BLVD,1,1,1,1,1
251042,PLANTATION SUITES AND CONFERENCE CENTER,1909 STATE HIGHWAY 361,0,0,0,0,0
251081,CANDLEWOOD SUITES,1700 HIGHWAY 146 N,0,0,0,0,0
252313,SPRINGHILL SUITES AUSTIN NORTH/PARMER LANE,12520 N INTERSTATE 35,1,1,1,1,1
252502,HOLIDAY INN EXPRESS & SUITES SAN ANTONIO NW-MEDICA,102 SPENCER LN,1,1,1,1,1
252778,AMERICA'S BEST VALUE INN & SUITES,175 W EXPRESSWAY 83,1,1,1,1,1
252820,HILTON GARDEN INN AUSTIN,11617 RESEARCH BLVD,1,1,1,1,1
253249,BIG BEND RESORT & ADVENTURES,HIGHWAY 118 AT 170,0,0,0,0,0
253302,SUPER 8 MOTEL,411 AVENUE F NE,1,1,1,1,1
253357,HOTEL TEXAS,2415 ELLIS AVE,0,0,0,0,0
253952,BLUE BAY INN,901 PADRE BLVD,0,1,1,0,0
254025,BEST WESTERN ROANOKE INN & SUITES,337 DORMAN RD,1,1,1,1,1
254040,MOON LIGHT INN & SUITES,8228 GULF FWY,0,0,0,0,0
254641,HUDSPETH HOUSE B&B,1905 4TH AVE,0,0,0,0,0
254913,SUPERLODGE MOTEL,9487 DYER ST,0,0,0,0,0
254915,COURTYARD BY MARRIOTT DFW AIRPORT SOUTH,2280 VALLEY VIEW LN,1,1,1,1,1
254916,PLEASANTON INN,1913 W OAKLAWN RD,1,1,1,1,1
257022,BEST WESTERN FOUNTAINVIEW INN & SUITES,6229 RICHMOND AVE,1,1,1,1,1
257023,HAMPTON INN PEARLAND,6515 BROADWAY ST,1,0,1,1,0
257024,COMFORT SUITES,3615 GRANDVIEW ST,1,1,1,1,1
257025,INTOWN SUITES SUGARLAND,11620 LEBON LN,1,1,1,1,1
257261,CROWNE-PLAZA SUITES ARLINGTON,700 AVENUE H E,1,1,1,1,1
257412,STAY EXPRESS INN,716 E TYLER ST,0,0,0,0,0
257413,RIVER FRONT MOTEL,1103 MAPLE ST,0,0,0,0,0
257417,CLINE SHALE INN AND SUITES,1137 E US HIGHWAY 180,1,1,1,1,1
257507,FOUR POINTS BY SHERATON HOUSTON SW,2828 SOUTHWEST FWY,1,1,1,1,1
258607,SUMMERFIELD SUITES ADDISON,4900 EDWIN LEWIS DR,1,1,1,1,1
258626,LE MERIDIEN DALLS BY THE GALLERIA,13402 NOEL RD,1,1,1,1,1
258635,INTOWN SUITES HOUSTON IAH AIRPORT,12010 KUYKENDAHL RD,1,1,1,1,1
258636,SAM HOUSTON HOTEL,1117 PRAIRIE ST,1,1,1,1,1
258650,INTOWN SUITES DFW AIRPORT,324 E CORPORATE DR,1,0,1,1,0
258651,HOTEL VALENCIA RIVERWALK,150 E HOUSTON ST,0,0,0,0,0
258739,HILTON GARDEN INN - ALLEN,705 CENTRAL EXPY S,1,1,1,1,1
258754,HOMEWOOD SUITES BY HILTON DALLAS-DFW AIRPORT N-GRA,2214 W GRAPEVINE MILLS CIR,1,1,1,1,0
258814,HOLIDAY INN EXPRESS HOTEL SUITES ELGIN,258 HWY 290 E,1,1,1,1,1
258818,RESIDENCE INN HOUSTON THE WOODLANDS/MKT ST,9333 SIX PINES DR,1,1,1,1,1
258875,COMFORT SUITES,1055 MCNEE RD,1,1,1,0,1
259008,HAMPTON INN & SUITES AUSTIN DOWNTOWN,200 SAN JACINTO BLVD,1,1,1,1,1
259010,SCOTTISH INN,50 INTERSTATE 10 N,1,0,1,1,0
259207,COUNTRY INN & SUITES,1483 N INTERSTATE 35,1,1,1,1,1
259215,SOUTHTOWN SAN ANTONIO INN/MINI-SUITES,1020 NOGALITOS ST,0,0,0,0,0
259592,AMERICAN INN,2310 HICKORY ST,1,1,1,0,0
259593,HOTEL ZA ZA,2332 LEONARD ST,0,0,0,0,0
259594,370 EAST I-45 SUPER 8,370 EAST I-45,1,1,1,1,1
259597,HAMPTON INN & SUITES,5011 W LOOP 250 N,1,0,1,1,0
259599,BEST WESTERN POST INN,1011 N BROADWAY ST,1,1,1,1,1
259600,BAYMONT INN AND SUITES,1604 STATE HIGHWAY 34 S,1,0,1,1,0
259601,QUALITY INN & SUITES,2410 S NEW RD,1,1,1,1,1
259602,BEST WESTERN PLUS,210 ALFORD DR,1,1,1,1,1
260264,YOGI BEAR'S JELLYSTONE PARK-HILL COUNTRY,12915 FM 306,0,0,0,0,0
260909,INTOWN SUITES,1240 W TRINITY MILLS RD,1,1,1,1,1
260923,INTOWN SUITES NORTH DALLAS LLC,19059 PRESTON RD,1,1,1,1,1
260935,INTOWN SUITES,13220 NACOGDOCHES RD,1,1,1,1,1
260937,"INTOWN SUITES HIGHWAY 121, L.P.",101 VALLEY VIEW DR,1,1,1,1,1
260945,INTOWN SUITES,7490 CULEBRA RD,1,1,1,1,1
260967,INTOWN SUITES LEON VALLEY,6451 BANDERA RD,1,1,1,1,1
260968,INTOWN SUITES ARLINGTON SOUTH L P,6016 JO COOPER ST,1,1,1,1,1
260969,INTOWN SUITES ARLINGTON LLC,2106 S COOPER ST,1,1,1,1,1
261246,KNIGHTS INN & SUITES,3829 FRANKLIN AVE,1,1,1,1,1
262741,HOLIDAY INN EXPRESS,320 N INTERSTATE 35,1,1,1,1,1
263159,"CENTER FOR CHRISTIAN GROWTH, INC.",2549 W STATE HIGHWAY 46,0,0,0,0,0
263164,SPRINGHILL SUITES ADDISON,15255 QUORUM DR,1,1,1,1,1
263230,ALAMO INN B & B,801 MAIN ST,0,0,0,0,0
263232,HOWARD JOHNSON INN,8216 HARBORSIDE DR,1,1,1,1,1
263234,BEST WESTERN CLUB HOUSE INN & SUITES,4410 HIGHWAY 180 E,1,1,1,1,1
263235,HOLIDAY INN EXPRESS & SUITES,2306 GREENHILL RD,1,1,1,1,1
265568,ALAMO K.O.A. KAMPGROUND INC.,602 GEMBLER RD,0,0,0,0,0
265575,BRAVA HOUSE,1108 BLANCO ST,0,0,0,0,0
265936,HOWARD JOHNSON EXPRESS INN,1114 E MAIN ST,1,1,1,1,1
266034,INN AT THE WATERPARK,2525 JONES DR,0,0,0,0,0
266037,BEST WESTERN LAKE CONROE INN,14643 HIGHWAY 105 W,1,1,1,1,1
266038,HOLIDAY INN EXPRESS HOTEL AND SUITES,200 HOLIDAY LN,1,1,1,1,1
266041,SUPER 8,720 ADAMS DR,1,1,1,1,1
266145,RESIDENCE INN HOUSTON NORTHWEST/WILLOWBROOK,7311 W GREENS RD,1,1,1,1,1
266157,HOUSTON MAGNOLIA HOTEL,1100 TEXAS ST,1,1,1,1,1
266224,THE WOODLANDS WATERWAY MARRIOTT HOTEL & CONV CTR,1601 LAKE ROBBINS DR,1,1,1,1,1
266225,LA QUINTA INN & SUITES BEAUMONT WEST,5820 WALDEN RD,1,0,1,1,0
266573,AMERICAS BEST VALUE INN,11301 US HIGHWAY 290 E,1,1,1,1,1
268142,AMERICAS BEST VALUE INN - PLATINUM,11011 NORTH FWY,1,1,1,0,0
268149,COURTYARD BY MARRIOTT - DT/CONVENTION CTR HOUSTON,916 DALLAS ST,1,1,1,1,1
268150,AMLI ELDRIDGE PARKWAY,1415 ELDRIDGE PKWY,0,0,0,0,0
268151,RESIDENCE INN BY MARRIOTT-DT/CONVENTION CTR HOUSTO,904 DALLAS ST,1,1,1,1,1
268276,MOTEL 6 #1358,4301 E INTERSTATE 40,1,1,1,1,1
268280,COMFORT SUITES,2350 S DAY ST,1,1,1,0,1
268283,LAQUINTA INN & SUITES #259 CONROE,4006 SPRAYBERRY LN,1,0,1,1,0
268286,MOTEL 6,1900 S TRINITY ST,1,1,1,0,0
268290,SUPER 8 BY WYNDHAM,119 W 17TH ST,1,1,1,1,1
268297,HAMPTON INN & SUITES,1202 N ED CAREY DR,1,1,1,1,1
268298,SUPER 8 MOTEL,3121 MONTGOMERY RD,1,1,1,1,1
268306,LAMPASAS HOSPITALITY LLC,1200 CENTRAL TEXAS EXPY,1,1,1,1,1
268307,COUNTRY INN & SUITES,5806 INTERSTATE 27,1,1,1,1,1
268308,BEST WESTERN EXECUTIVE INN & SUITES,3307 E MAIN ST,1,1,1,1,1
268312,"SUTTON COUNTY HOSPITALITY,LLC",1009 N CROCKETT AVE,1,1,1,1,1
268313,ISLAND INN,5100 GULF BLVD,0,0,0,0,0
268525,QUALITY INN SEAWORLD,323 SW LOOP 410,1,1,1,1,1
268844,GRUENE RIVER HOTEL & RETREAT,1235 GRUENE RD,0,0,0,0,0
268847,SOUTH PADRE INN,204 W GARDENIA ST,0,0,0,0,0
268848,SURF MOTEL,2612 GULF BLVD,0,0,0,0,0
269217,AMERICA'S BEST VALUE INN,1515 OLD ECTOR RD,1,1,1,1,1
269223,KEMAH ESCAPE,617 9TH ST,0,0,0,0,0
270099,GAYLORD TEXAN,1501 GAYLORD TRL,1,0,1,1,0
270299,REGENCY INN,2307 E MAIN ST,0,0,0,0,0
273366,HARDIN HOUSE DORMITORY,2206 RIO GRANDE ST,0,0,0,0,0
273406,BASTROP INN,102 CHILDERS DR,0,0,0,0,0
273407,CHAIN-O-LAKES,235 CHAIN O LAKES RESORT,0,0,0,0,0
273410,SUPER 8 MOTEL,1525 N STATE HIGHWAY 46,1,1,1,1,1
273419,RIVER VALLEY MOTOR INN,1575 W STATE HIGHWAY 71,0,0,0,0,0
273453,ARROWHEAD RESORT,106 ARROWHEAD RD,0,0,0,0,0
274011,LOCKHART INN,1207 S COLORADO ST,0,0,0,0,0
274037,BIG TEXAN INN,7703 E INTERSTATE 40,0,0,0,0,0
275456,ADDISON INN,4005 BELT LINE RD,1,1,1,1,1
275465,EXPRESS INN AND SUITES,1215 INTERSTATE HIGHWAY 30,0,0,0,0,0
275470,EXTENDED STAY AMERICA #9706,7825 HEATHROW DR,1,1,1,1,1
275481,AMERICAN BEST VALUE INN,13429 INTERSTATE 20 W,1,1,1,1,1
275483,CANDLEWOOD SUITES,315 E RIECK RD,1,1,1,1,1
275872,SANDPIPER CONDOMINIUM,6745 STATE HIGHWAY 361,0,0,0,0,0
277743,HOLIDAY INN EXPRESS & SUITES,491 AGNES ST,1,1,1,1,1
277876,HAMPTON INN & SUITES DEER PARK,1450 CENTER ST,1,0,1,1,0
277879,HOLIDAY INN EXPRESS,1035 E HIGHWAY 67,1,1,1,1,1
277881,MOTEL 6,12211 GATEWAY BLVD W,1,1,1,1,1
277887,MOTEL 6,6311 CENTRAL CITY BLVD,0,0,0,0,0
277888,KINGSLEY INN & SUITES,3536 W KINGSLEY RD,0,0,0,0,0
277891,SUPER 8,1512 HILLVIEW DR,1,1,1,1,1
277892,BUDGET HOST HEMPSTEAD INN,12708 HEMPSTEAD RD,1,1,1,1,1
277896,SUPER 8,7010 WILL CLAYTON PKWY,1,1,1,1,1
277898,PASSPORT INN & SUITES,601 TEXAS AVE,1,1,1,1,1
277943,STUDIO 6,700 SAVANNAH AVE,1,1,1,1,1
277947,THE LIGHT HOUSE INN AT ARANSAS BAY,200 S FULTON BEACH RD,0,0,0,0,0
277948,HOLIDAY INN EXPRESS HOTEL & SUITES,1309 E COMMERCE ST,1,1,1,1,1
277951,PALMS RESORT MOTEL,3616 GULF BLVD,0,0,0,0,0
277953,COMFORT SUITES,303 E RIECK RD,1,1,1,1,1
277964,BEST WESTERN PLUS,6808 WOODWAY DR,1,1,1,1,1
278860,HOLIDAY LODGE,537 SKYLINE DR,0,0,0,0,0
280184,CONFORT INN & SUITES,6302 SEAWALL BLVD,1,1,1,1,1
280229,DOUBLE BARR COTTAGE INN,415 E AVENUE G,0,0,0,0,0
280902,DALLAS MARRIOTT CITY CENTER HOTEL,650 N PEARL ST,1,1,1,1,1
281290,AUSTIN MARRIOTT NORTH,2600 LA FRONTERA BLVD,1,1,1,1,1
281442,COMFORT SUITES,1501 CENTER ST,1,1,1,1,1
281443,DAYS INN,1610 S DUMAS AVE,1,1,1,1,1
281445,ECONOLODGE I-27,5706 INTERSTATE 27,1,1,1,1,1
281649,ROADYWAY INN,6750 INTERSTATE 20,1,1,1,0,0
281755,RESIDENCE INN EL PASO,6355 GATEWAY BLVD W,1,1,1,1,1
281756,COMFORT SUITES,4801 E 50TH ST,1,1,1,0,1
281757,HAMPTON INN,3923 JOHN BEN SHEPPERD PKWY,1,0,1,1,0
282698,AUSTIN HILTON CONVENTION HOTEL,500 E 4TH ST,1,1,1,1,1
282699,HILTON AMERICAS - HOUSTON,1600 LAMAR ST,1,1,1,1,1
282702,FAIRFIELD INN & SUITES,700 W HILLSIDE RD,1,1,1,1,1
282703,ECONOMY INN,3219 U S HIGHWAY 59 S,0,0,0,0,0
282707,MOTEL 6,4701 N CAGE BLVD,1,1,1,1,1
282709,SUGARLAND MARRIOTT TOWN SQUARE,16090 CITY WALK,1,1,1,1,1
282712,"TWIN PEAKS HOSPITALITY, LLC",5001 COWHORN CREEK LOOP,1,1,1,1,1
283873,HOTEL ICON,220 MAIN ST,1,1,1,1,1
284010,PADRE SOUTH HOTEL,1500 GULF BLVD,0,0,0,0,0
284421,INTOWN SUITES,9909 N LAMAR BLVD,1,1,1,1,1
284474,BEACHGATE,2000 ON THE BEACH DR,0,0,0,0,0
284964,CONTINENTAL #304,4908 GULF BLVD # 304,0,0,0,0,0
284971,FLORENCE #303,5550 GULF BLVD # 303,0,0,0,0,0
284974,LA INTERNACIONAL #302,5008 GULF BLVD # 302,0,0,0,0,0
285294,EXTENDED STAY AMERICA # 6197,16950 N IH 35,1,1,1,1,1
285783,AMARILLO COURTYARD INN,8006 I-40 W,1,1,1,1,1
285785,HAMPTON INN & SUITES AMARILLO WEST,6901 W INTERSTATE 40,1,1,1,1,1
285795,BEST WESTERN WINSCOTT AND SUITS,590 WINSCOTT RD,1,1,1,1,1
285802,HAMPTON INN DENTON,1513 CENTRE PLACE DR,1,1,1,1,1
285811,PARADISE INN,3002 ROOSEVELT AVE,0,0,0,0,0
286263,"MAYAN DUDE RANCH, INCORPORATED",350 MAYAN RANCH RD,0,0,0,0,0
286987,CAMBRIA HOTEL HOUSTON DOWNTOWN,1314 TEXAS ST,1,1,1,1,1
286988,RESIDENCE INN HOUSTON WEST UNIVERSITY,2939 WESTPARK DR,1,1,1,1,1
287645,RANGER INN & SUITES,800 SIX FLAGS DR,0,0,0,0,0
287646,BEST WESTERN PINEYWOODS INN,306 LOOP 59,1,1,1,1,1
287652,LA QUINTA INN & SUITES,5051 N EXPRESSWAY,1,0,1,1,0
287657,HAMPTON INN & SUITES,1600 HURST TOWN CENTER DR,1,1,1,1,1
287663,RED ROOF INN,817 N INTERSTATE 35,1,1,1,0,0
288460,COURT HOUSTON WEST UNIVERSITY,2929 WESTPARK DR,1,1,1,1,1
288559,GARDNER HOTEL,311 E FRANKLIN,0,0,0,0,0
288617,MOKARA HOTEL & SPA,212 W CROCKETT ST,1,1,1,1,1
288618,DAY'S INN & SUITES,3710 GULF FWY,1,1,1,1,1
288619,LA QUINTA INN AND SUITES - TOMBALL,14000 MEDICAL COMPLEX DR,1,0,1,1,0
288728,VILLAGE MOTOR INN,3012 S CONGRESS AVE,0,0,0,0,0
288729,BEST BUDGET INN,903 N INTERSTATE HIGHWAY 35,0,0,0,0,0
288732,AUSTIN VILLAGE MOTOR INN,601 MIDDLE LN,0,0,0,0,0
288742,AUSTIN MOTOR INN,11400 N IH 35,0,0,0,0,0
291287,HEART OF TEXAS MOTEL,5303 US HWY 290 WEST,0,0,0,0,0
291291,HEART OF TEXAS MOTEL,5303 US HWY 290 WEST,0,0,0,0,0
293238,HOLIDAY INN EXPRESS HOTEL & SUITES - PEARLAND,1702 N MAIN ST,1,1,1,1,1
293240,RODEWAY INN,211 N WW WHITE RD,1,1,1,1,1
294840,COLONIAL HOTEL,1147 E LEVEE ST,0,0,0,0,0
294847,COUNTRY INN & SUITES BY CARLSON ROUND ROCK,1560 N IH 35,1,1,1,1,1
294848,COURTYARD FORT WORTH I-30 WEST NEAR NAS,6530 WEST FWY,1,1,1,1,1
295489,HILTON GARDEN INN TEMPLE,1749 SCOTT BLVD,1,1,1,1,1
295496,SPRING CITY INN,1109 N AYLESFORD ST,1,1,1,1,1
295503,HOLIDAY INN EXPRESS HOTEL & SUITES,984 W HIGHWAY 287 BYP,1,1,1,1,1
296531,AMERICAS BEST VALUE INN,15101 IH 35 S,1,1,1,1,1
296697,WILDFLOWER INN,2117 N ESPLANADE ST,0,0,0,0,0
300068,HORSESHOE BAY RESORT DESTINATIONS,200 HI CIR N,0,0,0,0,0
300426,LAKE CONROE HOUSTON NORTH KOA,19785 HIGHWAY 105 W,0,0,0,0,0
300749,COMFORT SUITES #547,22223 HIGHWAY 59 N,1,1,1,1,1
309380,HOLIDAY INN EXPRESS,421 S INTERNATIONAL BLVD,1,1,1,1,1
309385,BEST WESTERN THE WOODLANDS,17081 INTERSTATE 45 SOUTH,1,1,1,1,1
309423,GALVESTON BEACH HOTEL WEST,8710 SEAWALL BLVD,0,0,0,0,0
309444,Y O RANCH RESORT HOTEL,2033 SIDNEY BAKER ST,0,0,0,0,0
310413,HILTON GARDEN INN,9301 SIX PINES RD,1,1,1,1,1
313572,TRAVEL INN,17607 HIGHWAY 59 N,1,0,1,0,0
314367,HOLIDAY INN EXPRESS,1400 W 1ST ST,1,1,1,1,1
314372,HOLIDAY INN EXPRESS,300 TUTTLE CIR,1,1,1,1,1
314379,PALACE INN SPENCER HWY,1622 SPENCER HWY,1,1,1,1,1
319961,BEST WESTERN DAYTON INN & SUITES,1751 HWY 90_W,1,1,1,1,1
319968,BEST WESTERN RED RIVER INN,902 W 2ND ST,1,1,1,1,1
320560,SPRINGHILL SUITES FORT WORTH UNIVERSITY,3250 LOVELL AVE,1,1,1,1,1
324158,"ALISTER SQUARE INN, LTD.",122 S ALISTER ST,0,0,0,0,0
325176,S J PATEL & SONS LTD,1204 US HIGHWAY 79 N,0,0,0,0,0
378988,TIKI CONDOMINIUMS,6608 PADRE BLVD # 342,0,0,0,0,0
386693,HANGAR HOTEL,155 AIRPORT RD,0,0,0,0,0
446401,BEST WESTERN TAYLOR INN,2600 W 2ND ST,1,1,1,1,1
446887,INN OF UVALDE,810 E MAIN ST,0,0,0,0,0
446895,HOLIDAY INN EXPRESS PHARR,205 W NOLANA LOOP,1,1,1,1,1
456359,AMERICAS BEST VALUE INN & SUITES,134 SPUR 5,1,1,1,1,1
456627,HCEL,1580 HAY HOLLER RD,0,0,0,0,0
459977,TUSHAR INC,205 US HIGHWAY 175 W,1,1,1,1,1
460027,AMERICAS BEST VALUE INN,3921 GARTH RD,1,1,1,1,1
460033,"BAYFRONT MARINA INVESTMENTS, LP",707 N SHORELINE BLVD,1,1,1,1,1
460047,COMFORT INN & SUITES,723 S WASHINGTON ST,1,1,1,1,1
460076,SEAGULL CONDOMINIUM,6649 STATE HIGHWAY 361,0,0,0,0,0
463961,SCOTTISH INN AND SUITES,28150 SOUTHWEST FWY,1,1,1,1,1
464170,RAMADA INN,111 HIGHWAY 36 BYP N,1,1,1,1,1
465532,SUPER8,302 ROLAND RD,1,1,1,1,1
472157,1811 E. SARAH DEWITT DRIVE/BEST WESTERN REGENCY,1811 E SARAH DEWITT DR,1,1,1,1,1
472189,RIATA INN,99206 US HIGHWAY 67,0,0,0,0,0
472228,TRAVELLERS INN,3210 1ST ST,0,0,0,0,0
472230,RED ROOF INN,815 S INTERSTATE 35,1,1,1,1,1
472231,STAY EXPRESS INN,1129 AUSTIN HWY,0,0,0,0,0
472262,HOMEWOOD SUITES BY HILTON CORPUS CHRIST,5201 CROSSTOWN EXPY,1,1,1,1,1
472280,FREDERICKSBURG INN & SUITES,201 S WASHINGTON ST,0,0,0,0,0
472311,LA COPA INN RESORT,350 PADRE BLVD,0,0,0,0,0
477478,CAPTAIN'S QUARTERS INN,235 W COTTER AVE,0,0,0,0,0
481635,THE HISTORIC JEFFERSON HOTEL LLC,124 W AUSTIN ST,0,0,0,0,0
481990,WOODVILLE INN,201 N MAGNOLIA ST,0,0,0,0,0
482040,THE WILDWOOD INN,2602 LILLIAN MILLER PKWY,0,0,0,0,0
483057,TEXAS INN,807 E KINGSBURY ST,0,0,0,0,0
483201,SPRINGHILL SUITES BY MARRIOTT,2240 W GRAPEVINE MILLS CIR,1,1,1,1,1
483205,BEST WESTERN PLUS CROWN COLONY INN & SUITES,3211 S 1ST ST,1,1,1,1,1
483233,GATEWAY INN,915 W PASADENA FWY,0,0,0,0,0
483324,SUPER 8 MOTEL,103 W US HIGHWAY 80 APT 101,1,1,1,1,1
483344,LA QUINTA INN & SUITES,4603 N CAGE BLVD,1,0,1,1,0
483586,DOUBLETREE BY HILTON HOTEL DALLAS - FARMERS BRANCH,11611 LUNA RD,1,1,1,1,1
483816,ANTILLEY INN,6550 US HIGHWAY 83,0,0,0,0,0
483873,HOLIDAY INN EXPRESS & SUITES FORT WORTH DOWNTOWN,1111 W LANCASTER AVE,1,1,1,1,1
483880,AMERICA'S BEST VALUE INN,808 S STATE HIGHWAY 46,1,1,1,1,1
486930,HAMPTON INN & SUITES,22055 KATY FWY,1,1,1,1,1
486939,HAMPTON INN & SUITES WESTCHASE,6440 W SAM HOUSTON PKWY S,1,1,1,1,1
486998,MP217 (MAYAN PRINCESS 217),7477 STATE HIGHWAY 361 UNIT 217,0,1,1,0,1
487288,LA QUINTA INN & SUITES,1501 N STATE HIGHWAY 46,1,0,1,1,0
487289,EMBASSEY SUITES FRISCO,7600 JOHN Q HAMMONS DR,1,1,1,1,1
487736,BEST VALUE INN & SUITES,902 HIGHWAY 146 N,1,1,1,1,1
488773,AIRPORT INN & SUITES,8115 EASTHAVEN BLVD,0,0,0,0,0
488992,CRYSTAL SUITES,201 HIGHWAY 146 N,0,0,0,0,0
490892,QUALITY INN & SUITES,6185 S DESERT BLVD,1,1,1,1,1
497952,AMERICA'S BEST VALUE INN,2435 PINN RD,1,1,1,1,1
498004,PAINTED SKY INN,1400 COUNTY ROAD 128,0,0,0,0,0
498071,TRAVELODGE,4001 S GENERAL BRUCE DR,1,1,1,1,1
498306,LA COPA INN,1010 W HOUSTON AVE,0,0,0,0,0
498333,BEST WESTERN PLUS GRAHAM INN,1707 STATE HIGHWAY 16 S,1,1,1,1,1
498346,HYATT WILD OAK RANCH,9700 W MILITARY DR,1,1,1,1,1
498354,LUXURY INN,3564E E HIGHWAY 90,0,1,1,0,0
498355,HAMPTON INN & SUITES,4601 COWHORN CREEK RD,1,1,1,1,1
498373,"CREEKHAVEN INN, LLC",400 MILL RACE LN,0,0,0,0,0
498764,MT GAINOR INN,2390 PROCHNOW RD,0,0,0,0,0
499010,REGENCY INN,3101 E SURFSIDE BLVD,0,0,0,0,0
501370,BEST WEST PLUS-EXECUTIVE INN,2100 E STATE HIGHWAY 31,1,1,1,1,1
501465,BELLE OAKS INN,222 SAINT PETER ST,0,0,0,0,0
502121,FAIRFIELD INN SAN ANGELO,1459 KNICKERBOCKER RD,1,1,1,1,1
503045,SCOTTISH INN & SUITES,9610 W SAM HOUSTON PKWY S,1,0,1,1,0
503400,BEST WESTERN PLUS SAM HOUSTON,8049 N SAM HOUSTON PKWY W,1,1,1,1,1
503471,RANCHO CORTEZ,872 HAY HOLLER RD,0,0,0,0,0
506375,CORINTHIAN BED AND BREAKFAST,4125 JUNIUS ST,0,1,1,0,0
507303,BUDGET HOST INN,4840 SPENCER HWY,0,0,0,0,0
507305,INTOWN SUITES JANA LANE L P,6630 FAIRMONT PKWY,1,1,1,1,1
507307,LA QUINTA INN & SUITES,365 S HIGHWAY 46,1,0,1,1,0
507370,LUFKIN INN,308 N TIMBERLAND DR,0,1,1,0,0
508084,COMFORT INN & SUITES,8640 CROWNHILL BLVD,1,1,1,1,1
508094,QUALITY INN & SUITES,8709 AIRPORT FWY,1,1,1,1,1
514489,FAIRFIELD INN AND SUITES,105 INTERSTATE 20 W,1,1,1,1,1
514502,LA QUINTA,7220 BOB BULLOCK LOOP,1,0,1,1,0
518288,LA QUINTA INN & SUITES FREDERICKSBURG,1465 E MAIN ST,1,0,1,1,0
518291,COMFORT INN,204 EARLY BLVD,1,1,1,1,1
518371,HILTON GARDEN INN HOUSTON WESTBELT,6855 W SAM HOUSTON PKWY S,1,1,1,1,1
520514,DIXIE DUDE RANCH,833 DIXIE DUDE RANCH RD,0,0,0,0,0
521385,CAMELOT INN & SUITES,2508 E INTERSTATE 40,1,1,1,0,0
522026,THE HOLLAND HOTEL,209 W HOLLAND AVE,0,0,0,0,0
523853,HOMEWOOD SUITES BY HILTON,950 UNIVERSITY DR E,1,1,1,1,1
525232,CLUB QUARTERS IN HOUSTON,720 FANNIN ST,1,1,1,1,1
526841,HOLIDAY INN - AUSTIN MIDTOWN,6000 MIDDLE FISKVILLE RD,1,1,1,1,1
530174,KEVAL INVESTMENTS LLC,1601 N SAINT MARYS ST,0,0,0,0,0
530458,LA QUINTA INN & SUITES,4424 WESTWAY PARK BLVD,1,0,1,1,0
530647,HILTON GARDEN INN - DUNCANVILLE,800 N MAIN ST,1,1,1,1,1
534645,COMFORT SUITES,7209 GARTH RD,1,1,1,1,1
534646,"V M HOSPITALITY, LLC",205 W UNIVERSITY DR,1,1,1,1,1
534680,EXECUTIVE INN,2809 HIGHWAY 180 W,0,0,0,0,0
534695,REGENCY INN AND SUITES,9727 FREDERICKSBURG RD,0,0,0,0,0
534722,COMFORT SUITES DFW/N GRAPEVINE,1805 ENCHANTED WAY,1,1,1,1,1
534749,SUPER 8,252 W INTERSTATE 30,1,1,1,1,1
542977,SHILO INN,1707 LUBBOCK HWY,0,0,0,0,0
542994,ROYAL INN,1233 S BROADWAY ST,0,0,0,0,0
543081,"9835 VANTAGE DALLAS TX HOTEL, LLC",9019 VANTAGE POINT DR,1,1,1,1,1
543189,DAYS INN 32921,3605 N US HIGHWAY 75,1,1,1,1,1
543284,KNIGHTS INN-BAY CITY,905 AVENUE F,0,0,0,0,0
543468,MAHAVIR HOST LLC,10525 GREENBOUGH DR,1,1,1,1,1
547965,MOTEL 6,4201 SOUTH FWY,1,1,1,1,1
547969,EL CONSTANTE 299,14802 WINDWARD DR # 299,0,0,0,0,0
549992,COUNTRY INN & SUITES,2000 S SONCY RD,1,1,1,1,1
549993,COMFORT SUITES SOUTH,6318 VENTURA DR # I-27,1,1,1,1,1
550030,DAYS INN KEMAH,1413 HIGHWAY 146,1,1,1,1,1
550033,ANCHOR MOTEL,1302 BLUE WATER HWY,0,0,0,0,0
550946,DELUXE INN & SUITES,450 S EXPRESSWAY 77,0,1,1,0,0
550977,ECONO INN,6301 ENRIQUE M BARRERA PKWY,0,0,0,0,0
551004,SPRINGHILL SUITES-KATY MILLS,2501 TEXAMATI DR,1,1,1,1,1
552372,FREDERICKSBURG HERB FARM,405 WHITNEY ST,0,0,0,0,0
553206,BEACHCOMBER MOTEL,539 S 12TH ST,0,0,0,0,0
553347,ECONOMY INN,5103 INTERSTATE HIGHWAY 30,0,0,0,0,0
553469,HOLIDAY INN CROCKETT,320 BONHAM,0,0,0,0,0
553665,FORTUNA BAY #10,15409 FORTUNA BAY DR # 10,0,0,0,0,0
554809,HAMPTON INN & SUITES,1103 RIVERSIDE DR,1,0,1,1,0
555267,BEST WESTERN EXECUTIVE INN,207 US HIGHWAY 77 S,1,1,1,1,1
555269,SUPER 8,201 MESA VW,1,1,1,1,1
556956,BUDGET SUITES OF AMERICA TX-344,15130 MARSH LN,1,1,1,0,0
556989,HILTON GARDEN INN-DFW AIRPORT SOUTH,2001 VALLEY VIEW LANE,1,1,1,1,1
557082,SUPER 8 MOTEL,9032 N HIGHWAY 146,1,1,1,1,1
557130,GRUENE  RIVER MANAGEMENT,1111 GRUENE RD,0,0,0,0,0
558146,AMERICAS BEST VALUE INN,4515 AIRLINE DR,1,1,1,0,0
559409,ASL HOSPITALITY/REGENCY SUITES,15420 W HARDY RD,0,0,0,0,0
559463,BRIDGEPORT SUITES,905 US HIGHWAY 380,1,1,1,1,1
559473,QUALITY INN,311 HIGHWAY 277 N,1,1,1,0,1
559491,HOLIDAY INN EXPRESS HOTEL & SUITES,11460 EAST FWY,1,1,1,1,1
559584,SIESTA INN 8 SUITES,4441 FREDERICKSBURG RD,0,0,0,0,0
560623,HOLIDAY INN EXPRESS,6502 PADRE BLVD,1,1,1,1,1
560815,GATE ONE INN,4410 HIGHWAY 377 S,0,0,0,0,0
561196,SANGER INN,1400 N STEMMONS ST,0,0,0,0,0
564382,OLCC- GALVESTON BEACH RESORT,11743 TERMINI SAN LUIS PASS RD,1,1,1,1,1
564476,LA QUINTA INN SUITES,1940 SIDNEY BAKER,1,0,1,1,0
564591,ORANGE INN & SUITES,2900 IH 10,0,0,0,0,0
565804,TOWER INN,5844 JACKSBORO HWY,0,0,0,0,0
565850,"TURNER ADVENTURES, INC.",9266 BANDERA CREEK RD,0,0,0,0,0
566075,CARRIAGE HOUSE INN,910 E SLATON RD,0,0,0,0,0
566387,CASA ROSA INN,761 STATE HIGHWAY 100,0,0,0,0,0
566802,HOLIDAY INN,20 N I H 35,1,1,1,1,1
567327,COMFORT SUITES TEXAS AVENUE,2313 TEXAS AVE S,1,1,1,1,1
567624,CASA BELLA INN,5601 PADRE BLVD,0,0,0,0,0
568117,QUALITY INN & SUITES,5924 SEAWALL BLVD,1,1,1,1,1
569911,COMAL INN,424 COMAL AVE,0,0,0,0,0
570051,GARDEN SUITES,107 N 8TH ST,0,0,0,0,0
570092,SCOTTISH INN,8415 HIGHWAY 6 S,1,1,1,1,1
570145,LA QUINTA INNS AND SUITES,520 W BAY AREA BLVD,1,0,1,1,0
570155,AMERICA'S BEST VALUE INN WALLER,19777 STOKES RD,1,1,1,1,1
570159,COMFORT SUITES,800 E EXPRESSWAY 83,1,1,1,1,1
570165,HONDO EXECUTIVE INN,102 19TH ST,0,0,0,0,0
570167,EXECUTIVE INN & SUITES,1708 W STATE HIGHWAY 71,0,0,0,0,0
570171,STUDIO 6,2920 ROCKLAND BLVD,1,1,1,1,1
570264,HOLIDAY INN EXPRESS HOTEL & SUITES,3541 NW LOOP 820,1,1,1,1,1
570276,TAYLOR VILLAGE INN,1907 N MAIN ST,0,0,0,0,0
570279,HILTON GARDEN INN GALLERIA,3201 SAGE RD,1,1,1,1,1
570283,DOUBLETREE BY HILTON GALVESTON BEACH,1702 SEAWALL BLVD,1,1,1,1,1
570285,HOTEL CONTESSA,306 W MARKET ST,0,0,0,0,0
570289,SCOTTISH INN & SUITES,2501 HIGHWAY 90 EAST,0,0,0,0,0
570291,TOWNEPLACE SUITES,2401 FLORENCE RD,1,1,1,1,1
572103,ARBOR INN & SUITES,5310 ENGLEWOOD,0,0,0,0,0
572730,BEST WESTERN TROPIC INN,615 S HIGHWAY 77,1,1,1,1,1
573233,DEER LAKE CABINS RANCH RESORT,1692 PANTHER CREEK PASS,0,0,0,0,0
573347,HYATT REGENCY LOST PINES RESORT & SPA,575 HYATT LOST PINES RD,1,1,1,1,1
574131,DAY'S INN,3595 STATE HIGHWAY 361,1,1,1,1,1
574133,FAIRFIELD INN & SUITES,2900 W UNIVERSITY DR,1,1,1,1,1
574244,BEST WESTERN GARDEN INN,11939 N INTERSTATE 35,1,1,1,1,1
574364,SEABREEZE 124,407 BEACH AVE # 124,0,0,0,0,0
574782,HYATT PLACE STOCKYARDS,132 E EXCHANGE AVE,1,1,1,1,1
575279,COACHWAY INN,1908 E PIERCE,0,0,0,0,0
575641,MICROTEL INN & SUITES,355 E GOODNIGHT AVE,1,1,1,1,1
575773,MOTEL 6,1004 S WASHINGTON AVE,1,1,1,1,1
575944,RESIDENCE INN BY MARRIOTT,310 LOST OAK RD,1,1,1,1,1
576585,HOMEWOOD SUITES,2675 PLAZA PKWY,1,1,1,1,0
577349,INN ON LAKE GRANBURY,205 W DOYLE ST,0,0,0,0,0
577395,BUDGET SUITES OF AMERICA TX-360,7888 FREDERICKSBURG RD,1,1,1,1,1
578287,SPRINGHILL SUITES BY MARRIOTT,5800 HIGH POINT DR,1,1,1,1,1
578295,MOTEL 6,3393 S SOUTHWEST LOOP 323,1,1,1,1,1
578443,QUALITY INN SUITES,1614 NE BIG BEND TRL,1,1,1,1,1
578445,BEST WESTERN MAINLAND INN & SUITES,10620 EMMITT LOWRY EXPRESSWAY,1,1,1,1,1
578800,SCOTTIS INN & SUITES,4526 E BELKNAP ST,0,0,0,0,0
578894,CHATWORTH LTD_- HOLIDAY INN EXPRESS,2806 WOLFLIN AVE,1,1,1,1,1
578946,HOLIDAY INN EXPRESS,727 S 11TH ST,1,1,1,1,1
579626,HIDE-AWAY CABINS BY THE LAKE,1782 FM 2951,0,0,0,0,0
579647,FABENS,1884 N FABENS,0,0,0,0,0
581282,BEACHSIDE INN,4500 PADRE BLVD,1,1,1,1,1
582319,MADISONVILLE INN,3305 E MAIN ST,1,1,1,0,1
582424,BEST WESTERN CANYON INN & SUITES,2801 4TH AVE,1,1,1,1,1
582425,EMBASSY SUITES BY HILTON LAREDO,110 CALLE DEL NORTE,1,1,1,1,1
582436,HAMPTON INN & SUITES SCHERTZ,17702 INTERSTATE 35 N,1,1,1,1,1
582473,PALACE INN,5321 RED BLUFF RD,1,1,1,0,0
582508,CAREFREE INN,718 N LA GRANGE ST,0,0,0,0,0
583229,THE OTHER PLACE LLC,385 OTHER PLACE DR,0,0,0,0,0
584985,HOLIDAY INN EXPRESS & SUITES SAN ANGELO,4613 W HOUSTON HARTE EXPY,1,1,1,1,1
585159,LONE STAR INN,2340 W EXPRESSWAY 83,0,0,0,0,0
585164,RESIDENCE INN - HOUSTON WEST CORRIDOR,1150 ELDRIDGE PKWY,1,1,1,1,1
585217,COMFORT SUITES,4450 W HOUSTON HARTE EXPY,1,1,1,1,1
586530,CAREFREE INN & SUITE,1804 E SARAH DEWITT DR,0,0,0,0,0
586538,REGENCY INN,3111 W WALKER ST,0,0,0,0,0
586866,VELKOMMEN INN,1215 N AVENUE G,1,1,1,0,0
586867,BEST WESTERN WINDWOOD INN & SUITES,1172 E RILEY ST,1,1,1,1,1
587550,HOMEWOOD SUITES LAREDO,98 CALLE DEL NORTE,1,1,1,1,1
589110,HOMEWOOD SUITES IRVING DFW AIRPORT,7800 DULLES DR,1,1,1,1,1
589252,COMFORT INN & SUITES,11 WATERS EDGE CIR,1,1,1,0,1
589331,HOLIDAY INN EXPRESS HOTEL & SUITES,4112 S CARRIER PKWY,1,1,1,1,1
589367,BEST WESTERN ATASCOCITA INN & SUITES,7730 FM 1960 RD E,1,1,1,1,1
589369,CARE FREE INN,2514X S ZANG BLVD,0,0,0,0,0
589469,INTERNATIONAL MOTEL,910 N STATE HIGHWAY 336 # 336,0,0,0,0,0
589535,DOWNTOWN SUITES,3422 SAMUELL BLVD,0,0,0,0,0
589563,HAMPTON INN & SUITES,3000 N EXPRESSWAY # 7783,1,0,1,1,0
589566,AMERICA'S BEST VALUE INN & SUITES,3023 E BUSINESS 20,1,1,1,1,1
589593,GUEST HOUSE INN,3815 21ST ST,1,1,1,1,1
590199,THE BROWNSVILLE STAYBRIDGE SUITES,2900 PABLO KISEL BLVD,1,1,1,1,1
590265,INN ON BARONS CREEK,308 S WASHINGTON ST,0,0,0,0,0
590278,HOTEL SAN ANTONIO,4800 WOODSTONE DR,0,0,0,0,0
590340,HOLIDAY INN OF COLLEGE STATION,2500 EARL RUDDER FWY S,1,1,1,1,1
590753,AMERICAN MOTEL,5547 RANDOLPH BLVD,1,1,1,0,0
591882,MOTEL 6,1211 CENTRAL FWY,1,1,1,1,1
592295,FREDERICK MOTEL,1308 E MAIN ST,0,0,0,0,0
595026,CONTINENTAL INN & SUITES,2728 NORTH ST,0,0,0,0,0
595413,THE OAK MOTEL,227 S JEFFERSON ST,0,0,0,0,0
595438,EXTENDED STAY HOUSTON KATY FRWY-ENERGY CORRIDOR,15385 KATY FWY,1,1,1,1,1
595534,DELUXE INN MOTEL,500 E DICKINSON BLVD,0,1,1,0,0
595663,LA QUINTA INN AND SUITES-CC/ PADRE ISLAND,14430 S PADRE ISLAND DR,1,0,1,1,0
596013,HOUSTON INDIGO HOTEL,5160 HIDALGO ST,1,1,1,1,1
596014,RESIDENCE INN - HOUSTON WEST CORRIDOR,1150 ELDRIDGE PKWY,1,1,1,1,1
596023,CANDLEWOOD SUITES,5355 CLEARWATER CT,1,1,1,1,1
596024,HOLIDAY INN EXPRESS HOTEL & SUITES,5274 E US HIGHWAY 83,1,1,1,1,1
596025,MIDLAND HOLIDAY INN EXPRESS,5309 W LOOP 250 N,1,1,1,1,1
596026,HOLIDAY INN EXPRESS,1051 N HIGHWAY 287,1,1,1,1,1
596027,HOLIDAY INN EXPRESS & SUITES,620 BRYANT S WAY,1,1,1,1,1
596029,HOLIDAY INN EXPRESS HOTEL & SUITES,3112D S CLACK ST,1,1,1,1,1
596312,RODEWAY INN,2343 N MAIN ST,1,1,1,1,1
596314,KINGS INN,1907 LAMAR AVE,0,0,0,0,0
596315,EAGLE PASS INN,2127 E MAIN ST,0,0,0,0,0
596396,LONE STAR INN & SUITES,1907 US HIGHWAY 59 N,0,0,0,0,0
596446,TEXAN INN & SUITES,12223 VETERANS MEMORIAL DR,0,0,0,0,0
596489,AMERICAN BEST VALUE INN,6906 NORTH ST,1,1,1,1,1
596540,LA COPA INN,714 N TOWER RD,0,0,0,0,0
596566,WOODSPRING SUITES LUBBOCK WEST,2311 W LOOP 289,1,1,1,1,1
596569,RODEWAY INN & SUITES,9717 FM 1960 RD W,1,1,1,1,1
596749,FIESTA DEL SOL #110,115 E AMBERJACK ST,0,1,1,0,1
596876,HAMPTON INN,1510 HIGHWAY 59 LOOP S,1,0,1,1,0
596917,ATRIUM INN INC,17401 IH 35 N,1,1,1,1,1
598041,BORGER AMBASSADOR INN,900 E 3RD ST,0,0,0,0,0
598047,"DD'S INN AND SUITES, LLC",542 KOOMEY RD,0,1,1,0,0
600113,W DALLAS - VICTORY,2430 VICTORY PARK LN,0,0,0,0,0
601247,BEST WESTERN PLUS,165 E COURTLAND ST,1,1,1,1,1
601262,BELMONT HOTEL DALLAS,901 FORT WORTH AVE,0,0,0,0,0
601457,SLEEP INN & SUITES,4810 ALPINE DR,1,1,1,1,1
601502,COMFORT SUITES WACO,2700 LA SALLE AVE,1,1,1,0,1
601535,BUDGET INN & SUITES,801 S SHORELINE BLVD,0,0,0,0,0
601570,VILLAGE INN,1110 FM 468,0,0,0,0,0
601606,RODEWAY INN,1401 N HARBORTH AVE,1,1,1,1,1
601693,BEST WESTERN GRANBURY INN & SUITES,1517 N PLAZA DR,1,1,1,1,1
601778,HOLIDAY INN EXPRESS SALADO,1991 N STAGECOACH RD,1,1,1,1,1
602600,"THE HIGHLAND DALLAS, CURIO COLLECTION BY HILTON",5300 E MOCKINGBIRD LN,1,1,1,1,1
602777,ELM CREEK MANOR,2287 FM 2739,0,0,0,0,0
603090,FLAMINGO INN,3408 PADRE BLVD,0,0,0,0,0
603113,BEST WESTERN PLUS LAKE DALLAS,305 SWISHER RD,1,1,1,1,1
603138,SCOTTISH INN,3676 EASTEX FWY,1,0,1,1,0
603229,SOUTH PADRE ISLAND KOA,1 PADRE BLVD,0,0,0,0,0
603684,HAMPTON INN - ROCKPORT,3677 HWY 35 N,1,1,1,1,1
603686,HAMPTON INN & SUITES,2219 N BEDELL AVE,1,1,1,1,1
603900,COMFORT SUITES,907 UNIVERSITY DR E,1,1,1,1,1
604445,MCRT3 BROWNSVILLE TENANT LLC,3955 N EXPRESSWAY,1,1,1,1,1
604839,WILDCATTER RANCH & RESORT LP,6062 HIGHWAY 16 S,0,0,0,0,0
604845,LA POSADA MILAGRO HOTEL,100 LA POSADA MILAGRO LN,0,1,1,0,1
604900,RIALTO HOTEL,1219 MATAMOROS ST,0,0,0,0,0
605906,COLUMBUS INN,2208 S HIGHWAY 71,0,1,1,0,0
606720,AMERICINN LODGE & SUITES,1101 N HOBART ST,1,1,1,1,1
607930,DAYS INN,1105 S US HIGHWAY 385,1,1,1,1,1
608276,HAMPTON INN & SUITES -ALLEN,830 W STACY RD,1,0,1,1,0
608339,BEST WESTERN LONGVIEW,310 E LOOP 281 # B,1,1,1,1,1
608340,AMERICAS BEST VALUE INN TEMPLE,915 N GENERAL BRUCE DR,1,1,1,0,0
609325,GULFWAY MOTEL AND RESTAURANT,1365 HIGHWAY 124,0,0,0,0,0
609502,STAYBRIDGE SUITES HOUSTON WILLOWBROOK,10750 N GESSNER RD,1,1,1,1,1
609504,CANDLEWOOD SUITES KILLEEN - FORT HOOD,2300 FLORENCE RD,1,1,1,1,1
610111,SPRINGHILL SUITES-LAREDO,5940 SAN BERNARDO AVE,1,1,1,1,1
611182,COMFORT INN DALLAS PARK CENTRAL,7815A LYNDON B JOHNSON FWY,1,1,1,1,1
611291,HAMPTON INN & SUITES,8902 JONES MALTSBERGER RD,1,1,1,1,1
611292,A HAMPTON INN AND SUITES,2010 CIVIC CENTER LN,1,1,1,1,1
611758,EXECUTIVE INN,32 US HIGHWAY 87,0,0,0,0,0
612707,RIATA INN,1531 N HIGHWAY 83,0,0,0,0,0
612712,EXECUTIVE INN  & SUITES,1786 W BUSINESS HIGHWAY 83,0,0,0,0,0
612773,ANTLER'S INN MOTEL,1204 S US HIGHWAY 281,0,0,0,0,0
612901,AMERICAS BESTVALUE INN & SUITES,4734 HIGHWAY 59 N,1,1,1,0,0
612906,TRAVLERS'S INN,1527 N RICHMOND RD,0,0,0,0,0
613650,BUDGET INN,303 INTERSTATE 45 W,0,0,0,0,0
614246,SLEEP INN & SUITES,700 E CENTRAL TEXAS EXPY,1,1,1,1,1
614347,BEST WESTERN INN & SUITES,816 US HIGHWAY 287 S,1,1,1,1,1
614380,SUPER 8 MOTEL,5445 S INTERSTATE 35 W,1,1,1,1,1
614391,HAMPTON INN & SUITES - GAINESVILLE,4325 N INTERSTATE 35,1,1,1,1,1
614476,RIVER INN MOTEL,909 S FRIO ST,1,1,1,1,1
614486,VALUE PLACE KILLEEN,501 E CENTRAL TEXAS EXPY,1,1,1,1,1
614525,LA QUINTA,229 W LOOP 121,1,0,1,1,0
614575,WOODSPRING SUITES BROWNSVILLE,995 MEDIA LUNA ST,1,1,1,1,1
614751,RED ROOF INN,2736 W COMMERCE ST,1,1,1,1,1
615166,HAMPTON INN & SUITES,10811 PECAN PARK BLVD,1,1,1,1,1
615260,GRANDUCA,1080 UPTOWN PARK BLVD,0,0,0,0,0
615692,HUNT'S CASTLE,725 S WATER ST,0,0,0,0,0
616603,KERRVILLE SCHREINER MUNICIPAL PARK,2385 BANDERA HWY,0,0,0,0,0
617387,RESIDENCE INN SAN ANTONIO,1115 N LOOP 1604 E,1,1,1,1,1
617920,CANYON LAKEVIEW RESORT,872 LEDGEROCK DR,0,0,0,0,0
618172,HOLIDAY INN EXPRESS- ALLEN,205 CENTRAL EXPY N,1,1,1,1,1
618192,VALUE PLACE,1207 W EXPRESSWAY 83,1,1,1,1,1
618333,SEA VIEW MOTEL,1155 HIGHWAY 35 N,0,0,0,0,0
618943,HAMPTON INN & SUITES - GREENVILLE,3001 KARI LN,1,1,1,1,1
619196,FLOWING WELLS RESORT,3217 FLOWING WELLS RD,0,0,0,0,0
619548,BAYMONT INN & SUITES,2826 63RD ST,1,0,1,1,0
620239,HILTON GARDEN INN EL PASO,111 W UNIVERSITY AVENUE,1,1,1,1,1
620296,HOLIDAY INN EXPRESS NORTH PADRE ISLAND,15209 WINDWARD DR,1,1,1,1,1
620304,340 PADRE ISLAND RESORT & SPA LLC,340 PADRE BLVD,0,0,0,0,0
620355,MOTEL 6,624 BOYD RD STE A,1,1,1,1,1
620372,BEST WESTERN RED RIVER INN,1008 SHEPPARD RD,1,1,1,1,1
620605,BEACH HOUSE GUEST HOUSE,502 E AVENUE G,0,0,0,0,0
620756,SCHLITTERBAHN RESORT AT THE BAHN,305 W AUSTIN ST,0,0,0,0,0
621302,CASA CONDOMINIUM INC,4903 STATE HIGHWAY 361,0,0,0,0,0
621644,QUALITY INN & SUITES,9522 BRIMHALL,1,1,1,1,1
622002,BEST WESTERN SAN ISIDRO INN,1410 HOSPITALITY DR,1,1,1,1,1
622135,SONA INN,16222 S INTERSTATE HIGHWAY 35,0,0,0,0,0
622473,DRURY INN AND SUITES AMARILLO,8540 W INTERSTATE 40,1,1,1,1,1
622720,HOLIDAY INN EXPRESS,2909 MICHELLE DR,1,1,1,1,1
622833,COURTYARD AUSTIN AIRPORT,7809 E BEN WHITE BLVD,1,1,1,1,1
622987,MODERN BED AND BREAKFAST LLC,4003 HAZARD ST,0,0,0,0,0
623033,GREAT VALUE INN,12810 N INTERSTATE 35,0,1,1,0,0
623341,HOMEWOOD SUITES,4520 TECHNIPLEX DR,1,1,1,1,1
623348,SLEPP INN AND SUITES WACO,209 E ENTERPRISE,1,1,1,1,1
623546,BAYFRONT COTTAGES,309 S FULTON BEACH RD,0,0,0,0,0
623676,HAMPTON INN & SUITES,300 W NOLANA LOOP,1,1,1,1,1
624040,ECONO LODGE INN AND SUITES,2030 N 11TH ST,0,0,0,0,0
624042,LA QUINTA INN AND SUITES,5006 AUBURN ST,1,1,1,1,1
624450,SOUTH TEXAS INN,1121 AVE F,0,0,0,0,0
624731,HAWTHORN SUITES,15201 WINDWARD DR,1,1,1,1,1
624927,SHARK REEF RESORT LLC,314 CUT OFF RD,0,0,0,0,0
625129,WOODSPRING SUITES EL PASO,12215 GATEWAY BLVD W,1,1,1,1,1
625299,DRURY PLAZA HOTEL - RIVERWALK,105 S SAINT MARYS ST,1,1,1,1,1
625695,LAKESIDE INN AND SUITES,1500 N STATE HIGHWAY 359,0,0,0,0,0
625696,HOLIDAY INN EXPRESS HOTELS & SUITES,2655 INTERSTATE 10 E,1,1,1,1,1
625709,HOWARD JOHNSON INN,201 LOOP 337,1,1,1,1,1
626044,HOLIDAY INN EXPRESS ADN SUITES,501 W GIBSON ST,1,1,1,1,1
626068,LAKEVIEW RV RESORT,11991 MAIN ST,0,0,0,0,0
626833,BEST WESTERN FRANKLIN INN & SUITES,790 W US HIGHWAY 79,0,0,0,0,0
626940,RELAX INN,3600 SAN BERNARDO AVE,0,0,0,0,0
627513,ECONO LODGE,612 W GIBSON ST,1,1,1,1,1
627514,WOODSPRING SUITES FOSSIL CREEK,3501 NE LOOP 820,1,1,1,1,1
627517,AMERICA'S BEST VALUE INN,18031 MCKAY DRIVE,1,1,1,1,1
627839,BRIDGEPOINT CONDOMINIUMS-PHASE I,334 PADRE BLVD,0,0,0,0,0
628573,LA QUINTA INN & SUITES,805 TRAVIS,1,0,1,1,0
628617,SHILO INN SUITES HOTEL KILLEEN,3701 S W S YOUNG DR,1,1,1,0,1
629637,RIVER FOREST INN,1414 E 6TH AVE,0,0,0,0,0
630001,HILTON GARDEN INN KILLEEN,2704 O W CURRY DR,1,1,1,1,1
630312,INN AT MEXIA,600 W PALESTINE ST,1,1,1,1,1
630365,TIKI CONDOMINIUMS,6608 PADRE BLVD # 342,0,0,0,0,0
630971,QUALITY INN & SUITES,3430 W LOOP 289,1,1,1,1,1
631227,HOLIDAY INN EXPRESS & SUITES LA PORTE,908 W G ST,1,1,1,1,1
631232,HOLIDAY INN EXPRESS LAREDO,7223 BOB BULLLOCK LOOP,1,1,1,1,1
631233,STAYBRIDGE SUITES LAREDO,7010 BOB BULLOCK LOOP,1,1,1,1,1
631341,HOLIDAY INN EXPRESS HOTEL & SUITES,700 HILLCREST DR,1,1,1,1,1
631343,STAYBRIDGE SUITES PLANO,301 SILVERGLEN DR,1,1,1,1,1
631345,CANDLEWOOD SUITES NEDERLAND,2125 HIGHWAY 69 N,1,1,1,1,1
631349,HAMPTON INN & SUITES BUSH INTERCONTINENTAL AIRPORT,15831 JOHN F KENNEDY BLVD,1,1,1,1,1
631351,RODEWAY INN & SUITES,2531 FM 1960 RD E,1,1,1,1,1
631867,WINDCREST INN & SUITES,908 S ADAMS ST,0,0,0,0,0
631954,HAMPTON INN,1130 LARKIN AVE,1,0,1,1,0
632342,HOFFMANN GUEST HOUSE,511 W SAN ANTONIO ST,1,1,1,1,1
634253,BEST WESTERN PLUS PORTLAND,1707 US HIGHWAY 181,1,1,1,1,1
634677,ECONO LODGE INN & SUITES,4500 HIGHWAY 73,1,1,1,1,1
634695,EAGLE INN & SUITES,4865 NORTH FWY,0,0,0,0,0
634878,LQ PASADENA TEXAS,3490 E SAM HOUSTON PKWY S,1,0,1,1,0
634891,HAMPTON INN & SUITES,910 N HARBIN DR,1,1,1,1,1
634997,RESIDENCE INN GRAPEVINE,2020 STATE HIGHWAY 26,1,1,1,1,1
635070,EL PASO HOLIDAY INN EXPRESS,11825 GATEWAY BLVD W,1,1,1,1,1
635088,COMFORT SUITES,16931 N TEXAS AVE,1,1,1,1,1
636249,EXECUTIVE INN & SUITES,2125 N ESPLANADE ST,0,0,0,0,0
638197,DEL RIO EXECUTIVE INN,2000 VETERANS BLVD,0,0,0,0,0
638200,BEST WESTERN-MONAHANS INN & SUITES,2101 S BETTY AVE,1,1,1,1,1
639031,HOLIDAY INN EXPRESS,703 E STATE ROAD 114,1,1,1,1,1
639047,HOLIDAY INN EXPRESS,1119 E TYLER ST,1,1,1,1,1
639432,CISCO INN,204 W INTERSTATE 20,0,0,0,0,0
640110,SPRINGHILL SUITES BY MARRIOTT - DENTON,1434 CENTRE PLACE DR,1,1,1,1,1
641273,HOTEL ZAZA,5701 MAIN ST,0,0,0,0,0
642703,CYPRESS CREEK COTTAGES,104 SCUDDER LN,0,0,0,0,0
644540,SCOTTISH INN,500 INTERSTATE 35 N,0,0,0,0,0
645211,LA QUINTA INN & SUITES CONFERENCE CENTER,4431 HORIZON HILL BLVD,1,1,1,1,1
645212,COURTYARD BY MARRIOTT LACKLAND/SEAWORLD,6738 NW LOOP 410,1,1,1,1,1
645216,DELUXE INN,8505 NORTH FWY,0,1,1,0,0
645380,HOLIDAY INN EXPRESS,300 SE GEORGIA AVE,1,1,1,1,1
645751,AMERICA'S BEST VALUE INN & SUITES,5201 GULF FWY,1,1,1,1,1
647173,THE EXOTIC RESORT ZOO,2355 ZOO TRAIL,0,0,0,0,0
647553,SUPER 8,9985 US 59 RD,1,1,1,1,1
647556,MESA MOTEL,3601 US HIGHWAY 180 E,1,1,1,1,1
647557,LINDSAY INN,312 JM LINDSAY BLVD,0,0,0,0,0
647558,HILTON GARDEN INN - LEWISVILLE,785 STATE HIGHWAY 121 BYP,1,1,1,1,1
647560,SPANISH TRAILS INN,1420 N INTERSTATE 35 N,0,0,0,0,0
647561,LONESTAR INN,1804 SIDNEY BAKER ST,0,0,0,0,0
647562,WOODSPRING SUITES HARLINGEN,3905 S EXPRESSWAY 77/83,1,1,1,1,1
647829,AMERICAS BEST VALUE INN & SUITE,613 INTERSTATE 45 S,0,1,1,0,1
647955,CANADIAN COURTS MOTEL,220 N 2ND ST,0,0,0,0,0
649140,ESQUIRE INN,3609 N SAINT MARYS ST,0,0,0,0,0
649739,CAMELOT INN & SUITES,10807 VETERANS MEMORIAL DR,1,1,1,0,0
649902,RED ROOF INN,720 S MARTIN LUTHER KING JR BLVD,1,1,1,1,1
649956,BEST WESTERN DOS RIOS,244 DOS RIOS DR,1,1,1,1,1
649981,THE MAVERICK INN,1200 E HOLLAND AVE,0,0,0,0,0
650238,HAMPTON INN & SUITES,7660 MEMORIAL BLVD,1,1,1,1,1
650248,FALCON EXECUTIVE INN,143 S US HWY 83,0,0,0,0,0
650257,BEST WESTERN REFUGIO,1007 VICTORIA RD # 77,1,1,1,1,1
650324,BUDGET HOST INN,715 WILBARGER ST,1,1,1,1,1
650326,LA QUINTA INN,3416 S MARTIN LUTHER KING JR BLVD,1,0,1,1,0
650329,BEST WESTERN LOCKHART HOTEL AND SUITES,1811 S COLORADO ST,1,1,1,1,1
650625,AMERICA'S BEST VALUE INN & SUITES,2145 FM 1488 RD,1,1,1,0,0
650640,AMERICA'S BEST VALUE INN,1503 DOROTHY NICHOLS LN,1,1,1,1,1
650644,KNIGHTS INN,402 W BEAUREGARD AVE,1,1,1,1,1
651187,BEST WESTERN CLEVELAND INN & SUITES,708 US HIGHWAY 59 S,1,1,1,1,1
652504,LA QUINTA INN & SUITES.,28332 SOUTHWEST FWY # 59,1,0,1,1,0
652607,DOUBLE TREE DALLAS MARKET CENTER,2015 MARKET CENTER BLVD,1,1,1,1,1
652845,WOODSPRING SUITES LAREDO,1103 BOB BULLOCK LOOP,1,1,1,1,1
652904,PALACE INN,4115 HIGHWAY 6 N,1,1,1,0,0
652950,PALACE INN-WAYSIDE,2027 S WAYSIDE DR,1,1,1,1,1
652959,TOWN & COUNTRY MOTEL,1505 W DICKINSON BLVD,0,0,0,0,0
653022,LA QUINTA INN & SUITES,105 CHRISTY PLZ,1,0,1,1,0
653111,BEST WESTERN INN,204 N COLLEGE AVE,1,1,1,1,1
653244,GALLERIA GARDEN,3101 SAGE RD,1,1,1,0,0
653675,BEST WESTERN,100 DEBBY LANE,1,1,1,1,1
653690,HAMPTON INN & SUITES,6431 CENTRAL CITY BLVD,1,1,1,1,1
653741,EXPRESS INN,3021 E EXPRESSWAY 83,1,1,1,0,0
655525,BLANCO COUNTY INN,902 MAIN ST,0,0,0,0,0
656024,QUALITY INN,407 CENTRAL EXPY S,1,1,1,1,1
656290,MERRY INN,2402 HOUSTON BLVD,1,1,1,0,0
656294,SPRINGHILL SUITES,1820 COUNTRY PLACE PKWY,1,1,1,1,1
656298,LA QUINTA BY WYNDHAM GRANBURY,880 HARBOR LAKES DR,1,0,1,1,0
656299,AMERICAS BEST VALUE INN,3019 E HIGHWAY 82,1,1,1,0,0
656302,LA QUINTA INN & SUITES FREDERICKSBURG,1465 E MAIN ST,1,1,1,1,1
656306,EL CAMINO MOTEL,1500 N WASHINGTON ST,0,0,0,0,0
656704,DELUX INN EXPRESS,2144 CALIFORNIA CROSSING RD,0,1,1,0,1
656713,TOWNE PLACE SUITES SAN AIPORT,214 NE LOOP 410,1,1,1,1,1
656714,HILTON DALLAS SOUTHLAKE TOWN SQUARE,1400 PLAZA PL,1,1,1,1,1
657110,SPRINGHILL SUITES BY MARRIOTT GALVESTON,6303 BROADWAY ST,1,1,1,1,1
657119,ISLAND DUNES CONDOMINIUM,715 BEACH ACCESS ROAD 1A,0,0,0,0,0
657130,HILTON GARDEN INN,6717 S PADRE ISLAND DR,1,1,1,1,1
657715,HOLIDAY INN EXPRESS TERRELL,300 TANGER DR,1,1,1,1,1
657716,CLARION POINTE,411 INDUSTRIAL DR E,1,1,1,1,1
657723,HOLIDAY INN EXPRESS & SUITES,3119 PERRYTON PKWY,1,1,1,1,1
657724,HOLIDAY INN,5725 E 42ND ST,1,1,1,1,1
657872,COMFORT SUITES AT 89TH STREET,3606 89TH ST,1,1,1,1,1
657890,HOMEWOOD SUITES BY HILTON,14450 PARK ROW DR,1,1,1,1,1
657921,SANDRA BAY COTTAGES,1801 BROADWAY ST,0,1,1,0,0
657967,BEST WESTERN WINDSOR POINTE HOTEL,4639 RITTIMAN RD,1,1,1,1,1
659120,EXECUTIVE INN,620 S HIGHWAY 77,0,0,0,0,0
659238,SLEEP INN & SUITES,111 E 15TH ST,1,1,1,1,1
659439,THE GATEWAY INN,1401 STATE HIGHWAY 16 S,0,0,0,0,0
659454,ATRIUM INN HOTEL AND SUITES,1305 N US HIGHWAY 285,0,0,0,0,0
659532,RITZ-CARLTON DALLAS,2121 MCKINNEY AVE,1,1,1,1,1
662623,OCEAN VISTA #402,2800 GULF BLVD APT 402,1,1,1,1,1
663511,EL CORTEZ #207,4901 STATE HIGHWAY 361 APT 207,0,0,0,0,0
665163,COURTYARD BY MARRIOTT HOUSTON GALLERIA,2900 SAGE RD,1,1,1,1,1
666307,LA VILLA VISTA BED AND BREAKFAST,6701 OASIS PASS,1,1,1,1,1
668477,THE GRAND HOTEL,114 W LOUISIANA ST,0,0,0,0,0
670985,QUALITY INN,1515 E INTERSTATE 40,1,1,1,1,1
671511,LA QUINTA INN & SUITES,7007 E. EXPRESSWAY 83,1,1,1,1,1
671725,PALACIO ROYALE INN BOUTIQUE,22457 KATY FWY,0,0,0,0,0
672394,HOLIDAY INN EXPRESS,167 S US HIGHWAY 83,1,1,1,1,1
672594,LAQUINTA INN & SUITES,2606 N LOOP 250 W,1,0,1,1,0
672597,HOLIDAY INN EXPRESS,6351 NORTH FWY,1,1,1,1,1
672792,MOTEL 6,1185 W HIGHWAY 67,1,1,1,0,0
672896,HOLIDAY INN EXPRESS AND SUITES,1310 E WINTERGREEN RD,1,1,1,1,1
672897,HOLIDAY INN EXPRESS,1018 N CENTER ST,1,1,1,1,1
672898,HOLIDAY INN KILLEEN - FORT HOOD,300 E CENTRAL TEXAS EXPY,1,1,1,1,1
673068,SHIFTY'S,103 FRISCO ST,0,0,0,0,0
673117,HOLIDAY INN HOTEL AND SUITES,1800 W HENDERSON ST,1,1,1,1,1
673118,HOLIDAY INN EXPRESS HOTEL & SUITES,143 EXPRESS BLVD,1,1,1,1,1
674271,BUDGET INN,4025 S GENERAL BRUCE DR,0,0,0,0,0
674370,COURTYARD BY MARRIOTT,5133 FLYNN PKWY,1,1,1,1,1
674665,BAYMONT INN & SUITES,7212 EASTPOINT BLVD,1,0,1,1,0
675150,HOLIDAY INN - AUSTIN MIDTOWN,6000 MIDDLE FISKVILLE RD,0,0,0,0,0
676450,HOLIDAY INN EXPRSS,201 HIGHWAY 287 S,1,1,1,1,1
676564,HAMPTONN INN & SUITES,2700 GREEN OAKS RD,1,1,1,1,1
676703,TOWNEPLACE SUITES SAN ANTONIO NW,5014 PRUE RD,1,1,1,1,1
676704,CANDLEWOOD SUITES DFW SOUTH,4200 REGGIS CT,1,1,1,1,1
676865,WOODSPRING SUITES AUSTIN ROUND ROCK,1950 N INTERSTATE 35,1,1,1,1,1
676925,HOLIDAY INN EXPRESS,2440 GULF FWY,1,1,1,1,1
676978,HAMPTON INN & SUITES AMARILLO WEST,6901 W INTERSTATE 40,1,1,1,1,1
676979,MIDTOWN INN,1295 N 11TH ST,0,0,0,0,0
676982,RESIDENCE INN,4301 S GENERAL BRUCE DR,1,1,1,1,1
676984,"PEARSALL EXECUTIVE INN, LLC",613 N OAK ST,0,0,0,0,0
676985,QUALITY SUITES,1816 M L KING JR DR,0,1,1,0,1
676987,VICTORIAN INN & SUITES,4714 W WALL ST,0,0,0,0,0
676989,LOS FRESNOS INN AND SUITES,906 W OCEAN BLVD,0,0,0,0,0
676992,AMERICAS BEST VALUE INN,401 US HIGHWAY 90 E,0,0,0,0,0
676995,BEST WESTERN DUNCANVILLE INN & SUITES,922 E HIGHWAY 67,1,1,1,1,1
676998,COMANCHE MOTOR INN,508 W CENTRAL AVE,1,1,1,0,0
677000,HAMPTON INN & SUITES ARLINGTON SOUTH,1100 INTERSTATE 20 W,1,1,1,1,1
677439,COMFORT SUITES,400 S INTERSTATE HIGHWAY 45,1,1,1,0,1
677513,RESIDENCE INN,400 E CENTRAL TEXAS EXPY,1,1,1,1,1
677533,COURTYARD BY MARRIOTT,1803 E SONTERRA BLVD,1,1,1,1,1
678374,BAYMONT INN & SUITES,4510 KELL BLVD,1,0,1,1,0
729405,SAN AUGUSTINE INN,1009 W STATE HIGHWAY 21,0,0,0,0,0
729624,VALUE PLACE LA PORTE,1506 W FAIRMONT PKWY,1,1,1,1,1
734674,ISLAND HOUSE COUNCIL OF CO-OWNERS,15340 LEEWARD DR,0,0,0,0,0
735870,LEGENDS INN,1908 MAIN ST,1,1,1,1,1
736966,YOGI BEAR'S JELLYSTONE PARK CAMP-RESORT: GUADALUPE,2605 JUNCTION HWY # 27,0,1,1,0,0
753984,BEACON LODGE MOTEL & RV CAMPGROUND,1900 E ROBY HWY,0,0,0,0,0
777199,OMNI FORT WORTH HOTEL,1300 HOUSTON ST,1,1,1,1,1
801520,OLLE HOTEL,218 S MARKET ST,0,0,0,0,0
811398,MAIN STREET BED & BREAKFAST,337 E MAIN ST,0,0,0,0,0
812523,DAYS INN & SUITES BY WYNDHAM HOUSTON NW CYPRESS,10650 HUFFMEISTER RD,1,0,1,1,0
815830,CARRIZO EXECUTIVE INN,1402 PENA ST,0,0,0,0,0
816266,WOODSPRING SUITES TROPHY CLUB,306 TROPHY BRANCH DR,1,1,1,1,1
816503,SLEEP INN AND SUITES PEARLAND,1908 COUNTRY PLACE PKWY,1,1,1,1,1
816731,SHERATON STONEBRIAR HOTEL,5444 STATE HIGHWAY 121,0,0,0,0,0
816771,HOLIDAY INN EXPRESS,5300 KELL BLVD,1,1,1,1,1
816814,COMFORT SUITES,13636 MICHEL RD,1,1,1,1,1
816863,SUPER 8 MOTEL,415 FM 359 RD S,1,1,1,1,1
817260,SPANISH TRAILS INN-MESQUITE,1129 GROSS RD,0,0,0,0,0
817537,COMFORT SUITES - NACOGDOCHES,3429 SOUTH ST,1,1,1,1,1
817731,CAMINO REAL HOTEL,2856 E MAIN ST,1,1,1,1,1
833477,HAMPTON INN & SUITES,623 BRYANT S WAY,1,1,1,1,1
841613,DAYS INN & SUITES,609 BESSEMER AVE,1,1,1,1,1
844618,HOLIDAY INN TEMPLE,5247 S GENERAL BRUCE DR,1,1,1,1,1
858182,LA QUINTA INN & SUITES ALAMO,909 W FRONTAGE RD,1,0,1,1,0
858268,COMFORT SUITES,200 CENTENNIAL BLVD,1,1,1,1,1
858341,LUBBOCK HAMPTON INN AND SUITES,5614 ENGLEWOOD AVE,1,1,1,1,1
858424,GRAND HYATT SAN ANTONIO,600 E MARKET ST,1,1,1,1,1
858427,LAQUINTA MANSFIELD,1503 BRECKENRIDGE RD,1,0,1,1,0
858428,WOODSPRING SUITES ROCKWALL,1040 E INTERSTATE 30,1,1,1,1,1
866437,ECONO LODGE INN & SUITES,1254 FM 1101,1,1,1,1,1
877210,GREAT WOLF LODGE,100 GREAT WOLF DR,1,1,1,1,1
877968,STAYBRIDGE SUITES - LA CANTERA,6919 N LOOP 1604 W,1,1,1,1,1
878079,LA QUINTA INN AND SUITES,107 E KILPATRICK ST,1,0,1,1,0
878379,TRAVEL INN,2690 INTERSTATE 10 E,1,0,1,1,0
878423,STUDIO 6,1003 S MIDKIFF RD # A,1,1,1,0,1
878570,WOODSPRING SUITES FOREST HILL,4101 E CALIFORNIA PKWY,1,1,1,1,1
881708,FAIRFIELD INN SAN ANTONIO,4026 WISEMAN BLVD,1,1,1,1,1
897036,LAQUINTA INN OF PARIS,3205 NE LOOP 286,1,0,1,1,0
911781,RIATA INN,1500 E US HIGHWAY 90,0,0,0,0,0
919225,CORAL MOTEL,6420 MONTANA AVE,0,0,0,0,0
939121,STAYBRIDGE SUITES MCALLEN,620 WICHITA AVE,1,1,1,1,1
939387,COMFORT SUITES UNIVERSITY,1902 E OVERLAND TRL,1,1,1,1,1
945719,SILVERLEAF'S SEASIDE RESORT,19320 TERMINI SAN LUIS PASS RD,1,1,1,1,1
945980,HAMPTON INN KINGSVILLE,2489 S US HIGHWAY 77 BYP,1,0,1,1,0
950309,BEST WESTERN SUGARLAND INN,6330 E RIVERPARK DR,1,1,1,1,1
953773,QUALITY SUITES,11526 N INTERSTATE 35,0,1,1,0,1
954191,GULF SHORES CONDOMINIUM,6021 STATE HIGHWAY 361,0,0,0,0,0
967187,BEST WESTERN INN AND SUITES,300 NW GEORGIA AVE,1,1,1,1,1
1007406,PARK LANE GUEST HOUSE,221 PARK LN,0,0,0,0,0
1007847,INN ON THE CREEK,602 CENTER CIR,0,0,0,0,0
1007915,SCOTTISH INN & SWITES,11130 TELEPHONE RD,1,0,1,1,0
1008574,COMFORT INN AND SUITES,1615 NE BIG BEND TRL,1,1,1,1,1
1008577,COMFORT INN & SUITES,2101 E INTERSTATE 40,1,1,1,1,1
1008634,COMFORT SUITES,903 HARBOR LAKES DR,1,1,1,1,1
1012642,BEST WESTERN - SCHULENBURG INN & SUITES,101 HUSER BLVD,1,1,1,1,1
1012892,BURNHAM'S LODGING,507 E WALLACE ST,0,0,0,0,0
1013282,AIRPORT INN SUITES,849 LANTANA ST,0,0,0,0,0
1015206,CROWN PLAZA HOTEL,9090 SOUTHWEST FWY,1,1,1,1,1
1015789,ANTLERS INN,1001 KING CT,0,0,0,0,0
1015792,GULFVIEW II #206,130 PADRE BLVD,0,0,0,0,0
1016022,HOLIDAY INN EXPRESS TYLER,2421 E SOUTHEAST LOOP 323,1,1,1,1,1
1017993,DELTA STREET INN,206 E DELTA ST,0,0,0,0,0
1018856,SUPER 8,4397 SAYLES BLVD,1,1,1,1,1
1021483,DAYS INN,9403 POTEET JOURDANTON FWY,1,1,1,1,1
1022891,DAYS INN DENTON,4211 N INTERSTATE 35,1,1,1,1,1
1025898,BEST WESTERN PLUS UNIVERSITY INN & SUITES,4540 MAPLEWOOD AVE,1,1,1,1,1
1025910,STAYBRIDGE SUITES AUSTIN AIRPORT,1611 AIRPORT COMMERCE DR,1,1,1,1,1
1025913,HOLIDAY INN EXPRESS & SUITES,2801 JAY RD,1,1,1,1,1
1025923,COMFORT SUITES,1814 ENNIS JOSLIN RD,1,1,1,1,1
1026120,STAYBRIDGE SUITES DFW AIRPORT NORTH,2220 MARKET PLACE BLVD,1,1,1,1,1
1026192,COMFORT SUITE HOBBY AIRPORT,9120 AIRPORT BLVD,1,1,1,1,1
1026194,HOLIDAY INN HOTEL & SUITES OF MCKINNEY,3220 CRAIG DR,1,1,1,1,1
1026215,HOLIDAY INN EXPRESS,4404 S 1ST ST,1,1,1,1,1
1026224,COMFORT INN & SUITES,320 HIGHWAY 146 N,1,1,1,1,1
1026635,HOMEWOOD SUITES BY HILTON,3801 EXPRESSWAY 83,1,1,1,1,1
1026890,AMERICAS BEST VALUE INN,210 HERITAGE PKWY,1,1,1,0,0
1026892,LUNA LODGE,3601 US HIGHWAY 80 E,0,1,1,0,0
1026976,EMBASSY SUITES SAN MARCOS,1001 E MCCARTY LN,1,1,1,1,1
1027019,HOLIDAY INN FOSSIL CREEK,4635 GEMINI PL,1,1,1,1,1
1027025,HOLIDAY INN DFW AIRPORT SOUTH,14320 CENTRE STATION DR,1,1,1,1,1
1027304,BEST WESTERN LITTLEFIELD,2600 HALL AVENUE,1,1,1,1,1
1027873,HYATT PLACE COLLEGE STATION,1100 UNIVERSITY DR E,1,1,1,1,1
1027898,HOLIDAY INN EXPRESS HURST,820 THOUSAND OAKS DR,1,1,1,1,1
1027943,MAIN STAY SUITES,7648 MEMORIAL BLVD,1,1,1,1,1
1028072,THE LODGE ABOVE TOWN CREEK,415 E AUSTIN ST,0,0,0,0,0
1028163,DESERT INN,3101 BLANKHEAD HWYN FWY,0,0,0,0,0
1028312,COMFORT SUITES SAN ANTONIO NORTH-STONE OAK,1754 N LOOP 1604 E,1,1,1,1,1
1028322,HOLIDAY INN EXPRESS HOTEL & SUITES,715 N POINT LOOKOUT DR,1,1,1,1,1
1028763,HILTON DALLAS - ROCKWALL LAKEFRONT,2055 SUMMER LEE DR,1,1,1,1,1
1028827,HAMPTON INN & SUITES,3312 VISTA DR,1,1,1,1,1
1029151,AMERICA'S BEST VALUE INN,1110 FORT WORTH HWY,1,1,1,1,1
1036326,SLEEP INN & SUITES,1477 N BUSINESS IH 35,1,1,1,1,1
1047468,LA QUINTA INN & SUITES,2950 WOOD RIDGE BLVD,1,1,1,1,1
1049297,LILLIAN FARMS BED & BREAKFAST,12570 FM 1155 RD E,0,0,0,0,0
1055898,LA QUINTA INN & SUITES,36756 INTERSTATE 10 W,1,1,1,1,1
1056269,HEIDELBERG LODGES,1020 N HOUSTON AVE,0,0,0,0,0
1067042,HAMPTON INN & SUITES WACO,2501 MARKETPLACE DR,1,1,1,1,1
1070143,ANTLER CABINS,143 TIMBER LN,0,0,0,0,0
1075488,MILL CREEK RANCH RESORT,1878 N TRADE DAYS BLVD,0,0,0,0,0
1075907,GRANDPAPPY POINT MARINA,132 GRANDPAPPY DR,0,0,0,0,0
1080088,STONE VILLAGE ENTERPRISES,509 N STATE ST,0,0,0,0,0
1096293,ALOFT HOTEL PLANO,6853 DALLAS PKWY,0,0,0,0,0
1099143,ALOFT HOTEL LAS COLINAS,122 E JOHN CARPENTER FWY,0,0,0,0,0
1100073,LAQUINTA INN & SUITES,226 SPUR 5,1,0,1,1,0
1100080,RESIDENCE INN BEAUMONT,5380 CLEARWATER CT,1,1,1,1,1
1100734,SAN ANTONIO RIVERWALK CY 1WX,207 N SAINT MARYS ST,1,1,1,1,1
1100784,JESSE JONES ROTARY HOUSE,1600 HOLCOMBE BLVD,0,0,0,0,0
1100814,COURTYARD BY MARRIOTT,2800 COLORADO BLVD,1,1,1,1,1
1101250,HAMPTON INN & SUITES - BURLESON,13251 JAKE CT,1,1,1,1,1
1108653,SAGAMAR INN,1101 N MAIN ST,0,0,0,0,0
1113787,THE JOULE,1530 MAIN ST,0,0,0,0,0
1113937,BAY TREE TENNIS & YACHT CLUB,900 N STATION ST,0,1,1,0,0
1114500,SPANISH VILLAGE#24,134 N ALISTER ST # 24,0,0,0,0,0
1116329,RESIDENCE INN SAN ANTONIO SEAWORLD,2838 CINEMA RDG,1,1,1,1,1
1119234,EL OSO FLOJO LODGE,208 NORTH  SAN ANGELO STREET,0,0,0,0,0
1119880,EXECUTIVE INN & SUITES,930 IH 35 N,0,0,0,0,0
1123605,MYSTIC QUARRY,13190 FM 306,0,0,0,0,0
1123644,THE LODGE AT TURKEY COVE,2386 COLLEEN DR,0,0,0,0,0
1125562,PLEASANTON EXECUTIVE INN,1927 W OAKLAWN RD,0,0,0,0,0
1133678,HOLIDAY INN ARLINGTON,1311 WET N WILD WAY,1,1,1,1,1
1136864,HAMPTON INN & SUTIES,917 NAVIGATION BLVD,1,1,1,1,1
1137018,"CIRCLE T RESORT, THE INN AT CIRCLE T",4021 W HIGHWAY 36,0,0,0,0,0
1138804,HOLIDAY INN EXPRESS HUTTO,323 ED SCHMIDT BLVD,1,1,1,1,1
1138808,HOLIDAY INN EXPRESS,350 MEDICAL DR,1,1,1,1,1
1138914,COMFORT INN & SUITES,820 W MILAM ST,1,1,1,1,1
1138950,HOLIDAY INN EXPRESS,101 W 13TH STREET,1,1,1,1,1
1139064,HOLIDAY INN WACO NW,1801 DEVELOPMENT BLVD,1,1,1,1,1
1139613,EXTENDED STAY AMERICA HOUSTON-KATY,19998 PARK ROW DR,1,1,1,1,1
1139704,CANDLEWOOD SUITES,808 61ST ST,1,1,1,1,1
1139790,HOLIDAY INN EXPRESS & SUITES,201 W X ST,1,1,1,1,1
1140018,HOLIDAY INN EXPRESS ANDREWS,1100 S MAIN ST,1,1,1,1,1
1140051,"HOLIDAY INN EXPRESS & SUITES, IRVING CONV-CTR, LAS",333 W JOHN CARPENTER FWY,1,1,1,1,1
1140562,COMFORT SUITES,9700 DALLAS PKWY,1,1,1,1,1
1141307,COMFORT SUITES,538 S PADRE ISLAND DR,1,1,1,1,1
1141309,HILTON GARDEN INN / SUGARLAND,722 BONAVENTURE WAY,1,1,1,1,1
1141311,LA QUINTA INN,1165 W HIGHWAY 67,1,0,1,1,0
1141635,LA QUINTA INN AND SUITES,204 CENTENNIAL BLVD,1,0,1,1,0
1142481,DAYS INN,341 CONSTITUTION DR,1,1,1,1,1
1144554,HOMEWOOD SUITES NORTH SAN ANTONIO,125 N LOOP 1604 W,1,1,1,1,1
1145605,LA QUINTA INN & SUITES,2000 10TH ST,1,0,1,1,0
1145605,LA QUINTA,2000 10TH ST,1,0,1,1,0
1145938,HOLIDAY INN EXPRESS ENNIS,601 N SONOMA TRL,1,1,1,1,1
1145948,HOLIDAY INN EXPRESS AND SUITES MARSHALL,500 INTERSTATE 20 E,1,1,1,1,1
1145958,HOLIDAY INN EXPRESS,1351 W WILSON ST,1,1,1,1,1
1146050,BAYMONT INN & SUITES,1808 W COMAL ST,1,0,1,1,0
1146124,HOTEL GIBBS,105 N ALAMO ST,0,0,0,0,0
1146279,BEST WESTERN HEBBRONVILLE INN,37 E STATE HIGHWAY 359,1,1,1,1,1
1146323,HAMPTON INN DALLAS/ROCKWALL,1549 LAGUNA DR,1,0,1,1,0
1146566,COMFORT SUITES,5995 WALDEN RD,1,1,1,1,1
1146574,COMFORT INN & SUITES,7800 MEMORIAL BLVD,1,1,1,1,1
1146845,HAMPTON INN BOENRE,34935 INTERSTATE 10 W,1,1,1,1,1
1146888,LA QUINTA INN & SUITES RAYMONDVILLE,128 N EXPRESSWAY 77,1,0,1,1,0
1147141,AMERICA'S BEST VALUE INN,2436 HWY 287 SOUTH,1,1,1,0,0
1147187,SUPER 8 MOTEL,1000 CABLE ST,1,1,1,1,1
1147245,SLEEP INN AND SUITES,5555 DONNYBROOK AVE,1,1,1,1,1
1147264,BEST WESTERN PLUS BURLESON INN & SUITES,516 MEMORIAL PLZ,1,1,1,1,1
1147425,WHITE ROCK INN,801 N I H 35,0,0,0,0,0
1147439,DAYS INN & SUITES,2005 N MAIN ST,1,1,1,1,1
1147443,HILTON GARDEN INN,635 E PEARL ST,1,1,1,1,1
1147708,HILTON GARDEN INN PERLAND,12101 SHADOW CREEK PKWY,1,1,1,1,1
1149471,LA QUNITA INN & SUITES,2020 REGAL DR,1,0,1,1,0
1155275,HILL COUNTRY INN,203 S US HIGHWAY 281,0,0,0,0,0
1156500,HAMPTON INN AND SUITES DALLAS-DE SOTO,1311 E CENTRE PARK BLVD,1,1,1,1,1
1156651,HOTEL ALSACE,1650 US HIGHWAY 90 W,0,1,1,0,1
1156761,HILTON GARDEN INN - ABILENE,4449 RIDGEMONT DR,1,1,1,1,1
1156770,COURTYARD BY MARRIOTT MIDLAND,1505 TRADEWINDS BLVD,1,1,1,1,1
1156772,BAYMONT INN & SUITES,1414 S ALAN L BEAN BLVD,1,0,1,1,0
1156793,LAQUINTA PALESTINE,3000 S LOOP 256,1,0,1,1,0
1156974,106PUENT,14300 ALOHA ST APT 106,0,0,0,0,0
1156983,FOUR SEASONS ON THE GULF,4000 SEAWALL BLVD,1,1,1,1,1
1156995,HAMPTON INN & SUITES BUDA,1201 CABELAS DR,1,1,1,1,1
1157022,VACATION TIME CONDOMINIUMS @ VICC,2901 CENTRAL BLVD APT 1001,1,1,1,1,1
1157300,AMERICA'S BEST VALUE INN,3100 ESTES PKWY,1,1,1,1,1
1157340,AQUARIUS #305,2000 GULF BLVD # 305,0,0,0,0,0
1157340,AQUARIUS CONDOMINIUMS,2000 GULF BLVD # 908,0,0,0,0,0
1158023,TEXAN INN,2300 N 1ST ST,0,0,0,0,0
1158461,AMERICA'S BEST VALUE INN,1006 E HOUSTON HWY,1,1,1,0,0
1158782,COMFORT SUITES,8004 WINBROOK DR,1,1,1,1,1
1158825,TOWNEPLACE SUITES,107 VISION PARK BLVD,1,1,1,1,1
1158906,BUDGET INN,900 E GIBSON ST,0,0,0,0,0
1158911,AMERICA'S BEST VALUE INN,150 SLATON RD,1,1,1,0,0
1158926,HILTON GARDEN INN ENERGY CORRIDOR,12245 KATY FWY,1,1,1,1,1
1158986,SLEEP INN & SUITES OF MIDLAND,5612 DEAUVILLE,1,1,1,1,1
1159033,LA QUINTA INN & SUITES,1400 EAST BLVD,1,0,1,1,0
1159233,AMERICAS BEST VALUE INN,820 11TH ST,1,1,1,0,0
1161780,DESERT SANDS MOTOR INN,611 I35 E,0,0,0,0,0
1163526,BIG COUNTRY HOTEL & SUITES,3010 CATCLAW DR,0,0,0,0,0
1163572,PALACE INN,14170 GULF FWY,1,1,1,0,0
1163612,COMFORT SUITES,2504 W INTERSTATE 20,1,1,1,1,1
1163666,LA QUINTA INN & SUITES,641 N INTERSTATE 35 E,1,0,1,1,0
1163882,AMERICAS BEST VALUE INN,6222 BROADWAY BLVD,1,1,1,0,0
1164088,MICROTEL INN & SUITES PORT ARTHUR,2015 HIGHWAY 73,0,0,0,0,0
1164167,RODEWAY INN & SUITES,900 E HIGHWAY 6,1,1,1,1,1
1164169,QUALITY INN & SUITES,1590 INTERSTATE 10 S,1,1,1,1,1
1164260,ALOFT HOTEL FRISCO,3202 PARKWOOD BLVD,0,0,0,0,0
1164348,HOLIDAY INN EXPRESS & SUITES SAN ANTONIO NW-MEDICA,102 SPENCER LN,1,1,1,1,1
1164466,BAYMONT INN & SUITES HOTEL,410 US HIGHWAY 79 S,1,0,1,1,0
1164501,COMFORT INN & SUITES,6039 W INTERSTATE 10,1,1,1,1,1
1165284,SLEEP INN & SUITES,5042 BECKWITH BLVD,1,1,1,1,1
1169213,LAQUINTA INN & SUITES,908 E HAWKINS PKWY,1,0,1,1,0
1169234,HAMPTON INN & SUITES LONGVIEW,3044 N EASTMAN RD,1,1,1,1,1
1169464,AMERICAN INN,1836 N MAIN ST,1,1,1,0,0
1173092,HYATT HOUSE AUSTIN/ARBORETUM,10001 N CAPITAL OF TEXAS HWY,1,1,1,1,1
1173515,QUALITY ONE MOTEL,2213 OLD DENNIS RD,0,1,1,0,1
1173601,MUSTANG ISLAND BEACH CLUB,6275 STATE HIGHWAY 361,0,1,1,0,0
1173692,TURNKEY VACATION RENTALS INC,129 E RETAMA ST,0,0,0,0,0
1174687,AUSTIN ALOFT,11601 DOMAIN DR,0,0,0,0,0
1174691,ALOFT HOUSTON BY THE GALLERIA,5415 WESTHEIMER RD,0,0,0,0,0
1175037,HILTON GARDEN INN GRAPEVINE DFW NORTH,205 W STATE HIGHWAY 114,1,1,1,1,1
1175219,LA QUINTA INN & SUITES BY WYNDHAM KYLE,18869 INTERSTATE 35,1,0,1,1,0
1175281,HILTON GARDEN INN FRISCO,7550 GAYLORD PKWY,1,1,1,1,1
1175478,BEST WESTERN HUNTSVILLE,201 W HILL PARK CIR,1,1,1,1,1
1175605,BUDGETED INN & SUITES,1259 N MARKET ST,1,1,1,1,1
1176116,SCOTTISH INN,1202 E 3RD ST,1,1,1,1,1
1176143,LA QUINTA INN & SUITES,5300 7TH ST,1,0,1,1,0
1176216,RESIDENCE INN DALLAS ARLINGTON SOUTH,801 HIGHLANDER BLVD,1,1,1,1,1
1176217,HAMPTON INN & SUITES DECATUR,110 S HIGHWAY 287,1,0,1,1,0
1176272,BAY CITY HOSPITALITY LTD,310 E HOUSTON HWY,1,1,1,1,1
1176296,LA QUINTA INN & SUITES,103 MARKET PLACE BLVD,1,0,1,1,0
1176337,HOLIDAY INN EXPRESS GRANBURY,1515 N PLAZA DR,1,1,1,1,1
1176410,HAMPTON INN & SUITES,1121 HIGHWAY 332,1,1,1,1,1
1176535,LA QUINTA INN & SUITES BEDFORD,1809 HIGHWAY 121,1,0,1,1,0
1176575,HAMPTON INN & SUITES,2013 RANCH ROAD 620 N,1,1,1,1,1
1176599,"DAYS INN PORTLAND,TX",1703 US HIGHWAY 181,1,1,1,1,1
1176739,QUALITY INN,114 RICHEY ST,1,1,1,0,1
1176822,SUNSTONE INN,19373 PRESTON RD,0,0,0,0,0
1176830,PINEWOOD INN,870 HIGHWAY 96 S,0,0,0,0,0
1176838,HILTON GARDEN INN - AUSTIN NORTH,12400 N INTERSTATE 35,1,1,1,1,1
1177008,COMFORT INN,4050 MESA DR,1,1,1,0,1
1177034,RAINBOW HEARTH SANCTUARY & RETREAT,1330 WATERWAY LN,0,0,0,0,0
1177136,COMFORT INN & SUITES,338 SPUR 5,1,1,1,1,1
1177205,MOTEL 6,1813 E EXPRESSWAY 83,1,1,1,1,1
1177217,MOTEL 6,200 INTERSTATE 10 W,1,1,1,1,1
1177260,QUALITY INN,4 PIANO PL,1,1,1,1,1
1178157,COMFORT SUITES INN & SUITES,651 SUNRISE BLVD,1,1,1,1,1
1182949,MAGNOLIA INN AND SUITES,18614 FM 1488 RD,1,0,1,1,0
1183714,CASA ESCONDIDA,119 SUNRISE CIR,0,0,0,0,0
1187320,MARICOPA RIVERSIDE LODGE,12381 FM 306,0,0,0,0,0
1197226,HOLIDAY INN EXPRESS ROYSE CITY,1001 PULLEN ST,1,1,1,1,1
1197261,RED LION INN AND SUITES,6801 HIGHWAY 180 E,0,0,0,0,0
1197378,HOLIDAY INN EXPRESS & SUITES,46300 INTERSTATE 10,1,1,1,1,1
1199860,LA QUINTA INN & SUITES,910 STATE HIGHWAY 35 N,1,0,1,1,0
1199983,COURTYARD BY MARRIOTT ARLINGTON,711 HIGHLANDER BLVD,1,1,1,1,1
1200267,SLEEP INN AND SUITES,2138 WATER ST,1,1,1,1,1
1200391,SUPER 8 TOMBALL,1437 KEEFER RD,0,0,0,0,0
1200581,RESIDENCE AT MIDLAND,5801 DEAUVILLE,1,1,1,1,1
1200598,LA QUINTA INN & SUITES ANGLETON,2400 W.MULBERRY STREET,1,0,1,1,0
1200607,RESIDENCE INN,1641 E MUSGRAVE BLVD,1,1,1,1,1
1200634,LA QUINTA INN & SUITES,11155 W LOOP 1604 N,1,0,1,1,0
1200638,LA QUINTA INN AND SUITES,2220 HIGHWAY 62 S,1,0,1,1,0
1200763,HAMPTON INN,1921 SW FRONTAGE RD,1,0,1,1,0
1200768,COUNTRY INN AND SUITES AIRPORT,8505 BROADWAY ST,1,1,1,1,1
1200854,LAQUINTA INN & SUITE,101 W BO GIBBS BLVD,1,0,1,1,0
1200868,HAMPTON INN & SUITES,2504 W FERGUSON RD,1,1,1,1,1
1200894,GREEN TREE INN,3029 MORTON ST,0,0,0,0,0
1201024,STAYBRIDGE SUITES AUSTIN NORTHWEST,13087 N HIGHWAY 187,1,1,1,1,1
1201120,MOTEL 6,300 HOLLY PWKY,1,1,1,1,1
1201140,LA QUINTA INN & SUITES,2400 E MAIN ST,1,0,1,1,0
1201142,FAIRFIELD INN & SUITES,80 TRAILCREST ST,1,1,1,1,1
1201815,LONGHORN INN & COUNTRY STORE,105 W INTERSTATE 20,0,0,0,0,0
1205162,ELEMENT HOUSTON VINTAGE PARK,14555 VINTAGE PRESERVE PKWY,1,1,1,1,1
1205213,ELEMENT DFW AIRPORT NORTH,3550 W IH 635 FWY,1,1,1,1,1
1206144,CASA DEL SOL BED & BREAKFAST,3905 HIGHLAND DR,0,1,1,0,1
1206397,THE CARRIAGE HOUSE,401 N POLK ST,0,0,0,0,0
1206734,BED & BREAKFAST ON WHITE ROCK CREEK,267 RUBY DELL LN,0,0,0,0,0
1206830,"7F LODGE AND EVENTS, LLC",16611 ROYDER RD,0,0,0,0,0
1207549,SCENIC HILL,7300 FM 332,0,0,0,0,0
1209232,KIMBER MODERN,110 THE CIR,0,0,0,0,0
1209462,BEST VALUE INN & SUITES,1568 LIVE OAK ST,0,1,1,0,0
1209478,MOTEL 6 #1122,211 N PECOS LA TRINIDAD,1,1,1,1,1
1209478,MOTEL 6 DOWNTOWN SAN ANTONIO,211 N PECOS LA TRINIDAD,1,1,1,1,1
1209846,TEX INN,906 N MCCOY BLVD,0,0,0,0,0
1209914,THE LODGE AT CYPRESS FALLS,1 WOODCREEK CIR,0,0,0,0,0
1210976,HOLIDAY INN EXPRESS & SUITES,1305 E COLISEUM DR,1,1,1,1,1
1211025,HOLIDAY INN EXPRESS,2295 SE LOOP,1,1,1,1,1
1211062,HOLIDAY INN EXPRESS & SUITES,1460 E MAIN ST,1,1,1,1,1
1212485,HOLIDAY INN EXPRESS,3308 US HIGHWAY 259 N,1,1,1,1,1
1212489,CANDLEWOOD SUITES,10025 MAIN ST,1,1,1,1,1
1212494,HOLIDAY INN EXPRESS HUNTSVILLE,148 INTERSTATE 45 S,1,1,1,1,1
1213547,HOLIDAY INN EXPRESS HOTEL & SUITES HEARNE TEXAS,1645 S MARKET ST,1,1,1,1,1
1213805,HOLIDAY INN EXPRESS HOTEL & SUITES,3001 AVENUE F NW,1,1,1,1,1
1214455,WORLDMARK NEW BRAUNFELS,1546 GRUENE RD,0,0,0,0,0
1214715,HOLIDAY INN EXPRESS & SUITES,8703 E R L THORNTON FWY,1,1,1,1,1
1214792,BEST WESTERN,18032 MCKAY DR,1,1,1,1,1
1215964,BANDERA LODGE MOTEL,700 STATE HWY 16 S,0,0,0,0,0
1216745,CANDLEWOOD SUITE,506 HIGHWAY 332,1,1,1,1,1
1216777,HOLIDAY INN EXPRESS HOTEL,5321 JOHN BEN SHEPPERD PKWY,1,1,1,1,1
1216780,HOLIDAY INN EXPRESS & SUITES,850 INTERSTATE 20 E,1,1,1,1,1
1218038,MARRIOTT DALLAS/ ADDISON QUORUM,14901 DALLAS PKWY,1,1,1,1,1
1218737,LA QUINTA INN & SUITES,930 NORMANDY ST,1,0,1,1,0
1218848,HYATT PLACE - GARLAND,5101 N PRESIDENT GEORGE BUSH HWY,1,1,1,1,1
1221539,BUDGET MOTEL OF AUSTIN,9220 N I H 35,0,0,0,0,0
1221544,BUDGET LODGE OF IRVING C STORE,110 W AIRPORT FWY,0,0,0,0,0
1222279,DRIFTERS RESORT,4401 HIGHWAY 35 S,0,0,0,0,0
1224950,"112 ACADEMY, LLC",112 ACADEMY DR,0,0,0,0,0
1225697,RAMADA IAH,6115 WILL CLAYTON PKWY,1,1,1,1,1
1227262,THE MEADOWS,2203 UPPER LIVEOAK,0,0,0,0,0
1228497,MUSTANG TOWERS,6109 STATE HIGHWAY 361,0,0,0,0,0
1229785,BEST WESTERN SAN ANTONIO EAST INN & SUITES,8669 INTERSTATE 10 E,1,1,1,1,1
1230324,BAYMONT INN AND SUITES,3913 FRANKSTON HWY,1,0,1,1,0
1231174,SAIDA TOWERS III,410A PADRE BLVD # 402,0,0,0,0,0
1231318,LQ INN & SUITES,1010 W COMMERCE ST,1,0,1,1,0
1234770,WESTERN SKIES MOTEL,800 W 2ND ST,0,0,0,0,0
1235465,CANDLEWOOD SUITES,2904 TUTTLE BLVD,1,1,1,1,1
1235593,COMFORT INN & SUITES,801 JOHN BEN SHEPPERD PKWY,1,1,1,1,1
1235598,HAMPTON INN & SUITES,400 MADISON AVE,1,1,1,1,1
1235671,COMFORT SUITES,5034 N DESERT BLVD,1,1,1,1,1
1235784,HOLIDAY INN EXPRESS & SUITES,2370 HIGHWAY 36 S,1,1,1,1,1
1235896,HILTON GARDEN INN,220 E GRANDE BLVD,1,1,1,1,1
1236032,DRURY INN & SUITES SAN ANTONIO LA CANTERIA,15806 W INTERSTATE 10,1,1,1,1,1
1236196,LONE OAK RANCH & RETREAT,8484 S FM 372,0,0,0,0,0
1236214,LA QUINTA INN & SUITES FORT WORTH EASTCHASE,8250 ANDERSON BLVD,1,0,1,1,0
1236291,HAMPTON INN,3135 E MAIN ST,1,0,1,1,0
1236706,SUPER 8,10130 ALMEDA GENOA RD,1,1,1,1,1
1236730,HOLIDAY INN EXPRESS & SUITES GALVESTON BEACH,3228 SEAWALL BLVD,1,1,1,1,1
1236786,LA QUINTA INNS & SUITES,721 FM 1489 RD,1,0,1,1,0
1237114,COMFORT SUITES ARLINGTON,411 ROAD TO SIX FLAGS ST W,1,1,1,1,1
1237172,COMFORT SUITES HOUSTON NORTHWEST - WILLOWBROOK,8155 N SAM HOUSTON PKWY W,1,1,1,1,1
1237243,HILTON GARDEN INN OF AMARILLO,9000 W INTERSTATE 40,1,1,1,1,1
1237845,COMFORT SUITES,3101 W DICKINSON BLVD,1,1,1,0,1
1237870,CRYSTAL SUITES,12962 SOUTH FWY,0,0,0,0,0
1237904,COMFORT INN,6350 DIRECTORS PKWY,1,1,1,1,1
1238392,SEABREEZE BEACH RESORT INC,5400 GULF BLVD,0,0,0,0,0
1238738,HAMPTON INN,2607 W HIGHWAY 90,1,0,1,1,0
1238812,BEST WESTERN,915 LAMESA HWY,1,1,1,1,1
1238899,HOLIDAY INN & SUITES,2199 HIGHWAY 59 E,1,1,1,1,1
1239004,SCOTTISH INNS,2600 GATEWAY DR,1,0,1,1,0
1239035,CANDLEWOOD SUITES,7103 N NAVARRO ST,1,1,1,1,1
1239598,BUDGETEL INN & SUITES,307 W MEXIA HWY,0,0,0,0,0
1239755,CANDLEWOOD SUITES TEXARKANA,2901 S COWHORN CREEK LOOP,1,1,1,1,1
1307578,LA QUINTA INN & SUITES #6185,6003 WOODWAY DR,1,0,1,1,0
1307618,COUNTRY INN &SUITES,1560 S INTERSTATE 35,1,1,1,1,1
1307636,KNIGHTS INN,5000 INTERSTATE HIGHWAY 30,1,1,1,1,1
1312391,RIDGE MOTEL,2602 W WALKER ST,0,0,0,0,0
1312395,TEXAN INN,3030 W WASHINGTON ST,0,0,0,0,0
1353074,FOUR POINTS BY SHERATON SAN ANTONIO NW,6809 N LOOP 1604 W,1,1,1,1,1
1368112,EXECUTIVE INN & SUITES,17707 FM 1488 RD,0,0,0,0,0
1382094,FAIRFIELD INN & SUITES WEATHERFORD,175 ALFORD DR,1,1,1,1,1
1382102,COURTYARD AUSTIN NORTH,12330 N INTERSTATE 35,1,1,1,1,1
1382143,LAQUINTA INN & SUITES,110 S SONOMA TRL,1,0,1,1,0
1382269,COMFORT INN NEAR SEARWORLD,8731 STATE HIGHWAY 151,1,1,1,1,1
1382347,HILTON SAN ANTONIO AIRPORT,611 NW LOOP 410,0,0,0,0,0
1382355,HOLIDAY INN EXPRESS & SUITES,1521 INWOOD RD,1,1,1,1,1
1382363,REGENCY INN & SUITES,7700 WILL CLAYTON PKWY,0,0,0,0,0
1382364,LA QUINTA INN & SUITES LIVINGSTON,402 US-59 LOOP S,1,0,1,1,0
1382444,HAMPTON INN & SUITES ARLINGTON NORTH,2200 BROOKHOLLOW PLAZA DR,1,1,1,1,1
1382446,HOLIDAY INN EXPRESS HOTEL & SUITES,1900 S CEDAR RD,1,1,1,1,1
1382728,HOLIDAY INN EXPRESS & SUITES,300 KILGORE DR,1,1,1,1,1
1382735,HOLIDAY INN EXPRESS,31380 FM 2920 RD,1,1,1,1,1
1382752,BEST WESTERN ORANGE INN,2245 HIGHWAY 62 S,1,1,1,1,1
1382867,HOLIDAY INN EXPRESS,1007 N HIGHWAY 67,1,1,1,1,1
1382896,NEW CANEY INN & SUITES,22033 US HIGHWAY 59,1,1,1,1,1
1382899,WOODSPRING SUITES-KATY,121 BAKER RD,1,1,1,1,1
1382903,COURTYARD BY MARRIOT,6400 OVERTON RIDGE BLVD,1,1,1,1,1
1383089,BEST WESTERN PLUS SALADO,10825 S INTERSTATE 35,1,1,1,1,1
1383144,HAMPTON INN & SUITES,2624 W COMMERCE ST,1,1,1,1,1
1383455,HAMPTON INN & SUITES,2010 S DUMAS AVE,1,1,1,1,1
1383472,WOODSPRING SUITES-BAYTOWN,4624 EAST FWY,1,1,1,1,1
1390022,AMERICAN INN & SUITES,1410 AVENUE F NW,1,1,1,0,0
1390173,SPRINGHILL SUITES SAN ANTONIO AIRPORT,514 NE LOOP 410,1,1,1,1,1
1390276,BEST WESTERN PLUS SEABROOK SUITES,5755 BAYPORT BLVD,1,1,1,1,1
1390563,LA QUINTA INNS & SUITES ALLEN AT THE VILLAGE,1220 CENTRAL EXPY N,1,0,1,1,0
1395099,LAKE BASTROP PARKS,375 SOUTHSHORE RD,0,0,0,0,0
1395108,HILL COUNTRY COTTAGE AND RV RESORT,131 S RUECKLE RD,0,0,0,0,0
1396100,LA QUINTA INN & SUITES,5800 QUEBEC ST,1,0,1,1,0
1400499,MISS MOLLYS HOTEL-STONEHOUSE BED AND BREAKFAST,2401 ELLIS AVE,0,0,0,0,0
1409043,BEST WESTERN TEXOMA HOTEL & SUITES,810 N US HWY,1,1,1,1,1
1413135,EXECUTIVE KEYS CONDOMINIUM,820 BEACH ACCESS ROAD 1A,1,1,1,1,1
1413499,COMFORT SUITES,1210 US HIGHWAY 259 N,1,1,1,1,1
1421292,CANDLEWOOD & SUITES ABILENE,3050 CATCLAW DR,1,1,1,1,1
1421297,CANDLEWOOD SUITES,1024 S LAREDO ST,1,1,1,1,1
1438720,TOWNE PLACE SUITES LEWISVILLE,731 E VISTA RIDGE MALL DR,1,1,1,1,1
1438752,EMBASSY SUITES HOUSTON ENERGY CORRIDOR,11730 KATY FWY,1,1,1,1,1
1438792,BEST WESTERN,301 US HIGHWAY 90 E,1,1,1,1,1
1438818,HYATT _MARKET STREET THE WOODLANDS,9595 SIX PINES DR,1,1,1,1,1
1438859,COURTYARD SAN ANTONIO,11605 STATE HIGHWAY 151,1,1,1,1,1
1439264,COURTYARD BY MARRIOTT,750 N INTERSTATE 35,1,1,1,1,1
1439913,LIBERTY HOTEL,205 S CADDO ST,1,1,1,1,1
1440346,COURTYARD WICHITA FALLS,3800 TARRY ST,1,1,1,1,1
1440365,SLEEP INN AND SUITES,2475 NORTH FWY,1,1,1,1,1
1446625,ODESSA MOTOR INN,2201 E 2ND ST,0,0,0,0,0
1449336,RESIDENCE INN AT CASCADES,6600 CASCADES COURT,1,1,1,1,1
1450886,SUITES AT SUNCHASE,1004 PADRE BLVD,0,0,0,0,0
1457662,CANDLEWOOD SUITES-PLANO,2401 E PRESIDENT GEORGE BUSH HWY,1,1,1,1,1
1459864,QUALITY INN,702 W US HIGHWAY 79,1,1,1,0,1
1462022,RED ROOF INN,6624 INTERSTATE 27,1,1,1,1,1
1463556,MONTERREY MOTEL,15705 S PADRE ISLAND DR,0,0,0,0,0
1465000,HOLIDAY INN EXPRESS-UVALDE,2801 E MAIN ST,1,1,1,1,1
1465002,HOLIDAY INN EXPRESS,1932 S DUMAS AVE,1,1,1,1,1
1465007,HOLIDAY INN EXPRESS,220 RELIANT DR,1,1,1,1,1
1465029,HOLIDAY INN EXPRESS HOTEL AND SUITES,7140 EASTEX FWY,1,1,1,1,1
1465047,CANDLEWOOD SUITES BAYTOWN,6126 GARTH RD,1,1,1,1,1
1465068,HOLIDAY INN EXPRESS PARIS,3025 NE LOOP 286,1,1,1,1,1
1465109,HOLIDAY INN SAN ANTONIO NW-SEAWORLD,10135 STATE HIGHWAY 151,1,1,1,1,1
1465151,STAYBRIDGE SUITES FORT WORTH WEST,229 CLIFFORD CENTER DR,1,1,1,1,1
1465226,HOLIDAY INN EXPRESS & SUITES,7935 ARTCRAFT RD,1,1,1,1,1
1467246,BLANCO SETTLEMENT,1705 RANCH ROAD 165,1,1,1,0,0
1467249,CARRIAGE HOUSE FREDERICKSBURG,312 E TRAVIS ST,0,0,0,0,0
1468036,FAIRFIELD INN MANSFIELD,1480 HIGHWAY 287 N,1,1,1,1,1
1468127,LIGHTHOUSE RESORT & MARINA/PARADISE COVE,300 LIGHTHOUSE DR,0,0,0,0,0
1469249,SPRINGHILL SUITES BY MARRIOTT,1101 MAGNOLIA ST,1,1,1,1,1
1469268,REGENCY INN,1301 E CENTRAL AVE,0,0,0,0,0
1469344,WOODSPRING SUITES-TEXAS CITY,11444 32ND AVE N,1,1,1,1,1
1469355,BT HOTEL LAS COLINAS LLC,1001 W ROYAL LN,1,1,1,1,1
1469365,WOODSPRING SUITES EL PASO AIRPORT,3610 JOE BATTLE BLVD,1,1,1,1,1
1473302,THE GOLDEN COVE,2334 SANBAR RD,0,0,0,0,0
1474616,LA QUINTA INN AND SUITES,431 AIRPORT FWY,1,0,1,1,0
1474749,INN OF THE DOVE,1839 FORT WORTH AVE,0,0,0,0,0
1474758,TOWNEPLACE SUITES ODESSA,4412 TANGLEWOOD LN,1,1,1,1,1
1477368,COMFORT SUITES,643 NE LOOP 820,1,1,1,1,1
1477755,BEST WESTERN ATREA HOTEL & SUITES,3635 CROOKED TRL,1,1,1,1,1
1477945,LA QUINTA INN & SUITES BRIDGE CITY,108 TEXAS AVE,1,0,1,1,0
1478088,COMFORT SUITES,323 LOUETTA RD,1,1,1,0,1
1478311,HOMEWOOD SUITES HOUSTON N W,13110 WORTHAM CENTER DR,1,1,1,1,1
1478386,TEXAS INN,1818 N TEXAS BLVD,0,0,0,0,0
1478515,TWELVE OAKS MOTOR HOTEL,3100 NORTHWEST LOOP 323,0,0,0,0,0
1478535,AMERICA'S BEST VALUE INN,3610 BANKHEAD HWY,1,1,1,1,1
1478585,BESTWAY INN,2501 AIRPORT FWY,0,0,0,0,0
1479458,SUPER 8 MOTEL,3909 SOUTH ST,1,1,1,1,1
1479635,RESIDENCE INN SAN ANTONIO,5707 RIM PASS,1,1,1,1,1
1479637,FAIRFIELD INN & SUITES,2117 S 10TH ST,1,1,1,1,1
1479831,FAIRFIELD INN EL PASO,7514 REMCON CIR,1,1,1,1,1
1479908,FAIRFIELD INN & SUITES,6 CASCADE CAVERNS RD,1,1,1,1,1
1479977,COURTYARD SAN ANTONIO,5731 RIM PASS,1,1,1,1,1
1480457,COMFORT SUITES,15112 FM 1825,1,1,1,1,1
1483164,BUDGET INN MOTEL,801 E DICKINSON BLVD,0,0,0,0,0
1484167,SUPER 8,5420 E SAM HOUSTON PKWY N,1,1,1,1,1
1484254,DAYS INN & SUITES,3810 DECKER DR,1,1,1,1,1
1484269,COMFORT SUITES,2806 MILLER RANCH RD,1,1,1,1,1
1484739,SUPER 8,921 S SECOND AVE,1,1,1,1,1
1484938,LA QUINTA INN & SUITES,1405 S HIGHWAY 287,1,0,1,1,0
1485047,COMFORT SUITES,5100 7TH ST,1,1,1,0,1
1485074,HAMPTON INN & SUITES LONGVIEW,3044 N EASTMAN RD,1,1,1,1,1
1485092,BAYMONT INN & SUITES SNYDER,1005 E US HIGHWAY 180,1,0,1,1,0
1485299,FAIRFIELD INN & SUITES SAN ANTONIO NE/SCHERTZ,5008 CORRIDOR LOOP RD,1,1,1,1,1
1485311,COMFORT SUITES,105 KARL KESSLER BLVD,1,1,1,1,1
1485442,BEST WESTERN PREMIER BRYAN COLLEGE STATION,1920 AUSTINS COLONY PKWY,1,1,1,1,1
1485451,SCOTTISH INNS,9120 E US HIGHWAY 377,1,1,1,1,1
1485480,PIONEER RV RESORT,120 GULFWIND DR,0,0,0,0,0
1485541,THE PEACH TREE INN & SUITES,401 S WASHINGTON ST,0,0,0,0,0
1485619,COMFORT INN & SUITES PARIS,3035 NE LOOP 286,1,1,1,1,1
1485688,HAMPTON INN & SUITES,6411 S DESERT BLVD,1,1,1,1,1
1485690,HAMPTON INN AND SUITES,6555 PARK BRK,1,1,1,1,1
1485913,LA QUINTA JACKSONVILLE,1902 S JACKSON ST,1,1,1,1,1
1485914,LA QUINTA INN AND SUITES,1513 OLD BRANDON RD,1,0,1,1,0
1485915,PREMIER INN AND SUITES,3715 COLLEGE ST,0,0,0,0,0
1485920,SPRINGHILL SUITES ROSENBERG,6815 READING RD,1,1,1,1,1
1485945,MOTEL 6,480 E VETERANS MEMORIAL BLVD,0,0,0,0,0
1485974,BUDGET HOST INN,314 N COLLINS ST,0,0,0,0,0
1486005,BEST WESTERN MANVEL INN & SUITES,19301 HIGHWAY 6,1,1,1,1,1
1486008,DBA COMFORT INN & SUITES,400 VILLAGE PARK DR,1,1,1,1,1
1486178,STRATFORD HOUSE INN,2600 WNW LOOP 323,0,0,0,0,0
1486196,COMFORT INN & SUITES,495 W EXPRESSWAY 83,1,1,1,1,1
1486206,MICROTEL INN & SUITES,1175 N BUSINESS IH 35,1,1,1,1,1
1486652,HILTON GARDEN INN ARLINGTON,2190 E LAMAR BLVD,1,1,1,1,1
1488672,COUNTRY INN & SUITES,6702 S BROADWAY AVE,1,0,1,1,0
1488677,MOTEL 6 STUDIO HYBRID,802 N GENERAL BRUCE DR,1,1,1,1,1
1488903,BEST WESTERN PLUS INN & SUITES,2006 KATY MILLS BLVD,1,1,1,1,1
1488925,DAYS INN & SUITES,221 N US HIGHWAY 77,1,1,1,1,1
1490531,HAMPTON INN MANSFIELD,1640 HIGHWAY 287 N,1,1,1,1,1
1490580,LA QUINTA INN & SUITES,3018 CATCLAW DR,1,0,1,1,0
1491766,HAMPTON INN & SUITES,2242 STONESIDE RD,1,1,1,1,1
1493254,PHARR PLAZA HOTEL,3400 S CAGE BLVD,0,0,0,0,0
1493261,CANDLEWOOD SUITES,9015 BROADWAY ST,1,1,1,0,0
1494607,OVERTON HOTEL & CONFERENCE CENTER,2322 MAC DAVIS LN,0,0,0,0,0
1507101,HEBBRONVILLE EXECUTIVE INN,1310 N SMITH AVE,0,0,0,0,0
1508375,AMERICA'S BEST VALUE INN,5500 NE LOOP 820,1,1,1,1,1
1510783,LA QUINTA,1912 S DUMAS AVE,1,0,1,1,0
1510855,EXECUTIVE INN & SUITES,1606 N MAIN ST,0,0,0,0,0
1511925,LA QUINTA INN & SUITES CHANNELVIEW,5520 E SAM HOUSTON PKWY N,1,0,1,1,0
1513517,CANDLEWOOD SUITES,1700 HIGHWAY 146 N,1,1,1,1,1
1513866,LA QUINTA INN & SUITES,1000 DOWDY FERRY RD,1,0,1,1,0
1514154,FRANKLIN TOWN CENTER HOTEL,208 N CENTER ST,1,1,1,1,1
1514188,BEST WESTERN,900 W US HIGHWAY 287 S,1,1,1,1,1
1514210,SPRINGHILL SUITES SAN ANTONIO DOWNTOWN/RIVERWALK,524 S SAINT MARYS ST,1,1,1,1,1
1514287,SPRING HILL SUITES EL PASO,7518 REMCON CIR,1,1,1,1,1
1514466,LA QUINTA INN & SUITES,1620 ROTAN RD,1,0,1,1,0
1515760,SWISS CHALET HOTEL & SUITE,141 S FRONTAGE RD,1,1,1,1,1
1516773,COUNTRY INN & COTTAGE,1644 W US HIGHWAY 290,0,0,0,0,0
1520261,QUALITY INN,610 E CENTRAL TEXAS EXPY,1,1,1,0,1
1524037,PASADENA MOTOR INN,3010 PASADENA FWY,1,1,1,1,1
1526288,SCOTTISH INN & SUITES,16150 TIMBER CREEK PLACE LN,1,1,1,1,1
1526327,QUALITY INN,1012 N ELLIS ST,1,1,1,1,1
1526976,ALOFT DALLAS DOWNTOWN,1033 YOUNG ST,0,0,0,0,0
1531934,SURFSIDE 107,15005 WINDWARD DR # 107,1,1,1,1,1
1533052,DOWNTOWN RETREAT,110 W SCHUBERT ST,0,0,0,0,0
1534593,LAQUINTA INNS & SUITES,104 N LHS DR,1,1,1,1,1
1545908,HILTON GARDEN INN HOUSTON CLEAR LAKE NASA,750 W TEXAS AVE,1,1,1,1,1
1546056,HOLIDAY INN EXPRESS & SUITES,7921 PRESIDENTS AVE,1,1,1,1,1
1546394,WINGATE HOTEL,245 FM 306,1,1,1,1,1
1546412,LA QUINTA INN BIG SPRING,1102 W INTERSTATE 20,1,0,1,1,0
1546545,LA QUINTA INNS AND SUITES,225 E ALSBURY BLVD,1,0,1,1,0
1549134,HOUSTON HOBBY AIRPORT MARRIOTT,9100 GULF FWY,1,1,1,1,1
1549592,CANDLEWOOD SUITES,2350 GULF FWY S,1,1,1,1,1
1552821,HOME2 SUITES DALLAS GRAND PRAIRIE,2123 W INTERSTATE 20,1,0,1,1,0
1552856,EXTENDED STAY AMERICA SAN ANTONIO,21103 ENCINO CMNS,1,1,1,1,1
1553317,HOTEL EL CAPITAN,100 BROADWAY,0,0,0,0,0
1553790,HAMPTON INN & SUITES,2650 LAKE VISTA DR,1,1,1,1,1
1553806,HAMPTON INN & SUITES,2605 SCHULTE BLVD,1,1,1,1,1
1553911,WEST TEXAS INN & SUITES,1000 W INTERSTATE 20,0,0,0,0,0
1554250,CANDLEWOOD SUITES MEDICAL CENTER,1850 SCOTT BLVD,1,1,1,1,1
1554535,BEST WESTERN CROWN CHASE INN,2450 BRINKER RD,1,1,1,1,1
1555781,LA QUINTA INN AND SUITES - NEW CANEY,22025 US HIGHWAY 59,1,0,1,1,0
1556786,SLEEP INN & SUITES,5451 NW CENTRAL DR,1,1,1,1,1
1556883,SUPER 8,3314 1ST ST,1,1,1,1,1
1557348,RED ROOF INN & SUITES - BEAUMONT,2310 INTERSTATE 10 S,1,1,1,1,1
1557540,VICTORIAN INNS,1013 HWY 82 WEST,0,0,0,0,0
1558225,EXTENDED STAY AMERICA HOUSTON WILLOWBROOK-HW249,13223 CHAMPIONS CENTRE DR,1,1,1,1,1
1562631,CANDLEWOOD SUITES,9502 AMELIA PASS,1,1,1,1,1
1563487,WHITTEN INN COTULLA,145 W FM 468,0,0,0,0,0
1563762,COMFORT INN & SUITES,9346 HIGHWAY 6,1,1,1,1,1
1563793,BEST WESTERN BASTROP PINES INN,107 HUNTERS CROSSING BLVD,1,1,1,1,1
1563890,BESTWAY INN,3100 HOLMES RD,0,0,0,0,0
1566913,STAYBRIDGE SUITES SEAWORLD,10919 TOWN CENTER DR,1,1,1,1,1
1566915,BUDGET INN,4501 S LAKE DR,0,0,0,0,0
1568906,HAMPTON INN & SUITES,805 W INTERSTATE 20,1,1,1,1,1
1569230,BUDGET HOST INN & SUITES,17258 HIGHWAY 59 N,1,1,1,1,1
1569413,PRESBYTERIAN MO-RANCH,2229 FM 1340,0,0,0,0,0
1569797,HAMPTON INN & SUITES,2505 VICTORIA DR,1,1,1,1,1
1571610,BEST WESTERN OASIS INN,303 S 2ND ST,1,1,1,1,1
1571773,BEST WESTERN LAMESA INN & SUITES,506 N DALLAS AVE,1,1,1,1,1
1571800,CASULO HOTEL,3017 S INTERSTATE 35,0,0,0,0,0
1575212,HOLIDAY INN HOUSTON ENERGY CORRIDOR ELDRIDGE,1112 ELDRIDGE PKWY,1,1,1,1,1
1576340,MARRIOTT COURTYARD,210 E STACY RD,1,1,1,1,1
1576648,LA QUINTA INN AND SUITES - TOMBALL,14000 MEDICAL COMPLEX DR,1,1,1,1,1
1583943,COMFORT SUITES,3225 S DANVILLE DR,1,1,1,0,1
1583947,PALESTINE COMFORT SUITES,301 WILLOW CREEK PKWY,1,1,1,0,1
1583948,SLEEP INN & SUITES WEST MEDICAL CENTER,6915 W INTERSTATE 40,1,1,1,1,1
1583951,DAYS INN & SUITES,7111 RANCHO MISSION DR,1,1,1,1,1
1584115,PALACE INN,26035 SOUTHWEST FWY,1,1,1,1,1
1584622,BAYMONT INN AND SUITES,2535 HIGHWAY 71 S,1,1,1,1,0
1584731,JW MARRIOTT SAN ANTONIO HILL COUNTRY RESORT & SPA,23808 RESORT PKWY,1,1,1,1,1
1588489,HOLIDAY INN EXPRESS,900 ROGERS CT,1,1,1,1,1
1589977,HOLIDAY INN EXPRESS LUBBOCK WEST,6023 45TH ST,1,1,1,1,1
1589996,HOLIDAY INN EXPRESS,410 LUBBOCK RD,1,1,1,1,1
1590218,COMFORT INN,2321 HIGHWAY 62 S,1,1,1,1,1
1591800,MIDLAND COUNTRY INN SUITES,920 W INTERSTATE 20,1,1,1,1,1
1594859,WILLOW POINT RESORT,427 ELLISON,0,0,0,0,0
1595102,FAIRFIELD INN & SUITES HOUSTON,15822 EAST FWY,1,1,1,1,1
1597491,RELAX INN,HWY 6 BYPASS AT FM 147,0,0,0,0,0
1597508,"LA QUINTA, INN & SUITES",18201 KENSWICK DR,1,0,1,1,0
1597564,LA QUINTA INN & SUITES MCKINNEY,6501 HENNEMAN WAY,1,0,1,1,0
1600103,BUDGET INN,212 S BROADWAY ST,0,0,0,0,0
1600476,SCOTTISH INN & SUITES,2839 N VELASCO ST,1,1,1,1,1
1601796,SCOTTISH INNS,6104 E VETERANS MEMORIAL BLVD,1,1,1,1,1
1603714,BENBROOK INN & SUITES,4844 BENBROOK BLVD,0,0,0,0,0
1603862,TRANSITIONS GROUP INC.,2323 N FIELD ST,0,0,0,0,0
1603881,RODEWAY INN,711 E CAMP WISDOM RD,1,1,1,0,0
1604018,SEAGOVILLE INN,1920 N HIGHWAY 175,0,0,0,0,0
1604021,HAMPTON INN & SUITES,4617 7TH ST,1,1,1,1,1
1604720,HOLIDAY INN EXPRESS & SUITES-DENTON,4485 N INTERSTATE 35,1,1,1,1,1
1605019,HOLIDAY INN EXPRESS HOTEL & SUITE,21010 KATY FWY,1,1,1,1,1
1625457,CANDELWOOD SUITES,2407 S JEFFERSON AVE,1,1,1,1,1
1627951,HOBBY AIRPORT INN,8800 AIRPORT BLVD,0,0,0,0,0
1628120,RIVER OAK & RESTAURANT,1105 MAIN ST,0,1,1,0,1
1628565,SOUTH WIND INN,600 E DAVIS ST,0,0,0,0,0
1628732,TAMPICO MOTEL,7201 E GRAND AVE,0,0,0,0,0
1628885,BEST INN MOTEL,6738 WESTFIELD BLVD,0,0,0,0,0
1628985,TROPICANA MOTEL,103 HIGHWAY 71 W,0,0,0,0,0
1629801,ALOHA MOTEL,2835 E ILLINOIS AVE,0,0,0,0,0
1630584,ECONOMY INN MOTEL,2620 S VELASCO,0,0,0,0,0
1630591,CROWN PLAZA INN,7443 CULLEN BLVD,1,1,1,0,0
1630644,MOUNTAIN VIEW LODGE LLC,10600 RANCH ROAD 12,0,0,0,0,0
1630745,RAMA HOTEL,5407 E AMARILLO BLVD,0,0,0,0,0
1630761,CULLEN INN,7411 CULLEN BLVD,0,0,0,0,0
1630917,MOTEL 6,1008 E CREST DR,1,1,1,1,1
1630955,KING'S INN MOTEL,700 N HIGHWAY 14,0,0,0,0,0
1631049,HOTEL INDIGO EL PASO DOWNTOWN,325 N KANSAS ST,1,1,1,1,1
1631148,BARON INN,4823 W 34TH ST,0,0,0,0,0
1631185,WINTERGARDEN INN,2516 N US HIGHWAY 83,0,0,0,0,0
1631206,HUNTERS LODGE MOTEL INC,902 11TH ST,0,0,0,0,0
1631333,SUN-N-PINES MOTEL,208 S TIMBERLAND DR,0,0,0,0,0
1631539,BUDGET INN,12425 E NORTHWEST HWY,0,0,0,0,0
1631590,WESTON INN & SUITES,590 N DICKINSON DR,0,0,0,0,0
1631630,KARISHMA HOSPITILITY LLC,4949 DACOMA ST,0,0,0,0,0
1631657,AARON MOTEL,1815 CULEBRA RD,0,0,0,0,0
1632254,THUNDERBIRD LODGE AND EVENTS CNETER,200 GREENWOOD HILLS TRL,0,0,0,0,0
1632485,OLLIE MOTEL,7621 AIRLINE DR,0,0,0,0,0
1632531,CANTON MOTEL,451 HWY 243,0,0,0,0,0
1632674,CHALET INN,610 EASTERN AVE,0,0,0,0,0
1632769,SUENO MOTEL,3404 S PRESA ST,0,0,0,0,0
1633446,SKY CAMP,641 SKY CAMP LOOP,0,0,0,0,0
1633507,MEMORY LANE INN LLC,5604 4 SEASONS LN,1,1,1,0,0
1633566,"HILLCREST JOINT VENTURE, LLC",412 N MAIN ST,0,0,0,0,0
1633904,ANDREWS MOTOR INN,805 E BROADWAY ST,0,0,0,0,0
1634229,LA MIRAGE INN,9600 CAMP BOWIE W,0,0,0,0,0
1634365,ORANGE GROVE MOTEL,528 E ORANGE AVE,0,0,0,0,0
1634474,LULING INN,100 S MULBERRY ST,0,1,1,0,0
1634585,BAYPORT MOTEL,800 W MAIN ST,0,0,0,0,0
1634980,LONE STAR INN,4606 AVENUE H,0,0,0,0,0
1635308,TEXAS ROCK HOUSE LLC,3207 HUNTER RD,0,0,0,0,0
1635370,RANCH MOTEL,3620 N MAIN,0,0,0,0,0
1635393,ANKUR INN,13310 C F HAWN FWY,0,0,0,0,0
1635592,INTERSTATE MOTEL,109 W OVERTON RD,0,0,0,0,0
1636045,CHAPARRAL MOTEL,116 HIGHWAY 80 NORTH,0,0,0,0,0
1636047,RAMELS HOTEL,8927 COMAL ST,1,1,1,0,0
1636048,VALI MAXIM MOTEL,6421 CALHOUN RD,0,0,0,0,0
1636050,AMERICAS BEST VALUE INN,2419 RIVERSIDE DR,1,1,1,1,1
1636058,GREENCHASE INN,9797 NORTH FREEWAY,0,0,0,0,0
1636340,CLIFFVIEW RESORT,180 COUNTY ROAD 1802,0,0,0,0,0
1636428,GRANDE MOTEL,2004 CENTRAL BLVD,0,0,0,0,0
1636760,SEMINOLE INN,2200 HOBBS HWY,0,0,0,0,0
1636945,COUNTRY SIDE INN,1669 N 77 SUNSHINESTRIP,0,0,0,0,0
1637106,YOAKUM INN,576 US HIGHWAY 77A N,0,0,0,0,0
1637168,LEGACY INN,3625 TIDWELL RD,0,0,0,0,0
1637186,LAKE PALESTINE MOTOR INN,8362 STATE HIGHWAY 155,0,0,0,0,0
1637520,CAPITAL INN,4601 YELLOWSTONE BLVD,0,0,0,0,0
1637541,LA HACIENDA RV RESORT,5220 HUDSON BEND RD,0,0,0,0,0
1637559,COMFORT INN & SUITES,2235 SE LOOP,1,1,1,1,1
1637752,THE ELEVEN INN,504 SW MAIN ST,0,0,0,0,0
1637810,ANCHOR RESORT 136,14300 S PADRE ISLAND DR APT 136,0,0,0,0,0
1637812,LOG CABINS AT JACOBS CREEK LLC,16335 FM 306,0,1,1,0,1
1637827,OAK TREE INN,401 W ILLINOIS AVE,1,0,1,0,0
1637950,PEN-ANN MOTOR HOTEL,1007 W US HIGHWAY 83,0,0,0,0,0
1638179,BARON MOTEL,6633 W MONTGOMERY RD,0,0,0,0,0
1638472,RANCH MOTEL,4206 LEOPARD ST,0,0,0,0,0
1638517,COUNTRY REGENCY INN & SUITES,22111 HIGHWAY 6,0,0,0,0,0
1638676,CATUS MOTEL & APARTMENTS,5423 LEOPARD ST,1,1,1,0,0
1638842,SURREY INN,403 E HIGHWAY 21,0,0,0,0,0
1638992,CAMINO VISTA MOTEL,409 W OLD US HIGHWAY 90,1,1,1,1,1
1639125,CHEROKEE VILLAGE RESORT,216 DEEP CANYON DRIVE,0,0,0,0,0
1639372,SILVER SPUR MOTEL,400 E SEALY AVE,0,0,0,0,0
1639588,EAGLE INN,2204 W MAIN ST,0,0,0,0,0
1639996,HERITAGE BUDGET INN,1827 W AMERICAN BLVD,0,1,1,0,1
1640000,ROYAL INN,3403 W WILSON ST,0,0,0,0,0
1640049,STATE MOTEL,207 S SUNSET STRIP ST,0,0,0,0,0
1640202,INLAND MOTEL,1010 US HIGHWAY 181,0,0,0,0,0
1640203,JONATHON'S INN,6259 GULFWAY DR,0,0,0,0,0
1640204,BAKER MOTEL,2406 SAM HOUSTON AVE,0,0,0,0,0
1640459,EXECUTIVE INN,1591 INTERSTATE 27,0,0,0,0,0
1640564,KERMIT INN,304 E HIGHWAY 302,0,0,0,0,0
1640860,VILLA WEST INN,300 W POOL RD,0,0,0,0,0
1640920,MOON LIGHT MOTEL,3419 SW MILITARY DR,0,0,0,0,0
1640986,DELUXE INN & SUITES,5546 LEOPARD ST,0,1,1,0,0
1641425,BIG STATE MOTEL,5810 OLD SPANISH TRL,0,0,0,0,0
1641563,TEXANN MOTEL,805 E PALESTINE AVE,0,0,0,0,0
1641604,SUNDOWN MOTEL,913 W 16TH ST,0,0,0,0,0
1641812,SOUTH TEXAS LAKEFRONT LODGE L,493 OAK ST,0,0,0,0,0
1642664,CANEY COVE RESORT,14638 TRAVIS PKWY,0,0,0,0,0
1642734,HILTON GARDEN INN - KATY MILLS,2409 TEXAMATI DR,1,1,1,1,1
1642905,SCOTT INN & SUITES,1933 SCOTT ST,0,0,0,0,0
1643343,CAPITAL MOTEL,6602 S FLORES ST,0,0,0,0,0
1643419,DREAMLAND MOTEL,1118 HOMER ST,0,0,0,0,0
1643581,ROCKETS INN,4406 REED RD,0,0,0,0,0
1643616,PECAN VALLEY INN,6330 PECAN VALLEY DR,0,0,0,0,0
1644374,COUNTRY INN,1502 S KEY AVE,0,0,0,0,0
1644433,DALLAS INN,3333 MARVIN D LOVE FWY,0,0,0,0,0
1644447,TROPICANA MOTEL,1012 RED BLUFF RD,0,0,0,0,0
1644497,SUND DOWN INN,205 N WATER ST,0,0,0,0,0
1644548,RAINBOW MOTEL,4740 S PRESA ST,0,0,0,0,0
1644870,AMERICA'S BEST VALUE INN,16007 EAST FWY,1,1,1,1,1
1645742,AMERICAN INN & SUITES,1306 W MAPLE ST,1,1,1,0,0
1645800,"RED ROOF PLUS HUNTSVILLE,TX",606 I-45 SOUTH,0,1,1,0,0
1645813,429 MARINA AND RESORT,10636 BLACK BASS RD,0,0,0,0,0
1645993,EXECUTIVE INN,1010 N HIGH ST,0,0,0,0,0
1646137,BRADY MOTEL,603 W COMMERCE ST,0,0,0,0,0
1646528,CHOICE INN,2212 E COMMERCE ST,0,0,0,0,0
1646533,"GREENE TOWNE MOTEL, LLC",915 S MEMORIAL FWY,0,0,0,0,0
1646818,C & M MOTEL,3824 SW MILITARY DR,0,0,0,0,0
1647042,SUPER INN,1821 S DUMAS AVE,0,0,0,0,0
1647059,CENTRAL MOTEL,5800 E LANCASTER AVE,0,0,0,0,0
1647534,GULF CREST MOTEL,1603 N BRAZOSPORT BLVD,0,0,0,0,0
1647592,CROWN INN,110 W MAIN ST,0,0,0,0,0
1647932,REGENCY MOTEL,2859 REED RD,0,0,0,0,0
1647963,GULFWAY MOTEL,5837 LEOPARD ST,0,0,0,0,0
1647966,DAYS INN,29007 INTERSTATE 45,1,1,1,1,1
1648082,THE EDGEWATER RESORT,224 S WINDING WAY,0,0,0,0,0
1648118,GARDEN INN-EAST,500 ASH AVE,0,0,0,0,0
1648216,REDBIRD SUITES,3810 W LEDBETTER DR,0,0,0,0,0
1648361,WHITE SANDS MOTEL,418 STATE HIGHWAY 100,0,0,0,0,0
1648443,BALLINGER INN,2101 HUTCHINS AVE,0,0,0,0,0
1649109,HOUSTON MARRIOTT ENERGY CORRIDOR,16011 KATY FWY,1,1,1,1,1
1650206,DAVIS MOUNTAINS INN,43417 STATE HIGHWAY 17,0,0,0,0,0
1651506,DAYS INN MINERAL WELLS,107 WASHINGTON AVE,1,1,1,1,1
1654234,THE FEATHERED HORSE RANCH INC,1261 STONELEIGH RD,0,0,0,0,0
1657199,BUDGET INN,116 S US HIGHWAY 96,0,0,0,0,0
1657223,HOLIDAY INN EXPRESS & SUITES - DALLAS WEST,4321 COMMUNICATIONS DR,1,1,1,1,1
1657244,BEST WESYERN PALO ALTO INN & SUITES,2926 SW LOOP 410,1,1,1,1,1
1657390,LA QUINTA INN & SUITES ALVIN,880 S BYPASS 35,1,0,1,1,0
1657399,HOMEWOOD SUITES DENTON,2907 SHORELINE DR,1,1,1,1,1
1657427,CANDLEWOOD SUITES DEER PARK,1300 EAST BLVD,1,1,1,1,1
1657503,CANDLEWOOD SUITES,215 ALFORD DR,1,1,1,1,1
1657541,HOMEWOOD SUITES BY HILTON,5620 LEGEND LAKE PKWY,1,1,1,1,1
1657587,THUNDERBIRD MOTEL,203 I 35 HWY NW,0,0,0,0,0
1657595,CANDLEWOOD SUITES CEDAR PARK,1100 COTTONWOOD CREEK TRL,1,1,1,1,1
1657749,REGENCY INN,903 W US HIGHWAY 84,0,0,0,0,0
1657788,HAMPTON INN SWEETWATER,302 SE GEORGIA AVE,1,0,1,1,0
1657850,SUPER 8,2833 E INTERSTATE 20,1,1,1,1,1
1657871,SPRINGHILL SUITES SAN ANGELO,2544 SOUTHWEST BLVD,1,1,1,1,1
1657884,HOLIDAY INN,5110 N PRESIDENT GEORGE BUSH HWY,1,1,1,1,1
1657888,LA QUINTA AND SUITES OF COLUMBUS,2427 HIGHWAY 71 S,1,1,1,1,0
1657895,MOTEL 6,3861 TANACROSS DR,1,1,1,1,1
1672282,HOLIDAY INN EXPRESS AND SUITES,1923 S JACKSON ST,1,1,1,1,1
1673539,CT HOTEL GROUP LLC,451 N INTERSTATE 35,1,1,1,1,1
1673540,LA COPA OUTLETS-MERCEDES,4701 E EXPRESSWAY 83,1,1,1,1,1
1674220,COMFORT SUITES MEDICAL CENTER,5130 VANTAGE WAY,1,1,1,1,1
1674426,A GREAT ESCAPE VILLA 2102,3404 AMERICAN DR,0,0,0,0,0
1674762,HOMEWOOD SUITES ALLEN,455 CENTRAL EXPY N,1,1,1,1,0
1674773,SLEEP INN & SUITES,250 KILLOUGH CV,1,1,1,1,1
1674925,HOLIDAY INN EXPRESS GEORGETOWN,431 N INTERSTATE 35,1,1,1,1,1
1675233,"PMP DUNCAN, LLC",2820 PERRYTON PKWY,1,0,1,1,0
1675659,"LA PORTE TX, QUALITY INN & SUITES",11003 W FAIRMONT PKWY,1,1,1,1,1
1675721,COUNTRY INN & SUITES,1010 SOUTHWEST PKWY E,1,1,1,1,1
1675976,WESTIN HOTEL AT DOMAIN,11301 DOMAIN DR,1,1,1,1,1
1676171,BAYMONT INN & SUITES CUERO,308 PARK HEIGHTS DR,1,0,1,1,0
1676193,SPRINGHILL SUITES SAN ANTONIO SEAWORLD,138 RICHLAND HILLS DR,1,1,1,1,1
1676266,HOLIDAY INN EXPRESS - MARBLE FALLS,714 CORAZON,1,1,1,1,1
1676339,COMFORT INN & SUITES,2200 S STOCKTON AVE,1,1,1,1,1
1688532,HOLIDAY INN NORTH HILL COUNTRY,19280 REDLAND RD,1,1,1,1,1
1699460,COMFORT SUITES BASTROP STREET,505 AGNES,1,1,1,1,1
1718124,HOLIDAY INN EXPRESS,13425 BROOKHAVEN DR,1,1,1,1,1
1718855,"LA QUINTA INN & SUITES, CEDAR PARK",1010 E WHITESTONE BLVD,1,0,1,1,0
1718991,WESTERN SKIES MOTEL,2413 N HIGHWAY 175,0,0,0,0,0
1723507,HILTON GARDEN INN,1501 N INTERSTATE 35,1,1,1,1,1
1723677,BAYMONT INN AND SUITES OF DECATUR,600 W HALE AVE,1,0,1,1,0
1723678,AMERI BEST INN,3629 US HIGHWAY 80 E,1,1,1,0,0
1723698,TOWNEPLACE SUITES SAN ANTONIO DOWNTOWN,409 E HOUSTON ST,1,1,1,1,1
1724007,CANDLEWOOD SUITES HOUSTON EAST I-10,1020 MAXEY RD,1,1,1,1,1
1724101,AIRWAY INN,2221 GREENS RD,0,0,0,0,0
1724124,EDINBURG EXECUTIVE INN,2006 S CLOSNER BLVD,0,0,0,0,0
1724203,FAIRFIELD INN & SUITES HOUSTON THE WOODLANDS,16850 INTERSTATE 45 S,1,1,1,1,1
1724263,INN ON THE CREEK,3911 US HIGHWAY 80 E,0,0,0,0,0
1724266,COUNTRYSIDE INN,1614 W ROYALL BLVD,0,0,0,0,0
1724279,SPRINGHILL SUITES - HOUSTON/SEABROOK,2120 NASA PKWY STE 100,1,1,1,1,1
1724367,WOODSPRING SUITES MIDLAND,4712 W LOOP 250 N,1,1,1,1,1
1731689,WESTERN INN,1208 S RICE ST,0,0,0,0,0
1732195,DAYS INN,2008 S US HIGHWAY 287,1,1,1,0,1
1732285,EMBASSY SUITES,125 E HOUSTON ST,1,1,1,1,1
1732657,HILTON GARDEN INN - DENTON,3110 COLORADO BLVD,1,1,1,1,1
1733514,EXTENDED STAY AMERICA HOUSTON IAH/BELTWAY 8,1500 N SAM HOUSTON PKWY E,1,1,1,1,1
1735223,TEXAS INN & SUITES,806 W INTERSTATE 20,0,0,0,0,0
1735438,BEST BUDGET INN,3153 S 1ST ST,0,0,0,0,0
1739134,THE FALLS GULF CLUB AND RESORT,1750 N FALLS DR,0,1,1,0,0
1739622,COURTYARD TYLER,7424 S BROADWAY AVE,1,1,1,1,1
1741200,IRISH INN & SUITES,104 E 6TH ST,0,0,0,0,0
1743729,LA QUINTA INN & SUITES,9002 BROADWAY ST,1,0,1,1,0
1747305,STAGECOACH INN,902 N MAGNOLIA ST,0,0,0,0,0
1749569,DAYS INN KEMAH,1413 HIGHWAY 146,1,1,1,1,1
1751868,SLEEP INN & SUITES OF ROUND ROCK,1980 S INTERSTATE 35,1,1,1,1,1
1751874,EXECUTIVE INN & SUITES,6711 TELEPHONE RD,0,0,0,0,0
1752009,CANDLEWOOD SUITES,17525 ST LUKES WAY,1,1,1,1,1
1754803,BLANCO LUXURY SUITES,2218 N US HIGHWAY 281,1,1,1,1,1
1756151,SCOTTISH DELIGHT MOTEL,3307 W FRONT ST,0,0,0,0,0
1756176,EXECUTIVE INN,800 N US HIGHWAY 77,0,0,0,0,0
1758481,WOODSPRING SUITES AUSTIN NORTHWEST RESEARCH BLVD,13689 N HIGHWAY 183,1,1,1,1,1
1762310,STAYBRIDGE SUITES,808 N LOOP 1604 E,1,1,1,1,1
1762662,LA QUINTA INN,10701 LAKELINE MALL DR,1,0,1,1,0
1764379,HAMPTON INN,1202 MOCKINGBIRD LN,1,0,1,1,0
1765606,COMFORT SUITES,131 RVG PKWY,1,1,1,1,1
1765649,FRONT AND BACK PORCH (BARRY AND TAMMY SIKES),211 W TRAVIS ST,0,0,0,0,0
1769967,LA QUINTA INN & SUITES- DENTON UNIVERSITY DRIVE,4465 N INTERSTATE 35,1,0,1,1,0
1772450,CANDLEWOOD SUITES,2469 INTERSTATE 10 W,1,1,1,1,1
1772676,SCOTTISH INN & SUITES,6802 GARTH RD,1,0,1,1,0
1772943,BLUE STAR INN,2405 E 2ND ST,0,1,1,0,0
1773009,HOLIDAY INN EXPRESS HOTEL & SUITES,9120 WEST RD,1,1,1,1,1
1773828,DAYS INN AND SUITES,13800 INTERSTATE 37 S,1,1,1,1,1
1776522,HOLIDAY INN EXPRESS ROCKPORT,925 LADY CLARE ST,1,1,1,1,1
1776815,THE VERANDA INN,1523 E HIGHWAY 82,0,0,0,0,0
1776828,DESERT AIR MOTEL,806 W OAK ST,0,0,0,0,0
1776933,HAMPTON INN & SUITES CLEBURNE,1996 W HENDERSON ST,1,1,1,1,1
1777521,COUNTRY INN AND SUITES,2818 AVENUE R 1/2,1,1,1,1,1
1778155,BEST WAY INN,2110 W KATHERINE P RAINES RD,0,0,0,0,0
1778296,HILTON GARDEN INN ODESSA C,5221 JOHN BEN SHEPPERD PKWY,1,1,1,1,1
1778317,ROYAL INN MOTEL,1411 US HIGHWAY 59 S,0,0,0,0,0
1778331,HAMPTON INN AND SUITES OF BASTROP TEXAS,240 SOUTH HASLER BLVD,1,1,1,1,1
1778374,WINNQUEST,3518 EISENHAUER RD,0,0,0,0,0
1785613,HEMPTON IMM,2320 GULF FWY S,1,1,1,1,1
1786385,FORT RICHARDSON MOTEL,824 S MAIN ST,0,1,1,0,1
1788267,OUTPOST MOTEL,26200 RANCH ROAD 12,0,0,0,0,0
1790078,BEST WESTERN ROYAL MOUNTAIN INN & SUITES,1814 STATE HIGHWAY 31 E,1,1,1,1,1
1791909,HOTEL TEXAS,1632 N TEXANA ST,0,0,0,0,0
1795669,HOLIDAY INN,805 HARRIS AVE,1,1,1,1,1
1802256,SUN VALLEY MOTEL,1611 MAIN ST,0,0,0,0,0
1804550,VALUE PLACE,4266 OIL BELT LN,1,1,1,1,1
1806053,BUTTERFIELD MOTEL,626 N MAIN ST,0,0,0,0,0
1837053,CAPTAIN'S QUARTERS,701 BAY AVE,0,0,0,0,0
1837056,STAYBRIDGE SUITES,11101 FOUNTAIN LAKE DR,1,1,1,1,1
1838568,GRUENE COTTAGES,1950 HUNTER RD,0,0,0,0,0
1845655,HAMPTON INN & SUITES,1718 N COCKRELL HILL RD,1,1,1,1,1
1846740,TOWNE PLACE SUITES FT WORTH DOWNTOWN,805 E BELKNAP ST,1,1,1,1,1
1846923,SLEEP INN & SUITES,222 W. AIRTEX BLVD,1,1,1,1,1
1852890,LA QUINTA INN AND SUITES WESTHEIMER,2451 SHADOW VIEW LN,1,0,1,1,0
1852898,COMFORT INN,6455 OLD DENTON RD,1,1,1,0,1
1852912,DAYS INN & SUITES,814 VW GOODWIN BLVD N,1,1,1,1,1
1856883,CANDLEWOOD SUITES,402 N JIM WRIGHT FWY,1,1,1,1,1
1856895,MICROTEL INN & SUITES,4649 W HOUSTON HARTE EXPY,1,1,1,1,1
1856923,LA HACIENDA INN BY KNIGHTS INN,1524 E COMMERCE ST,1,1,1,0,0
1857212,COMFORT INN & SUITES,1004 US HIGHWAY 59 S,1,0,1,1,0
1858770,MOTEL 6 EAGLE PASS,2338 E MAIN ST,1,1,1,1,1
1858908,AMERICA'S BEST VALUE INN,13536 STATE HIGHWAY 249,1,1,1,1,1
1858988,HYATT PLACE SUGAR LAND,16730 CREEK BEND DR,1,1,1,1,1
1862910,BAYMONT INN & SUITES,979 N INTERSTATE 35,1,0,1,1,0
1863529,HOMEWOOD SUITES ROUND ROCK,2201 S MAYS ST,1,1,1,1,1
1865638,BESTWAY INN,13220 MAHAM RD,0,0,0,0,0
1866262,SPRINGHILLSUITES BY MARRIOTT BAYTOWN,5169 EAST FWY,1,1,1,1,1
1866298,STAYBRIDGE SUITES,2759 MCDONALD RD,1,1,1,1,1
1866954,BEST WESTERN PLUS AUSTIN AIRPORT INN & SUITES,1805 AIRPORT COMMERCE DR,1,1,1,1,1
1875844,EL PASO INN,6210 MONTANA AVE,0,0,0,0,0
1878577,SLEEP INN & SUITES IAH,18150 MCKAY DR,1,1,1,1,1
1879027,FOUR POINTS BY SHERATON HOUSTON HOBBY AIRPORT,8720 GULF FWY,1,1,1,1,1
1879711,BLACK DIAMOND INN,504 S MAIN ST,0,0,0,0,0
1887018,COURTYARD BY AMARILLO,724 S POLK ST,1,1,1,1,1
1889883,HOTEL ZAZA,400 LAVACA ST,0,0,0,0,0
1889918,CAMLOT INN,2902 E INTERSTATE 20,0,0,0,0,0
1889983,RAINTREE INN & SUITES,3675 SOUTH LOOP W # 610,0,0,0,0,0
1889985,CRYSTAL INN,14350 STATE HIGHWAY 249,1,1,1,1,1
1890585,TRES RIOS,2322 COUNTY ROAD 312,0,0,0,0,0
1891397,DERRICK INN,121 N STATE HIGHWAY 137,0,0,0,0,0
1901111,INTOWN SUITES HIGHWAY 6 L P,9155 HIGHWAY 6 N,1,1,1,1,1
1901686,INTOWN SUITES,3000 HIGHWAY 6 S,1,1,1,1,1
1910481,HOLIDAY INN HOUSTON EAST,16311 EAST FWY,1,1,1,1,1
1911184,CENTRAL INN MOTEL,723 N PATRICK ST,0,0,0,0,0
1913757,TRAVEL LODGE,1200 W SAM HOUSTON BLVD,1,1,1,1,1
1929352,DRURY PLAZA HOTEL SAN ANTONIO NORTH,823 N LOOP 1604 E,1,1,1,1,1
1929411,BUDGET INN,2900 W HIGHWAY 80,0,0,0,0,0
1930546,MOTEL 6 CEDAR PARK,800 ARROW POINT DR,1,1,1,1,1
1940955,COMFORT SUITES,2005 CENTER POINT LN,1,1,1,1,1
1940963,CLEVELAND HOLIDAY INN EXPRESS,600 HIGHWAY 59 S,1,1,1,1,1
1945876,COUNTRY INN & SUITES TEXARKANA,1918 UNIVERISTY AVE,1,1,1,1,1
1945964,BEST WESTERN GIDDINGS INN AND SUITES,2161 E HEMPSTEAD ST,1,1,1,1,1
1945966,HOLIDAY INN EXPRESS & SUITES,325 VILLAGE PARK DR,1,1,1,1,1
1948211,PECOS COMFORT SUITES,110 RAUL FLOREZ BLVD,1,1,1,1,1
1948482,KEMAH GARDENS LLC,1019 LEWIS DR,0,0,0,0,0
1948994,SUPER 8,702 HIGHWAY 146 S,1,1,1,1,1
1950022,HOLIDAY INN,2370 CHISHOLM TRL,1,1,1,1,1
1950036,HOLIDAY INN EXPRESS & SUITES BRADY,2320 S BRIDGE ST,1,1,1,1,1
1950138,HAMPTON INN AND SUITE DENISON,3415 ANSLEY BLVD,1,1,1,1,1
1951637,TROPICANA INN & SUITES,10584 LUNA RD,0,0,0,0,0
1952671,CHAPARRAL MOTEL,310 HIGHWAY 77 S,0,0,0,0,0
1955411,HOTEL INDIGO BAYLOR,211 CLAY AVE,1,1,1,1,1
1957204,LA MAISON IN MIDTOWN AN URBAN BED AND BREAKFAST,2800 BRAZOS ST,0,0,0,0,0
1957494,HAMPTON INN,1624 W STATE HIGHWAY 71,1,0,1,1,0
1961966,AMERICA'S BEST VALUE INN,1108 W HIGHWAY 21,1,1,1,0,0
1961981,CANDLEWOOD SUITES EL PASO,4631 COHEN AVE,1,1,1,1,1
1962050,HAMPTON INN & SUITES,10 W EXPRESSWAY 83,1,1,1,1,1
1962942,CITY VIEW INN & SUITES,1306 E COMMERCE ST,0,0,0,0,0
1966350,THE WESTIN HOUSTON MEMORIAL CITY,945 GESSNER RD,1,1,1,1,1
1969385,DELUX INN,1400 E AIRPORT FWY,0,1,1,0,0
1971740,GRAND INN & SUITES,17225 HAFER RD,0,0,0,0,0
1983469,CANDLEWOOD SUITES,601 W THOMPSON ST,1,1,1,1,1
1984504,HOLIDAY HOTEL,120 IVEY DRIVE,0,0,0,0,0
1986213,HAWTHORN SUITES,3211 HOTEL WAY,1,1,1,1,1
1986842,HOLIDAY INN WEST MEDICAL CENTER,8231 W AMARILLO BLVD,1,1,1,1,1
1987062,HOLIDAY INN EXPRESS HOTEL & SUITES,2410 N BEDELL AVE,1,1,1,1,1
1992457,FRONTIER INN,3210 PINE ST,0,0,0,0,0
1992707,RANCH HOUSE MOTEL & RESTAURANT,301 SW GEORGIA AVE,0,1,1,0,1
1993695,ROYAL INN,4242 INDEPENDENCE,0,0,0,0,0
1994522,ROYAL INN,2030 W NORTHWEST HWY,0,0,0,0,0
1997120,WIMBERLEY SHADE RANCH LLC,500 CR 1492,0,0,0,0,0
2012023,GRAND INN,220 W CAMP WISDOM RD,0,0,0,0,0
2013748,EXECUTIVE INN,5131 E PARKWAY ST,0,0,0,0,0
2014762,EL COSMICO,802 S HIGHLAND AVE,0,0,0,0,0
2025808,GALAXY INN,1736 FORT WORTH AVE,0,0,0,0,0
2028071,SUPER 8,907 HURST ST,1,1,1,1,1
2038673,LA QUINTA INN & SUITES ODESSA NORTH,4122 FAUDREE RD,1,0,1,1,0
2038680,ECONOLODGE INN & SUITES,255 TEXAS AVE,1,1,1,1,1
2038687,LAQUINTA INN & SUITE PASADENA,2205 PASADENA FWY,1,0,1,1,0
2038753,WINGATE BY WYNDHAM,14700 STATE HIGHWAY 121,1,1,1,1,1
2039194,PINN ROAD INN & SUITES,2327 PINN RD,0,0,0,0,0
2040199,WHISPERING PALMS INN,1300 VETERANS BLVD,0,0,0,0,0
2042443,LISA MOTEL,10650 HEMPSTEAD RD,0,0,0,0,0
2042545,GRAPE CREEK RANCH B&B,10279 E US HIGHWAY 290,0,0,0,0,0
2048960,SUPER 8 BRENHAM,2209 HIGHWAY 290 E,1,1,1,1,1
2049085,COMFORT SUITES-LAKEWORTH,5825 QUEBEC ST,1,1,1,1,1
2049179,FIESTA MOTOR INN,1000 E DIVISION ST,1,1,1,1,1
2052494,HOLIDAY INN EXPRESS & SUITES,929 NAVIGATION BLVD,1,1,1,1,1
2064903,FAIRFIELD INN & SUITES,422 BONHAM,1,1,1,1,1
2078032,OCEAN VILLAGE RESORT,310 FRANCIS CV,0,0,0,0,0
2087808,GARDEN SUITES,14110 STATE HIGHWAY 249,0,0,0,0,0
2089914,SILVER SYCAMORE LTD,5111 PINE AVE,0,0,0,0,0
2090660,ATRIA INN AND SUITES,701 N HARBORTH AVE,0,0,0,0,0
2096034,CHILDRESS INN,2804 AVENUE F NW,0,0,0,0,0
2100301,FREER EXECUTIVE INN,1104 E RILEY ST,0,0,0,0,0
2142706,CHOKE CANYON LODGE,141 JEFF ST,0,0,0,0,0
2145772,EL PASO STAYBRIDGE SUITES,6680 GATEWAY BLVD E,1,1,1,1,1
2146268,RAMADA INN,778 SUN VALLEY BLVD,1,1,1,1,1
2151543,SPRINGHILLS SUITES,411 BOWIE ST,1,1,1,1,1
2151595,PORT ISLA INN,200 2ND ST,0,0,0,0,0
2152775,BEAR CREEK INN,4204 HIGHWAY 6 N,0,0,0,0,0
2153035,TEXAS INN,3381 S INTERSTATE HIGHWAY 35 E,0,0,0,0,0
2153236,HOLIDAY INN EXPRESS & SUITES - AMARILLO WEST,8330 W AMARILLO BLVD,1,1,1,1,1
2155705,HOME2 SUITES SAN ANTONIO DOWNTOWN,603 NAVARRO ST,1,1,1,1,1
2155757,REGENCY INN & SUITES,7815 NORTH SAM HOUSTON PKWY,0,0,0,0,0
2156372,DAYS INN BY WYNDHAM,901 HIGHWAY 35 N,1,1,1,1,1
2160816,WOODLAND INN & SUITES,11607 NORTHWEST FWY,0,0,0,0,0
2163415,GLEN ROSE INN & SUITES,300 SW BIG BEND TRL,0,0,0,0,0
2168596,CLAYTON'S RESORT LLC,6900 PADRE BLVD,0,0,0,0,0
2170350,MOTEL 6 - BEDFORD,2904 CRYSTAL SPGS,1,1,1,1,1
2170892,HEMPSTEAD YOGI LTD,34843 BETKA RD,0,0,0,0,0
2192761,OMNI DALLAS HOTEL,555 S LAMAR ST,1,1,1,1,1
2194542,BUDGET INN,1761 SOUTH HWY 59,0,0,0,0,0
2207426,WALNUT CANYON CABINS,503 DEER RD,0,0,0,0,0
2227420,WESLACO INN,2716 E BUSINESS 83,0,0,0,0,0
2231865,REDDY HOTELS LLC,3001 DIMMITT RD,0,0,0,0,0
2233004,PALACE INN,21330 KATY FWY,1,1,1,0,0
2233136,WESTERN SKIES MOTEL,623 DENVER AVE,0,0,0,0,0
2237829,PASADENA INN & SUITES,1202 PASADENA BLVD,0,0,0,0,0
2238423,RESIDENCE INN DFW AIRPORT SOUTH,2200 VALLEY VIEW LN,1,1,1,1,1
2239256,LUXURY INN,100 SAN ANTONIO ST,0,1,1,0,0
2253684,BUDGET INN,2001 W 5TH ST,0,0,0,0,0
2273811,HAMPTON INN,4131 WESTERN TRL,1,0,1,1,0
2279379,AMERICAS BEST VALUE INN & SUITES,22420 PARK RD,1,1,1,1,1
2280102,EASTSIDE INN,1609 E CESAR CHAVEZ ST,0,0,0,0,0
2280220,LA QUINTA INN & SUITES - DALLAS LOVE FIELD,8300 JOHN W CARPENTER FWY,1,0,1,1,0
2282711,THE LODGE AT SANDERS POINT LLC,875 SANDERS POINT RD,0,0,0,0,0
2291224,TEXAS WINE COUNTRY JELLYSTONE PARK CAMP-RESORT,10618 E US HIGHWAY 290,0,0,0,0,0
2292490,SEASIDE INN,503 BAY AVE,0,0,0,0,0
2295736,HILLSIDE ACRES RETREAT,4032 RANCH ROAD 3232,0,0,0,0,0
2296221,EXECUTIVE INN & SUITES,631 S COLUMBIA DR,0,0,0,0,0
2299548,QUALITY INN & SUITES DOWNTOWN SAN ANTONIO,1025 S FRIO ST,1,1,1,1,1
2303558,EXECUTIVE INN,4401 AVENUE Q,0,1,1,0,1
2306647,HILTON GARDEN INN FORT WORTH ALLIANCE AIRPORT,2600 WESTPORT PKWY,1,1,1,1,1
2306909,HOLIDAY INN EXPRESS & SUITES,2004 E HIGHWAY 90,1,1,1,1,1
2322523,RELAX INN,3604 HIGHWAY 21 E,0,0,0,0,0
2322587,BEST WESTERN PLUS CLASSIC INN & SUITES,210 MOFFITT DR,1,1,1,1,1
2322622,AMERICA'S BEST VALUE  INN  - REFUGIO,920 VICTORIA RD,1,1,1,1,1
2328103,BUDGET INN,731 N BROADWAY ST,0,0,0,0,0
2330545,GOLD KEY INN,2023 S BRIDGE ST,0,0,0,0,0
2331719,KINGSWAY INN,2615 W 7TH AVE,0,0,0,0,0
2336579,BEST WESTERN PLUS LYTLE INN & SUITES,19876 INTERSTATE 35 S,1,1,1,1,1
2337074,HOLIDAY INN EXPRESS COTULLA,624 LAS PALMAS BLVD,1,1,1,1,1
2340364,MICROTEL INN & SUITES SEAWORLD,1605 W LOOP 1604 S,1,1,1,1,1
2347698,EXECUTIVE INN,217 WALLER AVE,0,0,0,0,0
2351689,COMFORT INN & SUITES,6645 GATEWAY BLVD W,1,1,1,1,1
2359574,CAMELOT INN & SUITES,9521 W LITTLE YORK RD,1,1,1,0,0
2362699,EXECUTIVE INN & SUITES,23998 FM 1314 RD,0,0,0,0,0
2364422,ANTLERS INN,1013 HWY 59 WEST,0,0,0,0,0
2367166,SCOTTISH INN AND SUITES,11275 JONES RD,1,1,1,1,1
2367454,PERMIUM INN & SUITE,2603 E ELMS RD,0,0,0,0,0
2402987,MOTEL 6 KILGORE,3501 US HIGHWAY 259 N,1,1,1,0,0
2420198,HAMPTON INN & SUITES WINNIE,318 SPUR 5,1,1,1,1,1
2422583,VAN INN,2800 INTERSTATE HIGHWAY 20,0,0,0,0,0
2432305,PALACE INN-PASADENA,817 W PASADENA FWY,1,1,1,1,1
2437163,COMFORT SUITES AT KATY MILLS,25115 KATY FWY,1,1,1,1,1
2437479,WESTERN INN MOTEL,1500 NORTH LOOP,0,0,0,0,0
2437614,FAIRFIELD INN & SUITES - DFW AIRPORT SOUTH,4210 W AIRPORT FWY,1,1,1,1,1
2439551,EXECUTIVE INN,301 E INTERSTATE 20,0,0,0,0,0
2445304,HOLIDAY INN EXPRESS,200 NUECES ST,1,1,1,1,1
2459199,HOWARD JOHNSON - CORPUS CHRISTI,6301 IH 37,1,1,1,1,1
2460761,VALLEY MOTEL,1515 W AMERICAN BLVD,0,0,0,0,0
2462661,RAINTREE INN & SUITES,3715 ROOSEVELT AVE,0,0,0,0,0
2462694,MUSTANG INN & SUITES,3538 SW MILITARY DR,0,0,0,0,0
2470003,MOTEL 6 UVALDE,924 E MAIN ST,1,1,1,1,1
2485107,AMERICAN INN & SUITES,3005 HOUSTON HWY,1,1,1,0,0
2486101,EXECUTIVE INN,1395 DEL RIO BLVD,0,0,0,0,0
2492801,ALICE MOTOR INN,500 S US HIGHWAY 281,0,0,0,0,0
2494613,BUDGE INN,704 N RICE ST,0,0,0,0,0
2501834,GARDEN INN & SUITES,10933 HARRY HINES BLVD,0,0,0,0,0
2508014,ANCHOR MOTEL,10230 HARRY HINES BLVD,0,0,0,0,0
2509011,BEST WESTERN OF EMORY,1026 E LENNON DR,1,1,1,1,1
2510946,GARDEN INN MOTEL,2907 W TRAVIS ST,0,0,0,0,0
2531251,HASKELL INN,115 S AVENUE E,0,0,0,0,0
2531544,SUPER 8,16222 NORTH FWY,1,1,1,1,1
2533204,HILTON GARDEN INN EL PASO,6650 GATEWAY BLVD E,1,1,1,1,1
2533205,HILTON GARDEN INN - FT WORTH,912 NORTHTON ST,1,1,1,1,1
2554348,HOLIDAY INN HOTEL & SUITES SAN ANTONIO NORTHWEST,5535 UNIVERSITY HTS,1,1,1,1,1
2554747,HOLIDAY INN EXPRESS & SUITES,500 S WASHINGTON ST,1,1,1,1,1
2554751,HOWARD JOHNSON INN,5108 INTERSTATE 27,1,1,1,1,1
2555728,THE ROSEN HOUSE INN,1714 S HENDERSON ST,0,0,0,0,0
2555785,QUALITY INN & SUITES,1027 N EARL RUDDER FWY,1,1,1,1,1
2555835,SQUARE INN,110 OAK DR,0,0,0,0,0
2556478,LA QUINTA INN AND SUITES,6015 E END BLVD S,1,0,1,1,0
2557187,BUDGET INN AND SUITES,203 W YORK ST,1,1,1,1,1
2559732,STOCKMAN MOTEL,211 S SMITH AVE,0,0,0,0,0
2589674,HOTEL BEAUMONT AND EVENT CENTER,2525 N 11TH ST,0,0,0,0,0
2614542,TEXAN INN,1102 TEXAS ST,1,1,1,1,1
2621261,HOLIDAY INN EXPRESS HOTEL & SUITES,126 MIDDLE BUSTER RD,1,1,1,1,1
2622345,BEST WESTERN PLUS,205 BUSINESS PARK BLVD,1,1,1,1,1
2625597,MOTEL 6,1100 W MAIN ST,1,1,1,1,1
2627741,STAYBRIDGE SUITES,36 WESTERN PLAZA DR,1,1,1,1,1
2640831,EAGLE'S DEN,5842 HWY 281,0,0,0,0,0
2640835,EAGLE'S DEN,638 N BAYLOR,0,0,0,0,0
2641748,FAIRFIELD INN & SUITES AMARILLO AIRPORT,1740 AIRPORT BLVD,1,1,1,1,1
2642691,QUALITY INN AND SUITES,415 N SUNSET STRIP ST,1,1,1,1,1
2642905,SUPER 8,2386 SE LOOP,1,1,1,1,1
2643497,BOSTONIAN MOTOR INN,703 N MCCOY BLVD,0,0,0,0,0
2643736,BEST WESTERN EULESS,421 AIRPORT FWY,1,1,1,1,1
2643822,CROSSROADS HOTEL,3135 E JOHN CARPENTER FWY,0,0,0,0,0
2648186,EXECUTIVE INN,920 US HIGHWAY 271 S,0,0,0,0,0
2650422,NEW ROAD INN,4000 INTERSTATE 35 S,0,0,0,0,0
2650489,QAKRIDGE MOTOR INN,205 W I 10 FRONTAGE RD,1,1,1,0,0
2673301,MOONLIGHT SUITES,15355 W HARDY RD,0,0,0,0,0
2685183,WALNUT INN,2611 WALNUT HILL LN,0,0,0,0,0
2701294,BUDGET INN,1303 W BROADWAY,0,0,0,0,0
2711728,LUXURY INN AND SUITES,2125 E HIGHWAY 190,0,1,1,0,0
2712053,STAYBRIDGE SUITES HOUSTON IAH,1910 N SAM HOUSTON PKWY E,1,1,1,1,1
2724106,SHERMAN INN,1831 TEXOMA PKWY,0,0,0,0,0
3153465,DELUXE INN & SUITES,601 N WEST GATE DR,0,1,1,0,0
3161392,COMFORT SUITES,12 WESTERN PLAZA DR,1,1,1,0,1
3167590,THE HILLS MOTEL,1520 MAIN ST,0,0,0,0,0
3170160,ROSE CITY MOTEL,3209 W GENTRY PKWY,0,0,0,0,0
3177717,DELUXE INN,215 N BROADWAY ST,0,1,1,0,0
3191802,RESIDENCE INN HOUSTON BARKER CYPRESS,1550 BARKER CYPRESS RD,1,1,1,1,1
3205312,RELAX INN,2107 SECOND ST,0,0,0,0,0
3221164,VILLAGE INN MOTEL,203 1-45 NORTH,0,0,0,0,0
3224442,LONE STAR INN,700 W YOUNG ST,0,0,0,0,0
3225200,WESTERN INN,625 S COLUMBIA DR,0,0,0,0,0
3226629,SUPER 8 - COTULLA,669 N BAYLOR,1,1,1,1,1
3236579,CROWNE PLAZA GALLERIA AREA,7611 KATY FWY,1,1,1,1,1
3241519,MICROTEL INN & SUITES,6 ROUNDVILLE LN,1,1,1,1,1
3243993,GREYSTONE INN,1810 HWY 380,0,0,0,0,0
3244099,EXECUTIVE INN & SUITES,1750 MAURINE ST,0,0,0,0,0
3248339,SEA SHELL INN,202 KLEBERG PL,0,0,0,0,0
3250786,FLAMINGO MOTEL,1741 CENTRAL BLVD,0,0,0,0,0
3250867,GRAN MANSION,1801 CENTRAL BLVD,0,0,0,0,0
3255006,TEXAS INN,16939 EAST FWY,1,1,1,1,1
3256948,THE LODGE ON SERENITY COVE,100 TEJAS,0,0,0,0,0
3263489,SLEEP INN & SUITES,14004 OWEN TECH BLVD,1,1,1,1,1
3263631,SUPER 8 - DILLEY,16301 S INTERSTATE HIGHWAY 35,1,1,1,1,1
3291447,TOWNEPLACE SUITES,5508 DEAUVILLE,1,1,1,1,1
3319902,THE LASSO MOTEL,125 S HIGHWAY 87,0,0,0,0,0
3329331,REGENCY INN,2007 N MAIN ST,0,0,0,0,0
3346006,PALACE INN 290 & HWY 6,9323 POINT SIX CIR,1,1,1,1,1
3354687,SUPER 8,5101 E PARKWAY ST,1,1,1,1,1
3358115,HOLIDAY INN EXPRESS & SUITES AUSTIN NW- LAKEWAY,15707 OAK GROVE BLVD,1,1,1,1,1
3378444,ROOSEVELT INN,2122 ROOSEVELT AVE,0,0,0,0,0
3382316,CRYSTAL PALACE INN,1303 TAHOKA ROAD,1,1,1,1,1
3389903,TOWNE PLACE SUITES,2033 N VETERANS BLVD,1,1,1,1,1
3393901,HILTON GARDEN INN HOUSTON NORTHWEST,14919 NORTHWEST FWY,1,1,1,1,1
3397342,FIREHOUSE HOSTEL,605 BRAZOS ST,0,0,0,0,0
3400722,BUDGET HOST INN,3720 TANACROSS DR,1,1,1,1,1
3411516,RELAX INN,402 S PINE ST,0,0,0,0,0
3418036,ROYAL INN OF ABILENE,5695 S 1ST ST,0,0,0,0,0
3420283,SATELLITE MOTEL,2921 CLOVIS RD,0,0,0,0,0
3432111,CANVAS HOTEL DALLAS,1325 S LAMAR ST,0,0,0,0,0
3436944,LUXURY INN,2003 W 2ND ST,0,1,1,0,0
3445265,EAGLE DEN,122 LOOP 512,0,0,0,0,0
3451672,PEARSALL INN & SUITES,1707 W COMAL ST,0,0,0,0,0
3464027,RIO VISTA RESORT,234 RIO VISTA DR,1,1,1,1,1
3501792,MICROTEL INN & SUITES ODESSA,4300 E 50TH ST,1,1,1,1,1
3502306,DOWNTOWNER INN & SUITES,7117 MONROE RD,1,0,1,1,0
3505865,LONE STAR COURT,10901 DOMAIN DR,0,1,1,0,1
3506549,LAKEVIEW HOTEL,1 BRIGID CT,1,1,1,0,0
3507298,BUDGET INN,2128 W 3RD ST,0,0,0,0,0
3507461,HILTON GARDEN INN - TEXARKANA,2910 S COWHORN CREEK LOOP,1,1,1,1,1
3508526,MICROTEL INN & SUITES BUDA,1285 CABELAS DR,1,1,1,1,1
3509966,DISCOVERY INN,825 E I 30,0,0,0,0,0
3513036,OAKDALE PARK,1019 NE BIG BEND TRL,0,0,0,0,0
3518825,BEST WESTERN MIDLAND SUITES,601 E INTERSTATE 20,1,1,1,1,1
3523356,HAMPTON INN & SUITES AUSTIN  @ THE UNIVERSITY/CAPI,1701 LAVACA ST,1,1,1,1,1
3523426,BEST WESTERN PLUS GOLIAD,754 E PEARL ST,1,1,1,1,1
3528587,CANDLEWOOD SUITES SAN MARCOS,600 WONDER WORLD DR,1,1,1,1,1
3529147,HAMPTON INN,301 S HALL ST,1,0,1,1,0
3530783,HAMPTON INN,6401 W HIGHWAY 290,1,0,1,1,0
3530955,LA QUINTA INN & SUITES,1910 10TH ST,1,0,1,1,0
3531459,HYATT PLACE AUSTIN DOWNTOWN,211 E 3RD ST,1,1,1,1,1
3533448,STUDIO 6,2502 HIGHWAY 62 N,1,1,1,1,1
3534441,RELAX INN,1230 WEST US HIGHWAY 84,0,0,0,0,0
3539721,MOTEL 6,2739 W NORTHWEST LOOP 323,1,1,1,1,1
3540746,BUNGALOW IN BANDERA,310 10TH ST,0,0,0,0,0
3542688,BRADFORD INN,3601 W WALL ST,0,0,0,0,0
3543771,BUDGET INN,1600 INTERSTATE HIGHWAY 30,0,0,0,0,0
3564283,HOME2 SUITES BY HILTON - FRISCO,2000 PARKWOOD BLVD,1,1,1,1,1
3564333,LUXURY INN,3131 TIDWELL RD,0,1,1,0,0
3567152,DOUBLE U BARR RANCH,1016 LIVE OAK RDG,0,0,0,0,0
3569676,VICTORIAN INN,1803 STATE HIGHWAY 31 E,0,0,0,0,0
3572152,MICROTEL INN AND SUITES EAGLE PASS,2352 EL INDIO HWY,1,1,1,1,1
3574793,COUNTRYSIDE INN,501 E FAIR ST,0,0,0,0,0
3577779,KILLEEN MARRIOTT COURTYARD,1721 E CENTRAL TEXAS EXPY,1,1,1,1,1
3578868,ROYAL INN,5118 INTERSTATE HIGHWAY 30,0,0,0,0,0
3580996,VALUE PLACE CORPUS CHRISTI,1026 S PADRE ISLAND DR,1,1,1,1,1
3584883,SCOTTISH INN,7012 SOUTH FWY,1,1,1,1,1
3590303,RANCH HOUSE INN & SUITES,1902 S 1ST ST,0,0,0,0,0
3595531,SAGAMAR INN,2107 N MAIN ST,1,1,1,1,1
3604539,BELEMONT INN & SUITES,858 N HILL ST,0,0,0,0,0
3610261,LIVING WATERS ON LAKE TRAVIS,24315 PEDERNALES DR,0,0,0,0,0
3610742,BOCA CHICA INN & SUITES,3280 BOCA CHICA BLVD,0,0,0,0,0
3617570,EXECUTIVE INN,901 E DICKINSON BLVD,0,0,0,0,0
3627162,HOLIDAY INN EXPRESS AND SUITES,2205 BARKER OAKS DR,1,1,1,1,1
3632520,BEST INN,7440 MEMORIAL BLVD,1,1,1,1,1
3632606,ALPINE LODGING,2000 E HIGHWAY 90,0,1,1,0,0
3637404,SAN LUIS PASS COUNTY PARK,14001 COUNTY ROAD 257,0,1,1,0,1
3655685,BEST WESTERN HOTEL,1917 W OAKLAWN RD,1,1,1,1,1
3666681,STRATFORD HOUSE INN & SUITES,1912 S 31ST ST,0,0,0,0,0
3746944,DEER LAKE LODGE,10500 DEER LAKE LODGE RD,0,0,0,0,0
3786584,ZIP INN,206 BROTHER JOHN RD,0,0,0,0,0
3806605,TEXAN INN,1801 W DICKINSON BLVD,0,0,0,0,0
3813911,HAMPTON INN,2057 W OAKLAWN RD,1,0,1,1,0
3820130,RAFTER ELEVEN LLC,4964 N US HWY 83,0,0,0,0,0
3823752,MCKINNEY INN,1431 N TENNESSEE ST,0,0,0,0,0
3824572,EXECUTIVE INN,1005 HUTCHINS AVE,0,0,0,0,0
3836439,INTOWN SUITES MILLS ROAD L P,8735 FM 1960 RD W,1,1,1,1,1
3844106,VALUE PLACE - ODESSA,7051 TRES HERMANAS BLVD,1,1,1,1,1
3847949,SUNRISE INN,4312 STATE HIGHWAY 42,0,0,0,0,0
3859686,THE FERRARI INN,1495 INDUSTRIAL DR E,0,0,0,0,0
3870813,RELAX INN,800 HIGHWAY 59 LOOP S,0,0,0,0,0
3874731,HAPPY PLACE,10811 TERMINI SAN LUIS PASS RD # 1206,0,0,0,0,0
3895492,"SETTLES HOTEL COMPANY, LLC",200 E 3RD ST,0,0,0,0,0
3906721,LA QUINTA INN & SUITE,101 S FRONTAGE RD,1,0,1,1,0
3908010,RODEWAY AUSTIN,6201 E HIGHWAY 290,1,1,1,1,1
3915533,TRAVELERS WORLD_RV RESORT,2617 ROOSEVELT AVE,0,0,0,0,0
3929805,PREMIER INN,10341 EAST FWY,0,1,1,0,0
3935770,LASKER INN,1019 16TH ST,0,0,0,0,0
3961644,TEXAS INN MOTEL,6675 EASTEX FWY,0,0,0,0,0
3977838,YORKTOWN INN AND SUITES,949 W MAIN ST,0,0,0,0,0
3989925,BALMORHEA STATE PARK,9207 STATE HIGHWAY 17,0,0,0,0,0
3990331,HAMPTON INN,2714 E MAIN ST,1,0,1,1,0
4004058,RAYBURN COUNTRY RESORT,2376 WINGATE BLVD,0,0,0,0,0
4007087,SHELL MOTEL,778 MARKET STREET,0,0,0,0,0
4007558,DIAMOND H RIVER RESORT LLC,5322 STATE HIGHWAY 16 N,0,0,0,0,0
4007976,DENVER CITY MOTEL,411 HWY 214 SOUTH,0,0,0,0,0
4009701,STUDIO 6,2180 HIGHWAY 59 E,1,1,1,1,1
4027183,STUDIO 6,1167 W OAKLAWN RD,1,1,1,1,1
4027503,HOTEL TEXAS,2400 N ESPLANADE ST,0,0,0,0,0
4035459,TRI-STATE MOTEL,1020 LIBERAL ST,0,0,0,0,0
4041697,SANDS MOTEL,301 LIBERAL ST,0,0,0,0,0
4044522,COURTYARD GALVESTON ISLAND,9550 SEAWALL BLVD,1,1,1,1,1
4052469,DALLAS/ARLINGTON KOA,2715 S COOPER ST,0,0,0,0,0
4053112,TOWNPLACE SUITES GALVESTON ISLAND,9540 SEAWALL BLVD,1,1,1,1,1
4053483,SOUTHERN INN AND SUITES,501 N SUNSET STRIP ST,0,0,0,0,0
4055298,SOUTHERN INN & SUITES,1241 STATE HIGHWAY 72 W,0,0,0,0,0
4056166,"HOME2 SUITES AUSTIN/CEDAR PARK, TX",14022 N HIGHWAY 183,1,1,1,1,1
4056529,BLUFF'S LANDING MARINA AND LODGE,4226 LAGUNA SHORES RD,0,1,1,0,0
4057691,DAYS INN,6203 DAIRY RD,1,1,1,1,1
4060043,BUDGET INN,901 E OAK ST,0,0,0,0,0
4060745,BLACKGOLD INN,207 US HIGHWAY 77A S,0,0,0,0,0
4076592,DELUXE INN,1701 N SWENSON ST,0,1,1,0,0
4076738,VARSITY INN MOTEL,1004 E 1ST ST,0,0,0,0,0
4090878,AMERICAN INN & SUITES,2501 N MAIN ST,1,1,1,0,0
4096387,HOMEWOOD SUITES,6705 NE ZAC LENTZ PKWY,1,1,1,1,1
4101871,PARK FOREST INN,11535 PLANO RD,0,0,0,0,0
4103010,GERONIMO CREEK RETREAT,2050 LAUBACH RD,0,0,0,0,0
4107446,AMERISTAY INN & SUITES,108 N 1ST ST,1,1,1,0,0
4116457,GARDEN INN & SUITES,3698 HWY 96 N,0,0,0,0,0
4134555,TRAVEL INN & SUITES,801 LOOP 59,1,0,1,1,0
4136717,PALACE INN NORTHWEST,3421 ANTOINE @ 34TH,1,1,1,1,1
4137420,TOWN INN,6103 NORTH FWY,0,0,0,0,0
4154595,PALACE INN MLK,4821 SOUTH LOOP E,1,1,1,1,1
4155126,TOWER MOTEL,3417 S 1ST ST,0,0,0,0,0
4155980,COUNTRY INN MOTEL,2644 SW LOOP 410,0,0,0,0,0
4156733,KNIGHTS INN,1000 W 4TH ST,1,1,1,1,1
4171341,RESIDENCE INN,7261 TRES HERMANAS BLVD,1,1,1,1,1
4172547,HILTON GARDEN INN,123 HUVAR ST,1,1,1,1,1
4174686,SAFARI INN,3640 LEOPARD ST,0,0,0,0,0
4178029,MAGNUSOM HOTEL,2207 CULVER ST,1,1,1,0,1
4185922,SAISREDHA LLC,312 N PATRICK ST,0,0,0,0,0
4191825,HOMEWOOD SUITES - FT WORTH,2200 CHARLIE LN,1,1,1,1,1
4191834,LUXURY INN,5606 S R L THORNTON FWY,0,1,1,0,0
4222523,BEST WESTERN PLUS NORTH ODESSA INN & SUITES,7001 TRES HERMANAS BLVD,1,1,1,1,1
4222595,BEST WESTERN PLUS SEMINOLE HOTEL & SUITES,308 S MAIN ST,1,1,1,1,1
4227633,KENEDY COUNTRY LNN,320 S SUNSET STRIP ST,0,0,0,0,0
4227634,TILDEN COUNTRY INN,301 ELM ST,0,0,0,0,0
4232672,CANDLEWOOD SUITES,18 WESTERN PLAZA DR,1,1,1,1,1
4268354,HAMPTON INN & SUITES,2208 STATE HIGHWAY 361,1,1,1,1,1
4270240,THE LODGE AT KENEDY,301 W STATE HIGHWAY 72,0,0,0,0,0
4301662,AMERICANA INN,14387 GATEWAY BLVD W,1,1,1,0,0
4301689,"RIVERBLUFF CABINS PROPERTIES, LLC",389 COOPER MOUNTAIN RD,0,1,1,0,0
4337513,HALLMARK INN & SUITES,4500 E CENTEX EXPY,0,0,0,0,0
4343735,HOSPITALITY HOUSE,528 S SAUNDERS AVE,0,0,0,0,0
4348625,VINEYARDS CAMPGROUND,1501 N DOOLEY ST,0,0,0,0,0
4350760,CANDLEWOOD SUITES ODESSA,750 S JOHN BEN SHEPPERD PKWY,1,1,1,1,1
4374308,EXECUTIVE INN & SUITE,3701 CHANDLER HWY,0,0,0,0,0
4375419,EXECUTIVE INN AND SUITES,124 S JEFFERSON ST,0,0,0,0,0
4377785,MOTEL ONE,2925 E US HIGHWAY 80,0,1,1,0,0
4408160,HOLIDAY INN EXPRESS,2027 SE LOOP 410,1,1,1,1,1
4410864,WYNDHAM GARDEN HOTEL TEXARKANA,5301 N STATE LINE AVE,1,0,1,1,0
4413521,JACKSON INN,1131 US HIGHWAY 59 S,0,1,1,0,0
4414179,PALACE INN,11450 TELEPHONE RD,1,1,1,0,0
4424708,FREER MOTEL,808 E RILEY,0,0,0,0,0
4432453,MICROTEL INN & SUITES GONZALES,2019 WATER ST,1,1,1,1,1
4451261,QUALITY INNS SUITES SIX FLAGS AREA,2626 E RANDOL MILL RD,1,1,1,1,1
4452115,THE EXECUTIVE INN AND SUITES,2100 S COULTER ST,0,0,0,0,0
4453978,GARDEN INN,1600 N SMITH AVE,0,0,0,0,0
4461190,CASA ROYAL INN,1500 W 11TH ST,0,0,0,0,0
4498756,GARLAND INN AND SUITES,3625 LEON RD,0,0,0,0,0
4545550,EAGLE FORD VILLAGE SUITES DILLEY LLC,1230 COUNTY ROAD 3800,0,0,0,0,0
4547493,BUDGET SUITES OF AMERICA TX-342,5289 HWY 121,1,1,1,0,0
4547662,SLEEP INN AND SUITE NORTHEAST AUSTIN,8410 E HIGHWAY 290,1,1,1,1,1
4547665,HILTON GARDEN INN,1301 N LOOP 250 W,1,1,1,1,1
4548654,GRAND EAGLE FORT LODGE,1491 HWY 72,0,0,0,0,0
4549996,SPA CASTLE,1020 RAIFORD RD,0,1,1,0,1
4551372,LA QUINTA INN & SUITES-HOUSTON WEST ROAD,9034 W SAM HOUSTON PKWY N,1,0,1,1,0
4551372,LA QUINTA INN & SUITES,9034 W SAM HOUSTON PKWY N,1,0,1,1,0
4563458,RESERVE AT LAKE TRAVIS CYPRESS CLUB,2208 SEABISCUIT CV # 132,0,0,0,0,0
4564064,777 RANCH,1829 COUNTY ROAD 432,0,0,0,0,0
4572656,CANDLEWOOD SUITES,1471 N INTERSTATE 35,1,1,1,1,1
4582191,LA QUINTA INN & SUITES,110 BMT DR,1,0,1,1,0
4584625,TOWNEPLACE SUITES/MARRIOTT,2200 BASS PRO CT,1,1,1,1,1
4591018,PECAN PARK,50 SQUIRREL RUN,0,0,0,0,0
4593946,IRON HORSE INN,616 THORPE SPRINGS RD,0,0,0,0,0
4601559,SUN HOMES,1120 W LOOP 1604 N,0,0,0,0,0
4605600,TWEETY'S 9 INN,11920 ALMEDA RD,0,0,0,0,0
4607626,LOTUS INN,3510 TELEPHONE RD,0,0,0,0,0
4609960,BUDGET INN,1621 S AUSTIN AVE,0,0,0,0,0
4660125,BRAZOS INN,3113 HIGHWAY 21 E,1,1,1,1,1
4675783,HAMPTON INN & SUITES,659 N BAYLOR,1,0,1,1,0
4685786,PALACE INN,14029 NORTHWEST FWY,1,1,1,1,1
4697314,DAYS INN & SUITES,2131 WATER ST,1,1,1,1,1
4697341,DELUXE INN AIRPORT,3201 S 10TH ST,0,1,1,0,0
4697863,EXECUTIVE INN & SUITES,1905 E MARSHAL AVE,0,0,0,0,0
4699599,"TEXARKANA LODGING, LLC",3900 SAINT MICHAEL DR,0,0,0,0,0
4701112,MOTEL 6 # 8641,1700 10TH ST,1,1,1,1,1
4703361,EL MIO MOTEL,3555 ROOSEVELT AVE,0,0,0,0,0
4713226,1821 E SARAH DEWITT DRIVE/TEXAS LODGE,1821 E SARAH DEWITT DR,0,0,0,0,0
4713234,"1910 STATE HOTEL, LLC",702 4TH AVE,0,0,0,0,0
4723629,DOWNTOWNER MOTEL,104 E GOODWIN ST,0,0,0,0,0
4725731,HOLIDAY INN EXPRESS HOTEL & SUITES,10711 RESEARCH BLVD,1,1,1,1,1
4728968,VILLA TELINGUA,100 GUADALUPE LOOP,0,0,0,0,0
4742699,HOLIDAY INN EXPRESS LUBBOCK WEST,6023 45TH ST,1,1,1,1,1
4748842,HEART OF TEXAS LAKE LBJ RESORT,408 CLEN OAK PKWY,0,0,0,0,0
4763827,STARLIGHT CANYON PROPERTY HOLDING LLC,100 BRENTWOOD RD,0,1,1,0,1
4784902,THE HOLIDAY INN EXPRESS,4268 S HIGHWAY 181,1,1,1,1,1
4799065,COURTYARD BY MARRIOTT,2200 BASS PRO DR,1,1,1,1,1
4799071,HOLIDAY INN EXPRESS & SUITES,200 HEINRICH ST,1,1,1,1,1
4860246,PLAZA INN & SUITES,1901 W TYLER AVE,0,0,0,0,0
4945639,BUDGET HOST INN,901 S DALLAS AVE,1,1,1,1,1
4962319,HOLIDAY INN EXPRESS,929 10TH ST,1,1,1,1,1
4974171,CANDLEWOOD SUITES,1902 S STOCKTON AVE,1,1,1,1,1
4987906,TRUEHEART HOSPITALITY LLC,201 N LLANO ST,0,0,0,0,0
5000339,TEXAS INN,7051 PADRE ISLAND HWY,1,1,1,0,1
5000421,BAYMONT INN & SUITES,8107 NE ZAC LENTZ PKWY,1,0,1,1,0
5001344,QUALITY INN & SUITES,2611 N HIGHWAY 83,1,1,1,1,1
5039573,VALUE PLACE BRYAN,620 N EARL RUDDER FWY,1,1,1,1,1
5039624,MYSTIC HILLS COTTAGE,10520 RANCH ROAD 12,0,0,0,0,0
5039870,HILTON GARDEN INN COLLEGE STATION,3081 UNIVERSITY DR E,1,1,1,1,1
5060999,ANTLER OAKS LODGE & R.V. RESORT,3862 STATE HIGHWAY 16 N,0,0,0,0,0
5111200,BUDGET HOST - BLARNEY INN,402 E 12TH ST,0,0,0,0,0
5113687,AUSTIN LONE STAR RV RESORT,7009 S INTERSTATE 35,0,0,0,0,0
5121781,WINGATE BY WYNDHAM SEMINOLE,1103 HOBBS HWY,1,1,1,1,1
5223495,AMERICA'S BEST VALUE INN,4105 19TH ST,1,1,1,1,1
5272162,BUDGET INN,336 W COMMERCE ST,0,0,0,0,0
5279880,CATALINA HOTEL,4333 OCEAN DR,0,0,0,0,0
5279924,MICROTEL INN & SUITES BY WYNDHAM,1311 BRUSCH COUNTRY LN,1,1,1,1,1
5288394,THE SOLUNA HOTEL,5640 E PAISANO DR,0,1,1,0,1
5293367,COUNTRY SUNSHINE,1601 S AIRPORT DR,0,0,0,0,0
5293588,ALAMO PALMS MOBILE HOME & RV PARK,1341 W US HIGHWAY 83,0,0,0,0,0
5298049,SOUTHMORE MOTEL,3528 SOUTHMORE BLVD,0,0,0,0,0
5305638,BEST BUDGET INN,1410 S GASTON ST,0,0,0,0,0
5324493,DRIFTER JACK'S HOSTEL,2602 GUADALUPE ST,0,1,1,0,1
5327804,GOLD INN,905 DOWDY FERRY RD,0,0,0,0,0
5415071,HIGH FIVE INN,609 S W S YOUNG DR STE B,0,0,0,0,0
5416580,WOODLAND INN & SUITES,4814 AVENUE H,0,0,0,0,0
5416592,VIVA INN,1904 E PIONEER PKWY,0,0,0,0,0
5485852,ROYAL INN & SUITES,6950 MARVIN D LOVE FWY,0,0,0,0,0
5486413,JOSHUA CREEK RANCH,132 CRAVEY RD,0,0,0,0,0
5512785,VACATION RESORTS INTERNATION,14300 ALOHA ST APT 125,1,1,1,1,1
5522589,HOMEWOOD SUITES LACKLAND AIRFORCE BASE/SEA WORLD,215 RICHLAND HILLS DR,1,1,1,1,1
5528339,MICROTEL INN & SUITES BY WYNDHAM,499 N INTERSTATE 35,1,1,1,1,1
5532439,BUDGET INN,804 S ALAMO ST,0,0,0,0,0
5534369,HEIGHTS INN,410 W VETERANS MEMORIAL BLVD,0,0,0,0,0
5538563,BEACH TREE MOTEL,3126 AVENUE S,0,0,0,0,0
5541410,"PENINSULA RANCH & LODGING, LLC",7873 FM 2101,0,0,0,0,0
5544462,HOLIDAY INN EXPRESS,108 W 19TH ST,1,1,1,1,1
5544635,APPLE INN,150 W ANN ARBOR AVE,0,0,0,0,0
5551125,COMFORT SUITES,7707 W SAM HOUSTON PKWY S,1,1,1,1,1
5552516,DELUX INN MOTEL,102 NE 10TH ST,0,1,1,0,0
5555135,EMBASSY SUITES CORPUS CHRISTI,4337 S PADRE ISLAND DR,1,1,1,1,1
5555768,CAMP COMFORT,601 WATER ST,0,1,1,0,1
5558375,BEST WESTERN PLUS,3230 FOREST HILL CIR,1,1,1,1,1
5558485,COMFORT INN & SUITES,402 S TEXAS DR,1,1,1,1,1
5559425,DEL RIO BUDGET,3808 VETERANS BLVD,1,1,1,1,1
5561605,COMFORT SUITES,617 LAS PALMAS BLVD,1,1,1,1,1
5562432,DELUX INN,1505 1ST ST,0,1,1,0,0
5567739,HIGHLANDS SUITES,1407 S MAIN ST,0,0,0,0,0
5571167,GREAT WESTERN INN,4709 SPENCER HWY,1,1,1,1,1
5588563,SPRINGHILL SUITES,8401 ANGELS DR,1,1,1,1,1
5598087,HAMPTON INN,2651 N HIGHWAY 83,1,0,1,1,0
5602698,WYDHAM GARDEN,103 9TH ST,1,0,1,1,0
5608038,COTULLA MOBILE HOME PARK,632 N BAYLOR,1,1,1,0,0
5783604,RODEWAY INN,6107 BROADWAY ST,1,1,1,0,0
5784839,CASINO HOTEL INC,197 FM 2030,0,0,0,0,0
5790998,LONE STAR LODGE,1455 E US HWY 67,0,0,0,0,0
5795341,DELUX INN,3817 US HIGHWAY 80 E,1,1,1,1,1
5871299,AMERICAS BEST VALUE INN,3531 N ESPLANADE HWY 183,1,1,1,1,1
5888188,JW MARRIOTT HOUSTON DOWNTOWN,806 MAIN ST,1,1,1,1,1
5951655,CAMBRIA SUITES PLANO,7500 PARKWOOD BLVD,0,0,0,0,0
5960523,DAYS INN & SUITES,8712 SEAWALL BLVD,1,1,1,1,1
5991450,AMERICA'S BEST VALUE INNS & SUITES,846 CENTER ST,0,0,0,0,0
5992168,BELAIR MOTEL,724 N JOHNSON ST,0,0,0,0,0
5992861,BEST BUDGET INN,204 S SUNSET STRIP ST,0,0,0,0,0
5992985,ECONOMY INN,2701 W AMERICAN BLVD,0,0,0,0,0
5994514,BUDGET INN,231 STEWART PL,0,0,0,0,0
5994569,SAWAN LLC,100 STATE HIGHWAY 43 E,0,0,0,0,0
5994701,EXECUTIVE INN,1000 S MIDKIFF RD,0,0,0,0,0
5994704,BUDGET INN,1700 INTERSTATE 35 S,0,0,0,0,0
5998830,BUDGET INN,2802 N HIGHWAY 84,0,0,0,0,0
5998854,BUDGET INN,3206 W FRONT ST,0,0,0,0,0
5998934,BUDGET INN,500 CIRCLE DR,0,0,0,0,0
5999294,BUDGET INN,3900 S INTERSTATE HIGHWAY 45,0,0,0,0,0
5999317,BUDGET INN,716 S 14TH ST,0,0,0,0,0
5999484,CAPRI MOTEL,834 N DUMAS AVE,0,0,0,0,0
5999509,CHAPARRAL MOTEL,2086 STATE HIGHWAY 35 N,0,0,0,0,0
5999635,CHAPARRAL MOTEL,3401 US HIGHWAY 59 N,0,0,0,0,0
6000628,CROWN INN,115 W BROADWAY ST,0,0,0,0,0
6000781,DELUXX INN,2615 ROYAL LN,0,1,1,0,1
6000790,DELUTE INN,2445 REED RD,0,1,1,0,0
6000808,DELUX INN,3901 GUS THOMASSON RD,1,1,1,1,1
6000854,DELUX INN,4451 S FREEWAY,0,1,1,0,0
6000904,DELUXE INN,11720 GATEWAY BLVD E,0,1,1,0,0
6001361,QUALITY INN,1307 AVENUE A,0,0,0,0,0
6001383,ECONOMY INN,1415 S 14TH ST,0,0,0,0,0
6001635,ECONOMY INN,713 E SAM RAYBURN DR,0,0,0,0,0
6001643,ECONOMY INN,3301 MINEOLA HWY,0,0,0,0,0
6001676,ECONOMY INN,614 N 4TH ST,0,0,0,0,0
6001767,EXECUTIVE INN AND SUITES,103 HARMONY HILL DR,0,0,0,0,0
6001770,EXECUTIVE INN & SUITES,1515 W WHEELER AVE,0,0,0,0,0
6001787,EXECUTIVE INN,1650 E INTERSTATE 20,0,0,0,0,0
6001871,EXPRESS INN MOTEL,301 US HIGHWAY 59 S,0,0,0,0,0
6001873,PARIS EXTENDED STAY SUITES,1518 LAMAR AVE,0,0,0,0,0
6002141,GARDEN INN OF NEW BRAUNFELS,1051 N BUSINESS IH 35,0,0,0,0,0
6002601,GARDEN INN,4221 TIDWELL RD,0,0,0,0,0
6002608,ROSE GARDEN INN,10930 ALMEDA RD,0,0,0,0,0
6012764,HILL CREST MOTEL,1699 E MAIN ST,0,0,0,0,0
6020436,LAKE COUNTRY INN MOTEL,800 S ROBB ST,0,0,0,0,0
6022219,VIJAY PATEL,2805 STATE HIGHWAY 35 S,0,0,0,0,0
6022494,IMPERIAL MOTEL,221 W 2ND,0,1,1,0,1
6022637,LAKE COUNTRY INN,701 SAN AUGUSTINE ST,0,0,0,0,0
6022679,LONE STAR INN,3236 W GENTRY PKWY,0,0,0,0,0
6022682,LUXURY INN,210 S SUNSET STRIP ST,0,1,1,0,0
6023399,LONE STAR INN,501 E HURST BLVD,0,0,0,0,0
6024457,METRO INN,3708 W WALL ST,1,1,1,0,0
6025313,PALACE INN-ALAMO,714 N ALAMO RD,0,0,0,0,0
6025316,LA COPA INN,3575 W ALTON GLOOR BLVD,0,0,0,0,0
6025318,PALACE INN,545 FM 1960 RD E,1,1,1,0,0
6025338,PALACE INN,14170 GULF FWY,1,1,1,0,0
6025419,AIRPORT INN,200 N MEMORIAL FWY,0,0,0,0,0
6026019,ROYAL INN & SUITES,2645 W NORTHWEST LOOP 323,0,0,0,0,0
6026689,RELAX INN,1714 E HIGHWAY 190,0,0,0,0,0
6027646,REGENCY INN & SUITES,4934 ORANGE GROVE DR,0,0,0,0,0
6027675,REGENCY INN,2601 E 2ND ST,0,0,0,0,0
6027845,RELAX INN,4709 LUCKY LN,0,0,0,0,0
6027925,RELAX INN,807 N VICTORIA HWY,0,0,0,0,0
6028051,BUDGET INN,2207 S BUSINESS HIGHWAY 281,0,0,0,0,0
6028339,ROYAL INN,1190 E WASHINGTON ST,0,0,0,0,0
6028405,ROYAL INN,3004 HOUSTON HWY,0,0,0,0,0
6028503,TEXAS INN AIRPORT,601 S 10TH ST,0,0,0,0,0
6028645,SAHARA MOTEL,1423 E 2ND ST,0,0,0,0,0
6028646,SAHARA MOTEL,2610 CULEBRA RD,0,0,0,0,0
6028648,SANDS MOTEL,2000 N CHADBOURNE ST,0,0,0,0,0
6028723,SANDS MOTEL,227 W FERGUSON RD,0,0,0,0,0
6028726,SANDS MOTEL,6941 ALAMEDA,0,0,0,0,0
6028761,SIESTA HOTEL,4109 SAN BERNARDO AVE,0,0,0,0,0
6028880,SPORTSMAN'S MOTEL,203 BOOTHE DR,0,0,0,0,0
6028903,STAR MOTEL,1201 E FREDERIC AVE # 60E,0,0,0,0,0
6033027,SUMMIT INN,604 E HIGHWAY 90,0,0,0,0,0
6033098,SUNSET INN,3500 TELEPHONE RD,0,0,0,0,0
6033148,SUNSET INN MOTEL,405 STATE HIGHWAY 36 N,0,0,0,0,0
6033576,SUPER 7 INN,4433 SOUTH FWY,0,0,0,0,0
6033849,TEXAS INN MCALLEN,420 ASH AVE,0,0,0,0,0
6033963,TEXAS INN,1202 N MAIN ST,0,0,0,0,0
6033977,TOWNHOUSE MOTEL,2420 E GENTRY PKWY,0,0,0,0,0
6034008,TOWN HOUSE MOTEL LLC,1712 AVENUE F,0,0,0,0,0
6034022,BUDGET INN,1006 25TH ST,1,0,1,0,0
6034045,TRADE WINDS MOTEL,2014 AVENUE F NW,0,0,0,0,0
6034265,VALLY MOTEL,5330 LEOPARD ST,0,0,0,0,0
6034295,WESTERN MOTEL,104 E 12TH ST,0,0,0,0,0
6034300,WESTERN MOTEL,910 W BROWN ST,0,0,0,0,0
6073745,PALACE INN WESTPARK,3584 HIGHWAY 6 S,1,1,1,1,1
6104139,WHITE WING MOTEL,6383 S US HIGHWAY 83,0,0,0,0,0
6160248,ROBINSON INN & SUITES,1167 SUN VALLEY RD,0,0,0,0,0
6161700,COURTYARD BY MARRIOTT HOUSTON NW/HWY 290,6708 GESSNER RD,1,1,1,1,1
6211946,ROSEGARDEN SUITES,12420 S SAM HOUSTON PKWY W,0,0,0,0,0
6276142,BUDGET INN,508 S GREER BLVD,0,0,0,0,0
6353784,REDWOOD SUITES,11840 S SAM HOUSTON PKWY W,0,0,0,0,0
6367327,AMERICAN INN & RV PARK,9307 HIGHWAY 6,1,1,1,0,0
6372515,LAQUINTA INN & SUITES,2062 HIGHWAY 59 E,1,0,1,1,0
6374922,LA QUINTA INN & SUITES,2921 HIGHWAY 35 N,1,0,1,1,0
6390781,TRAVEL INN,302 E PINECREST DR,1,0,1,0,0
6390850,MORNING STAR INN & RV PARK,1501 W. 17T STREET,0,0,0,0,0
6398259,HAMPTON INN,3816 S GENERAL BRUCE DR,1,0,1,1,0
6401736,BUDGET INN,9417 ANDREWS HWY,0,0,0,0,0
6412559,HOLIDAY INN AUSTIN AIRPORT,6711 E BEN WHITE BLVD,1,1,1,1,1
6415630,SOUTHERN INN & SUITES,738 S EAST AVE,0,0,0,0,0
6416410,HILL COUNTRY INN,1805 E WALLACE ST,0,0,0,0,0
6419337,SUNBRIDGE INN & SUITES,388 MEDICAL DR,0,0,0,0,0
6419689,CAMELOT INN & SUITES,4705 N MCCARTY ST,1,1,1,0,0
6419978,HOLIDAY INNN EXPRESS & SUITES BROOKHOLLOW,4900 FEDERAL PLAZA DR,1,1,1,1,1
6420060,HOME PLACE INN,10000 MAIN ST,1,1,1,1,1
6427298,WHISPERING RV & CABIN RESORT,5583 FM 16 E,0,0,0,0,0
6432360,DAYS INN DILLEY,16361 S INTERSTATE HIGHWAY 35,1,1,1,1,1
6439277,HOLIDAY INN EXPRESS & SUITES,5619 FM 1960 RD E,1,1,1,1,1
6443202,BLACK GOLD MOTEL,12006 E FREDERIC AVE,0,0,0,0,0
6443325,ECONO LODGE,1495 INDUSTRIAL DR E # A,1,1,1,0,0
6453815,HOTEL FLORA AND FAUNA,400 RIVER RD,0,0,0,0,0
6464375,MICROTEL INN & SUITES KENEDY,333 N SUNSET STRIP ST,1,1,1,1,1
6467772,MICROTEL INN & SUITES,5204 S CEDAR ST,1,1,1,1,1
6467918,SPRINGHILL SUITES,15555 NORTH FWY,1,1,1,1,1
6468516,HILTON DALLAS/PLANO,5805 GRANITE PKWY,1,1,1,1,1
6475517,COMFORT INN & SUITES,6603 NE ZAC LENTZ PKWY,1,1,1,1,1
6485996,"MOLLARD PROPERTIES, LTD.",400 N QUEEN ST,0,0,0,0,0
6491556,COUNTRY HILL INN & SUITES,2297 DEL RIO BLVD,0,0,0,0,0
6496817,HOTEL COTULLA,51 N INTERSTATE 35,0,0,0,0,0
6499770,SHALE LODGE,2007 2ND ST,0,0,0,0,0
6499773,SHALE LODGE THREE RIVERS,2569 HWY 72,0,0,0,0,0
6499801,LAQUINTA INN AND SUITES WICHITA FALLS,2511 E MONTGOMERY PL,1,0,1,1,0
6503541,THE ROUTE 66 INN,800 E 12TH ST,0,0,0,0,0
6506206,MOTEL 6,1108 N STATE HIGHWAY 360,1,1,1,1,1
6506262,THE THORNTON INN BED AND BREAFAST,719 W ABRAM ST,0,0,0,0,0
6516285,PERMIAN LODGING,2801 SOUTH COUNTY ROAD 1188,0,0,0,0,0
6527686,AMERICAN INN,1800 W ERWIN ST,1,1,1,0,0
6528193,QUALITY INN & SUITES,5401 HOUSTON HWY,1,1,1,1,1
6530798,ALVIN EXTENDED STAY MOTEL,404 E HIGHWAY 6,0,0,0,0,0
6560979,WESTERN PECOS LODGE LLC,1705 W 4TH ST,0,0,0,0,0
6561590,HOLIDAY INN EXPRESS -20,900 CRUMP STREET,1,1,1,1,1
6563513,HOLIDAY INN DOWNTOWN HOUSTON,1616 MAIN ST,1,1,1,1,1
6566414,HOLIDAY INN GIFT SHOP,35 ALDINE BENDER RD,1,1,1,1,1
6575390,ROYAL INN,807 EARLY BLVD,0,0,0,0,0
6575473,HOLIDAY INN EXPRESS & SUITES,3371 N ESPLANADE ST,1,1,1,1,1
6579899,HOME2 SUITES BY HILTON SAN ANTONIO,94 NE LOOP 410,1,1,1,1,1
6592040,CANDLEWOOD SUITES,9225 S PADRE ISLAND DR,1,1,1,1,1
6603010,FISHERMAN`S MOTEL,40 FISHER ST,0,0,0,0,0
6609415,HOLIDAY INN EXPRESS AND SUITES,2603 GATEWAY DR,1,1,1,1,1
6609502,TOWNE PLACE SUITES BY MARRIOTT,2700 PORT PLAZA DR,1,1,1,1,1
6610193,CANDLEWOOD SUITES MIDLAND,110 E LONGVIEW AVE,1,1,1,1,1
6610589,HOLIDAY INN EXPRESS & SUITES AUSTIN SOUTH,701 E STASSNEY LN BLDG L,1,1,1,1,1
6617697,REDBUD INN,1501 FISHER STREET,0,0,0,0,0
6619276,ROMANTIC INN & SUITES,8504 S CENTRAL EXPY,0,0,0,0,0
6621380,PORT MANSFIELD SUNSET HOUSE MOTEL,1144 S PORT DR,0,0,0,0,0
6621938,"LAREDO MOTEL 6 MANAGEMENT COMPANY, L.L.C.",7124 ROSSON LN,1,1,1,1,1
6635784,BANDERA STRONGHOLD,615 DEER VLY,0,1,1,0,0
6643957,EVERKLEEN MOTEL,1306 ROOSEVELT AVE,0,0,0,0,0
6672275,EXECUTIVE INN,314 COLISEUM DR,0,0,0,0,0
6675950,HAWTHORNE SUITES,5750 SHERWOOD WAY,1,1,1,1,1
6675979,WOODFIELD INN,606 US HIGHWAY 77A S,0,0,0,0,0
6677199,BUDGET INN & SUITES,512 E RILEY,0,0,0,0,0
6678101,COUNTRY INN & SUITES,25218 MARKET PLACE DR,1,1,1,1,1
6678461,COURTYARD BY MARRIOTT-VICTORIA,8002 N NAVARRO ST,1,1,1,1,1
6688042,YONDER INN,2201 NW FRONTAGE RD,0,0,0,0,0
6695287,BANDERA TIN STAR,1143 LACEY DR,0,0,0,0,0
6700618,COMFORT INN MIDLAND,910 W INTERSTATE 20,1,1,1,0,1
6712199,TRAVELERS INN,401 S SAM RAYBURN FWY,0,0,0,0,0
6717491,RED ROOF INN,200 GOLF COURSE DR,1,1,1,1,1
6721018,WEST 1077,9061 BANDERA CREEK RD,0,0,0,0,0
6726649,BLANCO RIVERSIDE COTTAGES & SPA,20 MAIN ST,0,0,0,0,0
6728916,"ROCKER B HOSPITALITY, LLC",1125 CHANEY LN,0,0,0,0,0
6731627,HAMPTON INN & SUITES,12055 GATEWAY BLVD W,1,1,1,1,1
6735989,SUBURBAN EXTENDED STAY HOTEL,2865 W CARDINAL DR,1,0,1,1,0
6757885,HAMPTON INN PEARSALL,604 LINDSEY LN,1,0,1,1,0
6776469,MOTEL 6,1924 SAINT MICHAEL DR,1,1,1,1,1
6776721,COURTYARD BY MARRIOTT SAN MARCOS,625 COMMERCIAL LOOP,1,1,1,1,1
6779072,KARNES COUNTY LODGE,167 COUNTY RD 300,0,0,0,0,0
6819493,SPRING CREEK MARINA AND RV,2680 CAMPER RD,0,0,0,0,0
6820799,TOWNEPLACE SUITES WESTCHASE,10610 WESTPARK DR,1,1,1,1,1
6822925,COURTYYARD LUBBOCK DOWNTOWN,308 AVENUE S,1,1,1,1,1
6833982,BEST WESTERN PREMIER ASHTON SUITES-WILLOWBROOK,7495 W GREENS RD,1,1,1,1,1
6845133,"HOOK, LINE & SINKER LODGE",2855 W STATE HIGHWAY 154,0,0,0,0,0
6845380,LA QUINTA INN & SUITES,12909 IH 37,1,0,1,1,0
6845382,BROOKSIDE INN MOTEL,2602 GOLIAD RD,0,0,0,0,0
6850352,EMBER'S MOTOR INN,1401 E LOOP 304,0,0,0,0,0
6852282,THE ROSE,281 E GOSHEN ST,0,0,0,0,0
6852316,LA ISLA #C105,150 PADRE BLVD # 105,0,0,0,0,0
6864399,SURESTAY BY BEST WESTERN,2710 INTERSTATE 10 W,1,1,1,1,1
6865341,COMFORT INN & SUITES WHITE SETTLEMENT,7801 SCOTT ST,1,1,1,1,1
6881065,LAKE FORK MARINA,275 COUNTY ROAD 1558,0,0,0,0,0
6884400,HOTEL EMMA,136 E GRAYSON ST,0,0,0,0,0
6888936,FAIRFIELD INN & SUITES AUSTIN NORTHWEST/RESEARCH B,13087 N HIGHWAY 183,1,1,1,1,1
6925578,BROOKELAND LAKE SAM RAYBURN KOA,505 COUNTY ROAD 212,0,0,0,0,0
6943075,AMERICA BEST VALUE INN,1115 WEST HIGHWAY 85,1,1,1,1,1
6956306,COURTYARD - SHANANDOAH,19255 DAVID MEMORIAL DR,1,1,1,1,1
6966981,BRUSH COUNTRY LODGE,413 WINSHIP RD,0,0,0,0,0
6972766,PARKER MOTEL,560 BRAZOSPORT BLVD N,0,0,0,0,0
7015009,AQUA VIEW INN & SUITES,178 S US HIGHWAY 83,0,0,0,0,0
7034673,COMFORT PLAZA INN,800 BROADWAY ST,0,0,0,0,0
7041178,LA BONITA INN & SUITES,205 S FRONTAGE RD,0,0,0,0,0
7041614,MUSTANG INN & SUITES,5330 BLUE MOUND RD,0,0,0,0,0
7041932,KARNES CITY LODGE,309 S HIGHWAY 181,0,1,1,0,1
7056505,SUNSET INN,1100 ROOSEVELT AVE,0,0,0,0,0
7056627,HAMPTON INN KENNEDY,4091 S HIGHWAY 181,1,0,1,1,0
7063918,BUDGET INN,1006 25TH ST,0,0,0,0,0
7084294,OAK THICKET PARK,4819 W STATE HIGHWAY 159,0,0,0,0,0
7085468,RESIDENCE INN TYLER,350 W HERITAGE DR,1,1,1,1,1
7093158,"THE LEGENDARY TEXAS POLO CLUB, INC.",706 S MAIN ST,0,1,1,0,0
7097382,TRAVELERS MOTEL,1911 N MAIN ST,0,0,0,0,0
7101068,LA QUINTA IN & SUITES,1631 WATER ST,1,0,1,1,0
7103054,ALBANY INN & RV CAMPGROUND,424 E US HIGHWAY 180,0,0,0,0,0
7109323,BAYMONT INN & SUITES,4101 PARKS LEGADO RD,1,0,1,1,0
7111959,HOMEWOOD SUITES,7221 TRES HERMANAS BLVD,1,1,1,1,1
7129746,BAYSHORE MOTEL INC,717 HIGHWAY 146 N,0,0,0,0,0
7129791,EXECUTIVE INN,710 1/2 W HIGHWAY 90,0,0,0,0,0
7130413,BUDGET INN,201 N BROADWAY ST,0,0,0,0,0
7133637,MICROTELL INN & SUITES MIDLAND,200 W LONGVIEW AVE,1,1,1,1,1
7134962,HOME2 SUITES COLLEGE STATION,300 TEXAS AVE S,1,1,1,1,1
7143810,HILTON GARDEN INN DENISON/SHERMAN,5015 S US HIGHWAY 75,1,1,1,1,1
7148446,ADOBE INN MOTEL,1591 FM 1110 RD,0,0,0,0,0
7149377,LA QUINTA INN & SUITES KARNES CITY,1025 S HIGHWAY 123,1,0,1,1,0
7152070,BUDGET INN,111 US HIGHWAY 77 S,0,0,0,0,0
7152073,HAMPTON INN,6901 W INTERSTATE 40,0,1,1,0,0
7153274,AMARILLO MOTEL,4051 CANYON DR,0,1,1,0,0
7159075,STAYBRIDGE SUITES PLANO FRISCO,8355 PARKWOOD BLVD,1,1,1,1,1
7165325,LAKE SHORE VILLA UNIT 10,15125 LEEWARD DR APT 10,0,0,0,0,0
7175622,HOME2 SUITES MIDLAND,1401 CATALINA DR,1,1,1,1,1
7175709,HOLIDAY INN  EXPRESS & SUITES WACO SOUTH,5701 LEGEND LAKE PKWY,1,1,1,1,1
7175737,HOLIDAY INN EXPRESS TEMPLE,2609 S 39TH ST,1,1,1,1,1
7176068,HOLIDAY INN EXPRESS-GARLAND,4412 BASS PRO DR,1,1,1,1,1
7176535,COMFORT INN & SUITES SAN MARCOS,1053 CLOVIS R BARKER RD,1,1,1,1,1
7179284,JW MARRIOTT AUSTIN DOWNTOWN,110 E 2ND ST,1,1,1,1,1
7179512,COURTYARD BY MARRIOTT,7241 TRES HERMANAS BLVD,1,1,1,1,1
7179988,HAWTHORN SUITES,5708 STARBOARD DR,1,1,1,1,1
7181995,CANDLEWOOD SUITES,4587 W HOUSTON HARTE EXPY,1,1,1,1,1
7182548,RESIDENCE INN BY MARRIOTT,109 BASS PRO DR,1,1,1,1,1
7182686,ALCALDE HOTEL,614 SAINT PAUL ST,0,0,0,0,0
7183517,CANDLEWOOD SUITES,4319 S EXPRESSWAY 83,1,1,1,0,0
7189390,SONESTA HOTEL BEE CAVE,12525 BEE CAVE PKWY,0,1,1,0,1
7197124,"OCEAN INN, LLC.",3028 SEAWALL BLVD,0,0,0,0,0
7212999,SUPER 8,24085 HIGHWAY 59,0,0,0,0,0
7216760,HOME2 SUITES BY HILTON-AUSTIN/NEAR THE DOMAIN,2800 ESPERANZA XING,1,1,1,1,1
7218076,PALACE INN,8920 WEST RD,1,1,1,1,1
7218679,FIELDHOUSE INN,301 YOUNG ST,0,0,0,0,0
7223495,THE BUNGALOWS HOTEL & EVENT CENTER,1000 S BELL BLVD,0,0,0,0,0
7231107,DEL RIO INN,3811 VETERANS BLVD,0,0,0,0,0
7235561,RESIDENCY SUITES,287 W FM 468,0,0,0,0,0
7236761,LA QUINTA INN & SUITES,6909 ATASCOCITA RD,1,0,1,1,0
7242702,EXTENDED STAY SNYDER MOTEL,700 E 37TH ST,0,0,0,0,0
7263060,SHERATON MCKINNEY,1900 GATEWAY BLVD,0,0,0,0,0
7274370,HERITAGE INN,2850 INTERSTATE 10 E,0,1,1,0,1
7286321,LA QUINTA INN & SUITES TYLER - UNIVERSITY AREA,2552 S SOUTHEAST LOOP 323,1,0,1,1,0
7289434,LAST OUTPOST,6068 FM 2828,0,0,0,0,0
7307225,HOLIDAY INN EXPRESS RAYMONDVILLE,220 N EXPRESSWAY 77,1,1,1,1,1
7315126,TOWNPLACES SUITES,2732 JAY RD,1,1,1,1,1
7315223,HAMPTON INN AND SUITES DALLAS-PLANO EAST,2813 E PRESIDENT GEORGE BUSH HWY,1,1,1,1,1
7316144,INKS LAKE STATE PARK,3630 PARK ROAD 4 W,0,0,0,0,0
7316157,REEL 'EM INN ON THE BAY,1603 S WATER ST,0,1,1,0,1
7318724,"CROWN COLONY COUNTRY CLUB, INC.",900 CROWN COLONY DR,0,0,0,0,0
7321164,ANDREWS OAKWOOD INN,601 S MAIN ST,0,0,0,0,0
7333470,SUNNY BEACHES,1421 S 11TH ST # 204,0,0,0,0,0
7343310,HAMPTON INN & SUITES,707 N SAM HOUSTON PKWY E,1,1,1,1,1
7352491,"JOURDANTON HOTELS, LLC DBA SLEEP INN & SUITES",1800 HIGHWAY 97 E,1,1,1,1,1
7355288,SPRINGHILL SUITES HOUSTON HUMBLE DOWNTOWN,914 DALLAS ST,1,1,1,1,1
7359233,COURTYARD SAN ANGELO,2572 SOUTHWEST BLVD,1,1,1,1,1
7368964,HAMPTON INN & SUITES DALLAS FRISCO N FIELD HOUSE,6070 SPORTS VILLAGE RD,1,1,1,1,1
7369287,"CROCKETT FAMILY RESORT, LLC",75 DOGWOOD LN W,0,0,0,0,0
7378306,FAIRFIELD INN & SUITES,513 FRIENDSHIP LN,1,1,1,1,1
7383427,HAMPTON INN & SUITES CORPUS CHRISTI,5879 S PADRE ISLAND DR,1,1,1,1,1
7383431,RESIDENCE INN SAN ANGELO,2545 SOUTHWEST BLVD,1,1,1,1,1
7388716,SUPER 8,137 LA LOMITA DR,1,1,1,1,1
7390380,WESTIN AUSTIN DOWNTOWN,301 E 5TH ST,1,1,1,1,1
7392125,HOLIDAY INN EXPRESS,1101 GK REDDY AVE,1,1,1,1,1
7392321,SPRINGHILL SUITES BY MARRIOTT,720 E VISTA RIDGE MALL DR,1,1,1,1,1
7393373,SCOTTISH INN & SUITES,435 MARS DR,1,1,1,1,1
7394166,CANDLEWOOD SUITES,547 LAS PALMAS BLVD,1,1,1,1,1
7394444,WINDCREST INN & SUITES,908 S ADAMS ST,0,0,0,0,0
7394630,HAMPTON INN & SUITES MCKINNEY,2008 N CENTRAL EXPY,1,1,1,1,1
7394714,SCOTTISH INNS & SUITES,8110 WEST FWY,1,1,1,1,1
7398001,HAMPTON INN & SUITES DFW AIRPORT SOUTH,4201 REGGIS CT,1,1,1,1,1
7398257,HILTON GARDEN INN,5730 RIM PASS,1,1,1,1,1
7399212,SLEEP INN & SUITES,3101 E BUSINESS 20,1,1,1,1,1
7399665,PECAN TREE MOTEL,5533 N EXPWY 77,0,0,0,0,0
7404819,HOME2 SUITES,8251 W AMARILLO BLVD,1,1,1,1,1
7590513,FRIO INN,256 S INTERSTATE 35,0,0,0,0,0
7593752,MOTEL 6,913 E NORTHSIDE DR,1,1,1,1,1
7620905,BEST WESTERN PLUS,2115 INTERSTATE 10 W,1,1,1,1,1
7621124,MONT BELVIEU RV RESORT,6103 S FM 565 RD,0,0,0,0,0
7621356,FALLBROOK RV RESORT,3102 FALLBROOK DR,0,0,0,0,0
7621428,MICROTEL INN & SUITES,9416 N INTERSTATE 20,1,0,1,1,0
7621665,CAPRI BEACH ENTERPRISES,2902 N SHORELINE BLVD,0,0,0,0,0
7625673,TEXAN INN & SUITES,3084 HIGHWAY 16 N,0,0,0,0,0
7645172,HOLIDAY INN EXPRESS AUSTIN NW,8300 N FM 620 RD BLDG I,1,1,1,1,1
7649878,EXECUTIVE INN,1007 N DICKINSON DR,0,0,0,0,0
7683748,CUERO OILFIELD HOUSING LLC,513 FM 766,0,0,0,0,0
7688165,BAY SHORE INN,4349 OCEAN DR,0,0,0,0,0
7697134,BEST WESTERN PLUS FLATONIA INN,"310-B,I-10 FRONTAGE ROAD",1,1,1,1,1
7697199,SHAMROCK COUNTRY INN,711 E 12TH ST,0,0,0,0,0
7714024,ARANSAS HARBORS D113 (AHD113),230 CUT OFF RD # D113,0,0,0,0,0
7714634,HOME2 SUITES ROUND ROCK,1000 W LOUIS HENNA BLVD,1,1,1,1,1
7734978,LAZY T MOTEL,2043 MAIN ST,0,0,0,0,0
7736737,BENT TREE MOTEL,381 W LENNON DR,0,0,0,0,0
7736847,LAQUINTA COLLEGE STATION SOUTH,1838 GRAHAM RD,1,0,1,1,0
7738221,OYO HOTEL TYLER NORTHWEST MINEOLA HWY,3300 MINEOLA HWY,0,0,0,0,0
7740913,HOTEL VAN ZANDT,605 DAVIS ST,1,1,1,1,1
7767210,RESIDENCE INN CYPRESS,10456 HUFFMEISTER RD,1,1,1,1,1
7767283,HOLIDAY INN EXPRESS CARRIZO SPRINGS,2469 HIGHWAY 277,1,1,1,1,1
7779535,THE DILWORTH INN AND SUITES,603 N SAINT JOSEPH ST,0,0,0,0,0
7784681,CANDLEWOOD SUITES,3021 PLAZA CENTRE CT,1,1,1,1,1
7785141,PEARL INN,1002 SEAWALL BLVD,0,0,0,0,0
7785901,INSTALODGE KARNES CITY,2467 S HIGHWAY 181,0,0,0,0,0
7786955,FAIRFIELD INN AND SUITES - EL PASO AIRPORT,6611 EDGEMERE BLVD,1,1,1,1,1
7786963,TOWNEPLACE SUITES-MCKINNEY,1832 MARKET PLACE DR,1,1,1,1,1
7790234,PALO DURO CANYON STATE PARK,11450 PARK ROAD 5,0,0,0,0,0
7791774,HAMPTON INN  - I-10 EAST,10505 EAST FWY,1,0,1,1,0
7796810,BEST WESTERN PLUS LAKE JACKSON INN & SUITES,702 HIGHWAY 332 W,1,1,1,1,1
7796830,BEST WESTERN PLUS COLLEGE STATION INN AND SUITES,950 ARRINGTON RD,1,1,1,1,1
7801433,TOWNEPLACE SUITES CORPUS CHRISTI PORTLAND,109 ESPLANADE,1,1,1,1,1
7813079,OASIS LODGE,Y70 NEW YORK AVE,0,0,0,0,0
7816399,THE STERLING MOTEL,914 4TH ST,0,0,0,0,0
7820180,BIG LAKE INN & SUITES,202 E 2ND ST,0,0,0,0,0
7856391,WESTWOOD INN,2669 WATER ST,0,0,0,0,0
7890381,HOLIDAY INN EXPRESS AND SUITES,5450 VISTA RD,1,1,1,1,1
7890714,BEST WESTERN PLUS LAREDO INN & SUITES,3110 SANTA URSULA AVE,1,1,1,1,1
7910936,MUSTANG MOTEL,901 E 2ND ST,0,0,0,0,0
7911229,HAMPTON INN SNYDER,1801 E ROBY HWY,1,0,1,1,0
7914448,BUDGET MOTOR INN,915 W 1ST ST,0,0,0,0,0
7932560,SPRINGHILL SUITES BY MARRIOTT,1350 BROADFIELD BLVD,1,1,1,1,1
7961707,HOME2 SUITES BY HILTON LUBBOCK,6004 MARSHA SHARP FWY,1,1,1,1,1
7998512,BRAUNIG LAKE RV AND RESORT,13550 DONOP RD,0,0,0,0,0
7998541,MARKET STREET INN,101 E MARKET ST,0,0,0,0,0
8011635,LA QUINTA,201 BUDDY GANEM DR,1,0,1,1,0
8015400,SWISS LODGE MOTEL,1206 MAIN ST,0,0,0,0,0
8023862,HOME2 SUITES SAN ANGELO,2569 SOUTHWEST BLVD,1,1,1,1,1
8055915,HAMPTON INN & SUITES-HUNTSVILLE,120 RAVEN WOOD ST,1,1,1,1,1
8071733,GOLDEN MOTEL,3350 DIXIE DR,0,0,0,0,0
8072579,STUDIO 6 SWEETWATER,501 NE GEORGIA AVE,1,1,1,1,1
8075238,PALACIO ROYALE INN HOUSTON NW,10654 W LITTLE YORK RD,0,0,0,0,0
8122187,DULEXE INN,511 E VETERANS MEMORIAL BLVD,0,0,0,0,0
8131713,HYATT REGENCY HOUSTON GALLERIA,2626 SAGE RD,1,1,1,1,1
8138714,RELAX INN,106 E PARSONS ST,0,0,0,0,0
8138888,HOLIDAY INN EXPRESS AND SUITE,5618 7TH ST,1,1,1,1,1
8142884,HAMPTON INN & SUITES OF HUTTO,327 ED SCHMIDT BLVD,1,1,1,1,1
8145151,VALLEY VIEW RANCH,4995 CHESNUT MOUNTAIN RD,0,0,0,0,0
8147282,FAIRFIELD INN & SUITES COTULLA,417 N INTERSTATE 35,1,1,1,1,1
8274455,DAYS INN,13307 COUNTY ROAD 472 EAST,1,1,1,1,1
8276516,HAWTHORN SUITES BY WYNDHAM,4801 W EXPRESSWAY 83,1,1,1,1,1
8279155,SPRINGHILL SUITES WESTCHASE,5851 ROGERDALE RD,1,1,1,1,1
8284128,SOUTHERN INN & SUITES,1617 N HIGHWAY 87,0,0,0,0,0
8305725,THE REPUBLICAN HOTEL,801 E 2ND ST,0,0,0,0,0
8318720,SLEEP INN / MAINSTAY SUITES,2409 N. TIMBERLAND DR,1,1,1,1,1
8325419,HAMPTON INN & SUITES,160 RIVER OAKS CV,1,1,1,1,1
8334730,"PEARL ON THE CONCHO, INC.",333 RIO CONCHO DR,1,1,1,1,1
8357760,LA QUINTA INN & SUITES- MONAHANS,1314 W INTERSTATE 20,1,0,1,1,0
8363523,HOLIDAY INN SAN MARCOS,105 BINTU DR,1,1,1,1,1
8404584,HILTON GARDEN INN DOWNTOWN DALLAS,1600 PACIFIC AVE,1,1,1,1,1
8416506,INVERNESS BY THE SEA,7600 SEAWALL BLVD,0,0,0,0,0
8429397,SLEEP INN / MAINSTAY SUITES,2409 N. TIMBERLAND DR,1,1,1,0,0
8430786,STARLITE MOTEL,3623 FREDERICKSBURG RD,0,0,0,0,0
8434172,ALOFT COLLEGE STATION,1150 UNIVERSITY DR E,0,0,0,0,0
8446299,HOME 2 SUITES DFW N,4700 PLAZA DR,1,1,1,1,1
8459348,GALVESTON ISLAND STATE PARK,14901 TERMINI SAN LUIS PASS RD,0,0,0,0,0
8459787,SAVANNAH SUITES-PLEASANTON,910 PALMER RD,1,0,1,1,0
8474758,WOODSPRINGS SUITES,4013 W HOUSTON HARTE EXPY,1,1,1,1,1
8485365,EXTENDASUITES,5864 HIGHWAY 281,0,1,1,0,1
8494644,COUNTRY INN & SUITES WESTCHASE,2451 HAYES RD,1,1,1,1,1
8500806,HOMEWOOD SUITES BY HILTON HOUSTON/KATY MILLS MALL,25495 KATY MILLS PKWY,1,1,1,1,1
8500811,HILTON GARDEN LONGVIEW,905 E HAWKINS PKWY,1,1,1,1,1
8501340,HOUSTON HAUS,16230 NORTH FWY,1,1,1,0,0
8505880,SHADY OAKS CABINS & RV PARK,1510 W US HIGHWAY 84,0,0,0,0,0
8507617,HOTEL CAMERON,912 E WASHINGTON ST,1,1,1,0,0
8507819,WINGATE BY WYNDHAM-SAN ANGELO,3620 S JACKSON ST,1,1,1,1,1
8515246,RESIDENCE INN SPRINGWOODS VILLAGE,22814 HOLZWARTH RD,1,1,1,1,1
8516391,STAYBRIDGE SUITES,6301 NORTH FWY,1,1,1,1,1
8519450,CRYSTAL CITY EXECUTIVE INN,1800 N HIGHWAY 83,0,0,0,0,0
8523513,HAMPTON INN TYLER,8962 S BROADWAY AVE,1,1,1,1,1
8524275,HOMEWOOD SUITES AUSTIN TECHRIDGE,13001 CENTER LAKE DR,1,1,1,1,1
8527850,MICROTEL INN & SUITES,3232 W IRVING BLVD,0,0,0,0,0
8530312,"BUDGET SUITES OF AMERICA, TX-408",8150 STEMMONS FWY,0,0,0,0,0
8541490,STAYBRIDGE SUITES MIDLAND,1505 CATALINA DR,1,1,1,1,1
8541550,CANDLEWOOD SUITE,410 PORTLAND RD,1,1,1,1,1
8541606,EMBASSY SUITES - THE WOODLANDS,1855 HUGHES LANDING BLVD,1,1,1,1,1
8547052,PALACE INN-GULFGATE,6658 GULF FWY,1,1,1,1,1
8553268,COURTYARD - SHANANDOAH,19255 DAVID MEMORIAL DR,1,1,1,1,1
8553829,HAMPTON INN & SUITES - HOUSTON/SPRING,23523 NORTHGATE CROSSING BLVD,1,1,1,1,1
8554779,COURTYARD WEST HOUSTON,18010 PARK ROW,1,1,1,1,1
8574014,HAMPTON INN & SUITES,1700 COMMERCE ST,1,1,1,1,1
8574424,STUDIO 6,3617 N PANAM EXPY,1,1,1,1,1
8606138,COLDSPRING INN,13815 STATE HIGHWAY 150 W,0,0,0,0,0
8606295,HOLIDAY INN HOUSTON NE-BUSH AIRPORT AREA,18555 KENSWICK DR,1,1,1,1,1
8606345,HOLIDAY INN EXPRESS & SUITE ROUND ROCK,301 LOUIS HENNA BLVD,1,1,1,1,1
8610110,KANGAROOM MONAHANS LODGE,1501 W 15TH ST,0,0,0,0,0
8612834,BAYMONT BIG SPRING,817 LAMESA HWY,1,0,1,1,0
8622393,CRANE LA BONITA INN AND SUITES,220 NW COUNTY RD,0,0,0,0,0
8625587,"UPPER DECK HOTEL & BAR, LLC",120 E ATOL ST,0,0,0,0,0
8627005,"LA QUINTA INN & SUITES ANDREWS, TX",1012 NE 1ST PL,1,0,1,1,0
8627780,HOTEL INDIGO AUSTIN DOWNTOWN,810 RED RIVER ST,1,1,1,1,1
8627886,FAIRFIELD INN AND SUITES,1250 N INTERSTATE 35,1,1,1,1,1
8627958,HYATT REGENCY GALLERIA PLAZA HOUSTON,5252 W ALABAMA ST,1,1,1,1,1
8629421,HOLIDAY INN EXPRESS & SUITES AUSTIN DOWNTOWN,805 NECHES ST,1,1,1,1,1
8631856,FOUR POINTS BY SHERATON MIDLAND,5518 STARBOARD DR,1,1,1,1,1
8632101,HYATT PLACE LUBBOCK,2390 MAC DAVIS LN,1,1,1,1,1
8636514,STOCKDALE INN & SUITES,106 FORDTRAN ST,0,0,0,0,0
8642949,CANDLEWOOD SUITE - KENEDY,304 BUSINESS PARK DR,1,1,1,1,1
8646063,DUNBAR EAST RESTAURANT & MOTEL,1728 PULLIAM ST,0,0,0,0,0
8651414,FIESTA INN,501 S 10TH ST,0,1,1,0,0
8673491,STAR INN,303 N HWY 123,0,0,0,0,0
8673512,EXPRESS INN LLC,2393 FM 102 RD,0,0,0,0,0
8674937,"SUPREME BRIGHT FRISCO, LLC",2875 PARKWOOD BLVD,1,1,1,1,1
8678284,STAYBRIDGE SUTIES AUSTIN NORTH PARMER LANE,13000 N INTERSTATE 35 BLDG 9,1,1,1,1,1
8678296,HOLIDAY INN EXPRESS NEW BRAUNFELS,1436 N BUSINESS IH 35,1,1,1,1,1
8678310,THE WESTIN DALLAS DOWNTOWN,1201 MAIN ST,1,1,1,1,1
8700943,EXECUTIVE INN & SUITES,1601 E CENTRAL TEXAS EXPY,0,0,0,0,0
8703997,RELAX INN,1000 W MAIN ST,1,1,1,1,1
8704675,LAQUINTA INN & SUITES - SIENNA TOWER,4118 FAUDREE RD,1,0,1,1,0
8707915,BEST WESTERN PLUS DILLEY INN & SUITES,16491 S INTERSTATE HWY 35,1,1,1,1,1
8709412,BAYMONT INN & SUITES,1506 NUCHES LN,1,0,1,1,0
8719516,SUNRISE INN,527 E VETERANS MEMORIAL BLVD,0,0,0,0,0
8722633,BEST WESTERN PLUS SPRING INN & SUITES,353 LOUETTA RD,1,1,1,1,1
8725953,EAGLE'S DEN SUITES AT BIG SPRING,901 E INTERSTATE 20,0,0,0,0,0
8735880,DAYS INN KATY,20414 JULIE MARIE LN,1,1,1,1,1
8766797,CROSSROADS INN & SUITES,3807 HOUSTON HWY,0,0,0,0,0
8776735,HOLIDAY INN,725 PLAZA DR,1,1,1,1,1
8776758,HICO HILLS INN,401 N RAILROAD AVE,0,0,0,0,0
8777670,STOCKMAN MOTEL,2110 10TH ST,0,0,0,0,0
8778623,SUNSET MOTEL,805 N JOHNSON ST,0,0,0,0,0
8779100,COMFORT INN & SUITES,1774 S US HIGHWAY 84,1,1,1,1,1
8792227,"KARNES CITY COTTAGES, LLC",838 E CALVERT AVE,0,0,0,0,0
8792233,HOTEL GRANDUCA AUSTIN,320 S CAPITAL OF TX HWY,0,0,0,0,0
8796649,COURTYARD HOUSTON KATY MILLS,25402 KATY MILLS DR,1,1,1,1,1
8806112,TOWNEPLACE SUITES GALLERIA,5315 S RICE AVE,1,1,1,1,1
8846734,THE LODGE AT BIG LAKE,330 HUGHES ROAD,0,0,0,0,0
8847204,TOWN COTTAGES,705 E NORTH MAIN ST,0,0,0,0,0
8869971,HAMPTON INN LA PORTE,1328 HIGHWAY 146 S,1,1,1,1,1
8871754,CANDLEWOOD SUITES,5800 7TH ST,1,1,1,1,1
8872571,MAINSTAY SUITES,2500 S LAMESA RD,1,1,1,0,0
8934627,PECOS LODGING LLC,36 COUNTY ROAD 201,0,0,0,0,0
8935953,"ARBOR HOTEL AND CONFERENCE CENTER, LTD",6401 62ND ST,0,0,0,0,0
8956551,COURTYARD MIDLOTHIAN CONFERENCE CENTER,3 COMMUNITY CENTER CIR,1,1,1,1,1
9010271,TOWN PLACE SUITES WACO SOUTH,5621 LEGEND LAKE PKWY,1,1,1,1,1
9135574,HOLIDAY INN EXPRESS & SUITES CYPRESS,10520 HUFFMEISTER RD,1,1,1,1,1
9139819,HYATT PLACE KATY,1401 N WESTGREEN BLVD,1,1,1,1,1
9452193,HOLIDAY INN THE COLONY,4301 PAIGE RD,1,1,1,1,1
9459151,HILTON GARDEN INN LIVE OAK,8101 PAT BOOKER RD,1,1,1,1,1
9460490,MAINSTAY SUITES,1801 S US HIGHWAY 385,1,1,1,0,0
9554989,SUPER 8,2205 CHESTNUT ST,1,1,1,1,1
9563404,THE  WESTIN THE WOODLANDS,2 WATERWAY SQUARE PL,1,1,1,1,1
9563574,FAIRFIELD INN & SUITES DALLAS PLANO NORTH,3415 PREMIER DR,1,1,1,1,1
9587580,CANDLEWOOD SUITES,2700 S NEW RD,1,1,1,1,1
9587654,COURTYARD BY MARRIOTT -CARROLLTON,1201 RAIFORD RD,1,1,1,1,1
9600432,MOTEL 6,7960 WEST FWY,1,1,1,0,0
9606731,FISHERMAN'S COVE LAKESIDE RESORT,13260 FM 1097 RD W,0,0,0,0,0
9681959,RR STATION LLC  - CLAY HOUSE,219 CLAY ST,0,0,0,0,0
9696040,PLACE INNLLC,8811 KNOXWOOD ST,0,0,0,0,0
9707432,EXECUTIVE INN,204 E RIO GRANDE ST,0,0,0,0,0
9709175,HOTEL SAINT GEORGE,105 S HIGHLAND AVE,0,0,0,0,0
9724045,FAIRFIELD INN & SUITES - PASADENA,3640 E SAM HOUSTON PKWY S,1,1,1,1,1
9761961,CAMELOT INN & SUITES,8150 GULF FWY,1,1,1,0,0
9762003,LA QUINTA INN & SUITES PAMPA,500 W HARVESTER AVE,1,0,1,1,0
9769549,STAYBRIDGE SUITES TOMBALL,10011 FM 2920 RD,1,1,1,1,1
9776353,HILTON GARDEN INN CYPRESS STATION,160 WAGON POINT DR,1,1,1,1,1
9778909,SPRINGHILL SUITES FOSSIL CREEK,5301 N RIVERSIDE DR,1,1,1,1,1
9787865,CLASSIC IN & SUITES,14621 HIGHWAY 59 N,0,0,0,0,0
9789378,FOX HOLLOW RESORT LLC,4705 FOX HOLLOW RD,0,0,0,0,0
9793318,COURTYARD FORT WORTH ALLIANCE,3001 AMADOR RD,1,1,1,1,1
9804573,MY PLACE HOTEL AMARILLO,2208 CINEMA DR,1,1,1,1,0
9806447,INVERNESS #705,5600 GULF BLVD # 705,0,0,0,0,0
9807437,AUSTIN ARCHER,3121 PALM WAY,0,0,0,0,0
9854178,LAQUINTA INN & SUITES,203 E HIGHWAY 90,1,1,1,1,1
9879306,EASTLAKE RV RESORT,11802 LOCKWOOD RD,0,0,0,0,0
9884015,HOME 2 SUITES BY HILTON HOUSTON WILLOWBROOK,7815 WILLOW CHASE BLVD,1,1,1,1,1
9884794,FAIRFIELD INN & SUITES,2121 N ESPLANADE ST,1,1,1,1,1
9884804,FAIRFIELD INN & SUITES,200 COWBOY LN,1,1,1,1,1
9977450,HILTON GARDEN INN - NORTH HOUSTON/SPRING,23535 NORTHGATE CROSSING BLVD,1,1,1,1,1
9977558,THE WILLIAM,170 S MAIN ST,0,0,0,0,0
9981531,AMERICAS BEST VALUE INN & SUITES,5022 ADDICKS SATSUMA RD,1,1,1,1,1
9984366,5401 W FITZHUGH RD,5401 W FITZHUGH RD,0,0,0,0,0
9984432,INTOWN SUITES DFW AIRPORT,324 E CORPORATE DR,0,0,0,0,0
10006331,SPRINGHILL SUITES SAN ANTONIO RIM,18119 TALAVERA RDG,1,1,1,1,1
10032465,QUARTER CIRCLE 7 HOTEL,2800 W HIGHWAY 90,0,0,0,0,0
10039928,PALACE INN NORTH,4221 NORTH FWY,1,1,1,1,1
10055921,LA QUINTA #6765 - MCC,801 S WARE RD,1,0,1,1,0
10058757,TOWNEPLACE SUITES AUSTIN SOUTH,901 LITTLE TEXAS LN BLDG G,1,1,1,1,1
10067015,ANSHI  HOSPITALITY LLC,19027 INTERSTATE 45,1,1,1,1,1
10067041,FAIRFIELD INN & SUITES PECOS,92 RAUL FLORES BLVD,1,1,1,1,1
10118733,HOMEWOOD SUITES NEW BRAUNFELS,620 OXFORD DR,1,1,1,1,1
10121914,HAMPTON INN/HOMEWOOD SUITES HOUSTON DOWNTOWN,710 CRAWFORD ST,1,0,1,1,0
10127382,LUXURY INN AND SUITES,7322 MARBACH RD,0,1,1,0,0
10131649,HOLIDAY INN EXPRESS AND SUITES GATESVILLE,2904 S STATE HIGHWAY 36,1,1,1,1,1
10131662,HOLIDAY INN ABILENE,3525 W LAKE RD,1,1,1,1,1
10150219,MOTEL 7,729 E VETERANS MEMORIAL BLVD,0,0,0,0,0
10151431,TRINITY SUITES,1126 E 8TH ST,0,0,0,0,0
10151846,SCOTTISH INNS,600 N JIM WRIGHT FWY,1,1,1,1,1
10156477,BEST WESTERN PLUS TECH MEDICAL CENTER INN,4703 N LOOP 289,1,1,1,1,1
10159638,MARRIOTT MARQUIS HOUSTON,1777 WALKER ST,1,1,1,1,1
10172958,FAIRFIELD INN AND SUITES,2100 COCKRELL HILL RD,1,1,1,1,1
10174645,HOMEWOOD SUITES,2900 E HIGHWAY 114,1,1,1,1,1
10193647,VINEYARD TRAIL COTTAGES,10296 E US HIGHWAY 290,0,0,0,0,0
10199105,FAIRFIELD INN AND SUITES,2020 CIVIC CENTER LN,1,1,1,1,1
10201367,HOME2 SUITES BY HILTON HOUSTON / PASADENA,5150 E SAM HOUSTON PKWY S,1,1,1,1,1
10203845,HILTON GARDEN INN LUBBOCK TEXAS,6027 45TH ST,1,1,1,1,1
10223185,ASHIYANA PARTNERS LLC/HOLIDAY INN EXPRESS 7 SUITE,11331 W KINGSLEY RD,1,1,1,1,1
10223193,LA QUINTA INN & SUITES PLANO LEGACY,6624 COMMUNICATION PKWY,1,0,1,1,0
10242644,FAIRMONT INN & SUITES,1005 FAIRFIELD BLVD,1,1,1,1,1
10254471,SHERATON AUSTIN GEORGETOWN HOTEL & CONFERENCE CENT,1101 WOODLAWN AVE,0,0,0,0,0
10259175,ALOFT HOUSTON DOWNTOWN,820 FANNIN ST,0,0,0,0,0
10259218,RODEWAY INN & SUITES,17715 WESTFIELD PLACE DR,1,1,1,1,1
10259430,COMFORT SUITES,14380 NORTH FWY,1,1,1,1,1
10260315,OX RANCH,1946 PRIVATE ROAD 2485,0,0,0,0,0
10263257,WOODSPRINGS SUITES SIGNATURE LAS COLINAS,380 W LYNDON B JOHNSON FWY,1,1,1,1,1
10263343,SCHLITTERBAHN_WATERPARK & RESORT CORPUS CHRISTI,14353 COMMODORES DR,0,0,0,0,0
10304256,IMPERIAL MOTEL,1019 E MARSHALL AVE,0,1,1,0,1
10308911,BEST WESTERN PLUS PFLUGERVILLE,16101 IMPACT WAY,1,1,1,1,1
10316186,ONE LODGE CARRIZO SPRINGS,2265 N 1ST ST,0,0,0,0,0
10318513,BEST WESTERN PLUS DENVER CITY HOTEL & SUITES,830 E BROADWAY ST,1,1,1,1,1
10333806,EMBASSY SUITES BY HILTON MCALLEN CONVENTION CENTER,800 CONVENTION CENTER BLVD,1,1,1,1,1
10334422,ALOFT AUSTIN NW,14020 N HIGHWAY 183,0,0,0,0,0
10343457,FAIRFIELD INN & SUITES SNYDER,5207 BIG SPRING HWY,1,1,1,1,1
10344180,BAYMONT INN MIDLAND CENTER,3100 E HWY 158,1,0,1,1,0
10353245,HOME2 SUITES BY HILTON WACO,2500 BAGBY AVE,1,1,1,1,1
10363883,PALACE INN CITY CENTER,1307 W SAM HOUSTON PKWY N,1,1,1,1,1
10367425,CARRIZO INN,100 N 10TH ST,0,0,0,0,0
10367555,RESIDENCE INN HOUSTON WEST/BELTWAY 8 AT CLAY RD,10421 CLAY RD,1,1,1,1,1
10372971,HOME 2 SUITES,223 DAVID VETTER BLVD,1,1,1,1,1
10378094,SAN ANGELO LODGE,1717 W BEAUREGARD AVE,0,0,0,0,0
10388659,NORTHLAKE RV RESORT,1919 HUMBLE WESTFIELD RD,0,0,0,0,0
10428897,SILVER SPUR RESORT,13785 STATE HIGHWAY 19,0,0,0,0,0
10430721,TECH INN,3107 CLOVIS RD,0,0,0,0,0
10433134,MAPLE CREEK BED AND BREAKFAST,519 E HUFSMITH RD,0,0,0,0,0
10436371,SUBURBAN EXTENDED STAY,3001 ANTELOPE TRL,1,0,1,1,0
10484059,THE CORAZON,1000 E 5TH ST APT 323,0,1,1,0,1
10517328,FOUR POINTS SHERATON HOUSTON ENERGY CORRIDOR,18861 KATY FWY,1,1,1,1,1
10522005,HYATT PLACE ALLEN,333 CENTRAL EXPY N,1,1,1,1,1
10524875,BEST WESTERN PREMIER ENERGY CORRIDOR,1549 WESTBOROUGH DR,1,1,1,1,1
10533333,HAMPTON INN AND SUITES BY HILTON NORTH PARK,10370 N CENTRAL EXPY,1,1,1,1,1
10539353,8202 CITY BASE LANDING,8202 CITY BASE LNDG,1,1,1,1,1
10542124,HOMEWOOD SUITES BY HILTON,3104 GOLDEN RD,1,1,1,1,1
10588062,HOME 2 SUITES BY HILTON,11121 FOUNTAIN LAKE DR,1,1,1,1,1
10621243,HOMEWOOD SUITES AIRPORT,8531 BROADWAY ST,1,1,1,1,1
10622947,NITES INN,517 W VETERANS MEMORIAL BLVD,0,0,0,0,0
10623093,CREEKSIDE CAMP & CABINS,222 HATCHETT HL,0,0,0,0,0
10625882,LOMA ALTA MOTEL,3920 SANTA URSULA AVE,0,0,0,0,0
10628176,STAYBRIDGE SUITES SOUTH LUBBOCK,4801 S LOOP 289,1,1,1,1,1
10628351,HOMEWOOD SUITES ARLINGTON,4550 WAXWING CT,1,1,1,1,1
10631185,BESTWESTERN PLUS GALVESTON,8502 SEAWALL BLVD,1,1,1,1,1
10632651,CAMBRIA SOUTHLAKE DFW NORTH,2104 E STATE HIGHWAY 114,0,0,0,0,0
10638089,RESIDENCE INN AUSTIN RIVERPLACE,6608 RIVER PLACE BLVD,1,1,1,1,1
10639059,WOODSPRING SUITES SIGNATURE IAH AIRPORT,18028 HIGHWAY 59 N,1,1,1,1,1
10660416,COURTYARD SPRINGWOODS VILLAGE,22742 HOLZWARTH RD,1,1,1,1,1
10666840,HOME2 SUITES HOUSTON,1106 SHERWOOD FOREST ST,1,1,1,1,1
10682816,HOME2 SUITES DALLAS GRAND PRAIRIE,2123 W INTERSTATE 20,1,1,1,1,1
10683274,HAMPTON INN & SUITES,5300 STATE HIGHWAY 121,1,1,1,1,1
10684683,RESIDENCE INN-AUSTIN AIRPORT,3201 CASEYBRIDGE CT,1,1,1,1,1
10692764,MY PLACE HOTEL LUBBOCK,6219 62ND ST,1,1,1,1,0
10698828,SLEEP INN & SUITES,1846 GRAHAM RD,1,1,1,1,1
10698852,VALENTINE LAKESIDE,814 EUEL MOORE DR,0,0,0,0,0
10698869,"LIGHTHOUSE HILL RANCH, INC.",787 MOUNTAIN TOP DR,0,0,0,0,0
10713716,SCOTTISH INNS & SUITES,2616 DEAN ST,1,1,1,1,1
10720984,ROUTE 66 INN,2806 E AMARILLO BLVD,0,0,0,0,0
10728538,COURTYARD - FORT WORTH STOCKYARDS,2537 N MAIN ST,1,1,1,1,1
10754935,BEST WESTERN,2304 N STATE HIGHWAY 208,1,1,1,1,1
10755081,BEST WESTERN PLUS,1504 S KEY AVE,1,1,1,1,1
10755160,CAVALRY COURT,200 CENTURY CT,0,1,1,0,1
10758755,HAMPTON INN WEST HOUSTON,18014 PARK ROW,1,1,1,1,1
10762522,HOMEWOOD SUITES,110 SEAWALL BLVD,1,1,1,1,1
10779876,DAYS INN BRYAN,1039 N EARL RUDDER FWY,1,1,1,1,1
10781868,HAMPTON INN & SUITES BY HILTON,3650 PLANO PKWY,1,1,1,1,1
10791165,MARRIOTT TOWNPLACE SUITES,502 W TRENTON RD,1,1,1,1,1
10799285,MODO INN,1040 FREEPORT ST,0,0,0,0,0
10800135,OAKWOOD DALLAS UPTOWN,2901 CITYPLACE WEST BLVD,0,1,1,0,1
10802981,RESIDENCE INN PLANO BUSH,1705 E PRESIDENT GEORGE BUSH HWY,1,1,1,1,1
10803355,SCOTTISH INN & SUITES,6600 N HIGHWAY 146,1,1,1,1,1
10803870,ROYAL INN & SUITES,2645 W NORTHWEST LOOP 323,0,0,0,0,0
10805863,COURTYARD BY MARRIOTT,12065 GATEWAY BLVD W,1,1,1,1,1
10806449,CAMBRIA SUITES MCALLEN,701 S WARE RD,0,0,0,0,0
10806750,COMFORT SUITES HOUSTON NORTHWEST - WILLOWBROOK,8155 N SAM HOUSTON PKWY W,1,1,1,1,1
10811555,FAIRFIELD INN & SUITES,1020 CENTRAL FWY,1,1,1,1,1
10811561,FAIRFIELD INN AND SUITES,2950 HIGHWAY 35 N,1,1,1,1,1
10819820,SAND HILL RANCH,309 COUNTY RD 4228,0,0,0,0,0
10827383,SHADOW PALM,2412 S 11TH ST,0,0,0,0,0
10831737,COURTYARD PLANO BUSH,1805 E PRESIDENT GEORGE BUSH HWY,1,1,1,1,1
10854596,CAMP COYOACAN,237 N STATION ST,0,0,0,0,0
10878645,HOME 2 SUITES BY HILTON,139 BUDDY GANEM DR,1,1,1,1,1
10892584,ANTLERS INN,1304 E BROADWAY ST,0,0,0,0,0
10920523,PALACE INN WESTPARK,3584 HIGHWAY 6 S,1,1,1,1,1
10961886,LIGHT HOUSE INN,1701 PADRE BLVD,0,0,0,0,0
11009660,CEDAR COVE RANCH,14284 COUNTY ROAD 3905,0,0,0,0,0
11014354,THE GEORGE HOTEL,180 CENTURY CT,0,0,0,0,0
11044796,BIG CHIEF RV RESORT,1420 FM 690,0,0,0,0,0
11403409,RESIDENCE INN- AUSTIN SOUTHWEST,6000 W HIGHWAY 290,1,1,1,1,1
11426344,FAIRFIELD INN & SUITES,2679 N BUSINESS HIGHWAY 35,1,1,1,1,1
11500587,HOME2 SUITES BY HILTON EL PASO AIRPORT,6308 MONTANA AVE,1,1,1,1,1
11637327,AMERICAS BEST VALUE INN,1515 LOUETTA RD,1,1,1,1,1
11637359,FOUR POINTS BY SHERATON DFW AIRPORT NORTH,1580 POINT WEST BLVD,1,1,1,1,1
11638807,SPRINGHILL SUITES - WEST MEDICAL CENTER,2301 CINEMA DR,1,1,1,1,1
11639582,SPRINGHILL SUITES AUSTIN CEDAR PARK,1110 DISCOVERY BLVD,1,1,1,1,1
11665431,HYATT PLACE AUSTIN/ROUND ROCK,420 SUNDANCE PKWY,1,1,1,1,1
11666340,TOWNEPLACE SUITES BIG SPRING,1101 W SAN ANTONIO ST,1,1,1,1,1
11667447,HOME2 SUITES BY HILTON - ADDISON,4875 BELT LINE RD,1,1,1,1,1
11668367,HOLIDAY INN EXPRESS CHANNEL VIEW,6175 E SAM HOUSTON PKWY N # H,1,1,1,1,1
11669913,TOWNEPLACE SUITES AUSTIN NORTH/TECH RIDGE,12427 TECH RIDGE BLVD,1,1,1,1,1
11673173,SCOTTISH INNS & SUITES,3201 HIGHWAY 90,1,1,1,1,1
11676277,HOLIDAY INN EXPRESS HOTEL & SUITES,34103 KATY FWY,1,1,1,1,1
11676687,SLEEP INN,1165 EMPIRE CENTRAL PL,1,1,1,1,1
11676807,SPRINGHILL SUITES MARRIOTT,2601 LAKEFRONT TRL,1,1,1,1,1
11678248,NEMO CAY RESORT D132,15132 NEMOR,0,0,0,0,0
11707065,SELECT INN & SUITES,9025 NORTH FWY,1,1,1,1,1
11717316,FAIRFIELD HOLIDAY INN EXPRESS & SUITES,21410 FAIRFIELD PLACE DR,1,1,1,1,1
11717414,HOLIDAY INN BEAUMONT EAST-MEDICAL CTR. AREA,2095 N 11TH ST,1,1,1,1,1
11726175,LA QUINTA INN AND SUITES CYPRESS,27130 HIGHWAY 290,1,0,1,1,0
11732118,REGENCY INN & SUITES,3617 E CROSSTIMBERS ST,0,0,0,0,0
11777107,GRAND VILLA INN & SUITES,5969 W SAM HOUSTON PKWY S,0,0,0,0,0
11779084,HILTON GARDEN INN ARLINGTON,521 E INTERSTATE 20,1,1,1,1,1
11779345,HOLIDAY INN EXPRESS VAN HORN,1805 SE FRONTAGE RD,1,1,1,1,1
11788771,HAMPTON INN KYLE,151 BUNTON CREEK RD,1,0,1,1,0
11804128,LUSH RESORT,3201 REDBIRD RD,0,1,1,0,0
11825550,RIVER ROAD TREEHOUSES,12660 RIVER RD,0,0,0,0,0
11830569,"TRAVIS STREET COTTAGES, LLC",512 N TRAVIS ST,0,0,0,0,0
11863438,LA QUINTA INN & SUITES,3750 MARKET ST,1,0,1,1,0
11880301,HOME 2 SUITES BY HILTON AUSTIN AIRPORT,1705 AIRPORT COMMERCE DR,1,1,1,1,1
11885991,WINGATE BY WYNDHAM,5214 2ND DR,1,1,1,1,1
11891637,HAMPTON INN,816 14TH ST,1,1,1,1,1
11893302,CEDAR LODGE,1400 RANCH ROAD 261,0,0,0,0,0
11894909,CIRCLE W RV RANCH,1401 SMOKEHOUSE RD,0,0,0,0,0
11904353,RED ROOF INN,11999 EAST FWY,1,1,1,1,1
11912597,HYATT PLACE AUSTIN AIRPORT,9532 SPIRIT OF AUSTIN,1,1,1,1,1
11914788,AMERICAS BEST VALUE INN,13438 FM 529 RD,1,1,1,1,1
11962377,HH CREEK INN,400 S MAIN ST,0,0,0,0,0
11979869,HYATT HOUSE HOTEL - AUSTIN DOWNTOWN,901 NECHES ST,1,1,1,1,1
11998075,HOME2 SUITES,525 S WARE RD,1,1,1,1,1
11998089,EMBASSY SUITES,550 S BUCHANAN ST,1,1,1,1,1
12004979,INTOWN SUITES,4210 FM 1960 RD W,1,1,1,1,1
12009796,COMFORT SUITES- UNIVERSITY,4927 MARSHA SHARP FWY,1,1,1,1,1
12012415,WORLDMARK MARBLE FALLS,755 ROCKY RD,0,0,0,0,0
12032386,LA QUINTA INN & SUITES,6504 INTERSTATE 27,1,1,1,1,1
12033880,LA QUINTA INN & SUITES,9305 E INTERSTATE 40,1,1,1,1,1
12059413,ALOFT/DALLAS LOVE FIELD,2333 W MOCKINGBIRD LN STE 109,1,1,1,1,1
12065381,TEXANA INN,925 W MAIN ST,0,0,0,0,0
12071968,WOODSPRING SUITES SIGNATURE PLANO,4250 MAPLESHADE,1,1,1,1,1
12079964,SCOTTISH INN & SUITES,1105 LEAGUE LINE RD,1,0,1,1,0
12095993,DELUXE INN & SUITES-BAYTOWN,1924 GARTH RD,0,1,1,0,0
12096211,EXPRESS INN - SPRING,20525 INTERSTATE 45,0,0,0,0,0
12097603,HOTEL BELLA,13320 STATE HIGHWAY 249,0,0,0,0,0
12099587,COMFORT SUITES,1940 AIRWAY BLVD,1,1,1,0,1
12103649,DAYS INN & SUITES BY WYNDHAM HOUSTON NW CYPRESS,10650 HUFFMEISTER RD,1,1,1,1,1
12103751,LA QUINTA INN & SUITES MCALLEN LA PLAZA MALL,1120 S 10TH ST,1,0,1,1,0
12104043,TRAVELODGE HOUSTON HOBBY,8850 AIRPORT BLVD,1,1,1,1,1
12123683,MOTEL 6 #422,300 INTERSTATE 20 E,0,0,0,0,0
12125303,RESIDENCE INN TOMBALL,14303 MEDICAL COMPLEX DR,1,1,1,1,1
12140084,LA QUINTA INN & SUITES,111 CENTER POINT CT,1,0,1,1,0
12159796,CRYSTAL INN,13330 TIDWELL RD,1,1,1,0,0
12160852,TRYP BY WYNDHAM COLLEGE STATION,1508 TEXAS AVE S,1,1,1,1,1
12164689,HOLIDAY INN EXPRESS & SUITES MCALLEN,1800 S 6TH ST,1,1,1,1,1
12170988,LORENZO HOTEL,1011 S AKARD ST,0,0,0,0,0
12171390,EMBASSY SUITES-BROOKS CITY BASE,7610 S NEW BRAUNFELS,1,1,1,1,1
12176244,MESQUITE OASIS RV PARK,7601 W 42ND ST,1,1,1,0,0
12177668,SUMMERHILL INN & SUITES,5719 HIGHWAY 6,1,1,1,0,0
12185790,ASTRO MOTOR INN,9430 S MAIN,0,0,0,0,0
12196954,THE STELLA HOTEL,4100 LAKE ATLAS DR,0,0,0,0,0
12197873,KING MOTEL,3618 LAURA KOPPE RD,0,0,0,0,0
12207629,HAVEN INN & SUITES,5004 NORTH FWY,0,0,0,0,0
12221930,HYATT PLACE COLONY,5200 MEMORIAL DR,1,1,1,1,1
12227139,DAY N NIGHT INN,6200 E VETERANS MEMORIAL BLVD,0,0,0,0,0
12229568,CRYSTAL INN,10830 MAIN ST,1,1,1,0,0
12230176,CRYSTAL INN,4343 NORTH LOOP E,1,1,1,0,0
12236259,SLEEP INN & SUITES,2810 STATE HIGHWAY 361,1,1,1,1,1
12241887,THE PLACE HOTEL,445 W COTTER AVE,1,0,1,0,0
12243644,COURTYARD MARRIOT NW HOUSTON CYPRESS,23930 NORTHWEST FWY,1,1,1,1,1
12246008,ALOFT/DALLAS LOVE FIELD,2333 W MOCKINGBIRD LN STE 109,0,0,0,0,0
12274904,PARIS INN AND SUITES,3075 NE LOOP 286,0,0,0,0,0
12277425,MOTEL 6,501 S BROADWAY ST,1,1,1,1,1
12283660,BIG BASS LODGE,3035 W STATE HIGHWAY 154 # B,0,0,0,0,0
12287844,STAYBRIDGE SUITES HOUSTON,9000 MAIN ST,1,1,1,1,1
12292313,KNIGHTS INN-CITY CENTER,202 N 25TH AVE,0,0,0,0,0
12296519,DELUX INN,400 N GREGG ST,0,1,1,0,1
12300617,FAIRMONT AUSTIN HOTEL,101 RED RIVER ST,1,1,1,1,1
12300674,COURTYARD BY MARRIOTT PFLUGERVILLE,16100 IMPACT WAY,1,1,1,1,1
12339696,LE MERIDIEN HOUSTON DOWNTOWN,1121 WALKER ST,1,1,1,1,1
12339723,STATLER HOTEL,1914 COMMERCE ST,1,1,1,1,1
12345991,OASIS MOTEL,818 W DIVISION ST,0,0,0,0,0
12351686,TRAVEL INN & SUITES,809 W JACKSON ST,1,0,1,1,0
12359166,HILTON GARDEN INN AUSTIN AIRPORT,7610 JOHN GLENN WAY,1,1,1,1,1
12371311,DAYS INN & SUITES - MEDICAL CENTER,4923 MARSHA SHARP FWY,1,1,1,1,1
12383117,FAIRFIELD INN,3064 INTERSTATE HIGHWAY 20,1,1,1,1,1
12383344,HOMESTEAD INN,3770 ROOSEVELT AVE,1,1,1,0,0
12386627,PALACE INN BLUE,16121 NORTH FWY,1,1,1,1,1
12386984,BUDGET INN,501 LUBBOCK RD,0,0,0,0,0
12392416,HOME 2 SUITE BY HILTON,7512 GARTH RD,1,1,1,1,1
12399025,ALOFT RICHARDSON,1160 STATE ST,0,0,0,0,0
12399115,HAMPTON INN & SUITES,1801 US HIGHWAY 181,1,1,1,1,1
12405092,QUALITY INN & SUITES,12439 NORTHWEST FWY,0,0,0,0,0
12416554,TRADE WINDS MOTEL,520 S JACKSON ST,0,0,0,0,0
12426160,PALACE INN GESSNER,8200 SOUTHWEST FWY,1,1,1,1,1
12428470,RESIDENCE INN BY MARRIOTT,300 SILVERGLEN DR,1,1,1,1,1
12429517,FOUR POINTS SHERATON HOTEL,1450 N SAM HOUSTON PKWY E,1,1,1,1,1
12440497,RED ROOF INN,2023 REGAL DR,1,1,1,1,1
12445882,WESTERNER MOTEL,915 N DALLAS AVE,0,0,0,0,0
12473661,HOME2 SUITES FORT WORTH NORTHLAKE,13351 RACEWAY DR,1,1,1,1,1
12483278,STAYBRIDGE SUITES,5280 MEMORIAL DR,1,1,1,1,1
12492984,FAIRFIELD INN & SUITES,1010 HOUSTON ST,1,1,1,1,1
12502060,HOMEWOOD SUITES SAN MARCOS,451 BARNES DR,1,1,1,1,1
12502285,DRURY INN & SUITES - FRISCO,2880 DALLAS PKWY,1,1,1,1,1
12504847,SCOTTISH INNS & SUITES,1000 N AVENUE Q,1,1,1,1,1
12505115,NATIVE HOSTEL AUSTIN,807 E 4TH ST,0,1,1,0,1
12506016,LA QUINTA,2151 S US HIGHWAY 77 BYP,1,0,1,1,0
12513387,BEST WESTERN PREMIER,220 BROADWAY ST,1,1,1,1,1
12513397,BEST WESTERN PLUS,122 RICHEY ST,1,1,1,1,1
12514180,FAIRFIELD INN & SUITES,515 7TH ST,1,1,1,1,1
12520197,HAVEN INN & SUITES WILLOWBOOK,17119 STATE HIGHWAY 249,0,0,0,0,0
12521006,CANDLEWOOD SUITES,2180 MAIN ST,1,1,1,1,1
12525394,DOUBLETREE HOUSTON INTERCONTINENTAL AIRPORT,15747 JOHN F KENNEDY BLVD,1,1,1,1,1
12548650,KENNEDY MANOR BED & BREAKFAST,217 W LAFAYETTE ST,0,0,0,0,0
12548683,"BUDA HOUSE, LP FAIRFIELD INN & SUITES",1240 CABELAS DR,1,1,1,1,1
12548706,TOWNEPLACE SUITES AUSTIN ROUND ROCK,541 PARKER DR,1,1,1,1,1
12553156,COURTYARD BY MARRIOTT SUGARLAND,16740 CREEK BEND DR,1,1,1,1,1
12553167,RESIDENCE INN BY MARRIOTT -FAIRVIEW,295 MURRAY FARM DR,1,1,1,1,1
12553752,COURTYARD AUSTIN NW LAKELINE,12833 RANCH ROAD 620 N,1,1,1,1,1
12571287,THE FREDONIA HOTEL & CONVENTION CENTER,200 N FREDONIA ST,0,0,0,0,0
12608607,HOLIDAY INN EXPRESS & SUITES DRIPPING SPRINGS,333 W HIGHWAY 290,1,1,1,1,1
12608611,HOLIDAY INN EXPRESS & SUITES,6978 WINDWATER PKWY N,1,1,1,1,1
12626281,CAPTAIN'S QUARTERS MOTEL & SUITES,BYERS RD & HARRISON ST,0,0,0,0,0
12633700,HOTEL INDIGO FRISCO,2985 AVENUE OF THE STARS,1,1,1,1,1
12637565,COMFORT SUITES,5213 PHYSICIANS WAY,1,1,1,0,1
12658945,SAM RAYBURN MARINA RESORT,4404 W RECREATIONAL ROAD 255,0,0,0,0,0
12668197,WOODSPRING SUITES SIGNATURE-HOUSTON NORTHWEST,5350 W SAM HOUSTON PKWY N,1,1,1,1,1
12672801,HILTON GARDEN INN DOWNTOWN SAN ANTONIO,408 E HOUSTON ST,1,1,1,1,1
12679651,PALACE INN-WILLOWBROOK,12951 WILLOW CENTRE DR,1,1,1,1,1
12684441,MONTROSE GUEST HOUSE SUITES,1705 DUNLAVY ST,0,0,0,0,0
12693429,BEST WESTERN INN & SUITES,333 ROLAND RD,1,1,1,1,1
12695449,HAMPTON INN AND SUITES LACKLAND AFB SEAWORLD,1719 CABLE RANCH RD,1,1,1,1,1
12695450,HAMPTON INN BULVERDE/SPRING BRANCH,499 SINGING OAKS,1,0,1,1,0
12695480,HOME2 SUITES BY HILTON DALLAS DOWNTOWN,3301 GASTON AVE,1,1,1,1,1
12696331,STUDIO 6,1600 N CENTRAL EXPY,1,1,1,1,1
12696742,TOWNEPLACE SUITES,3450 W VICKERY BLVD,1,1,1,1,1
12699148,AMERICA'S BEST VALUE INN - HUMBLE,1130 FM 1960 RD E,1,1,1,1,1
12699365,HOLIDAY INN & SUITES KATY,25406 KATY MILLS DR,1,1,1,1,1
12712165,STAYBRIDGE SUITES - WESTCHASE,9901 UNITED DR,1,1,1,1,1
12712267,BEST WESTERN PLUS HOUSTON I-45 NORTH INN & SUITES,220 GREENS LANDING DR,1,1,1,1,1
12712503,ALOFT CORPUS CHRISTI,5117 EMBASSY DR,0,0,0,0,0
12716229,HOUSTON TOWERS,2309 WICHITA ST,0,0,0,0,0
12786402,"FORT WORTH DOWNTOWN LODGING, LLC",1001 COMMERCE ST,1,1,1,1,1
12814937,HOTEL ZAZA MEMORIAL CITY,9787 KATY FWY,1,1,1,1,1
12816753,ACORN BED AND BREAKFAST,107 STATE HIGHWAY 46 W,0,0,0,0,0
12817714,LA QUINTA INN & SUITES SWEETWATER EAST,308 SE GEORGIA AVE,1,0,1,1,0
12819026,HOLIDAY INN EXPRESS AND SUITES IAH - BELTWAY 8,1920 N SAM HOUSTON PKWY E,1,1,1,1,1
12819258,STAYBRIDGE SUITES GENERATION PARK,4819 CANYON LAKES TRACE DR,1,1,1,1,1
12829922,SUPER 8,5101 E PARKWAY ST,0,0,0,0,0
12832476,MICROTEL INN & SUITES BY WYNDHAM,4620 N INTERSTATE 27,1,1,1,1,1
12834264,TV MOTEL,5828 LEOPARD ST,0,0,0,0,0
12849134,EMBASSY SUITES DENTON CONVENTION CENTER,3100 TOWN CENTER TRL,1,1,1,1,1
12850067,CHALK BLUFF RIVER RESORT,1108 CHALK BLUFF RD,0,1,1,0,0
12855137,SCOTTISH INN & SUITES,2434 FRY RD,1,0,1,1,0
12859319,SUN-BRIDGE INN,163 S US HIGHWAY 83,0,0,0,0,0
12875580,EMBASSY SUITES COLLEGE STATION,201 UNIVERSITY DR E,1,1,1,1,1
12876986,HOME2 DALLAS NORTHPARK,8180 MIDTOWN BLVD,1,1,1,1,1
12879956,EXECUTIVE RESIDENCY,4602 EAST FWY,1,1,1,1,1
12879973,COURTYARD FLOWER MOUND,4330 COURTYARD WAY,1,1,1,1,1
12886024,MOTEL 6,1800 BEAL PKWY,1,1,1,1,1
12901604,TRU BY HILTON GARLAND,5055 N PRESIDENT GEORGE BUSH HWY,1,1,1,1,1
12903943,HOME2 MARKET,290 MURRAY FARM DR,1,1,1,1,1
12907635,EMBASSY SUITES HOUSTON WEST - KATY,16435 KATY FWY,1,1,1,1,1
12912452,SLEEP INN & SUITES,2825 N EARL RUDDER FWY,1,1,1,1,1
12919250,CANDLEWOOD SUITES,1561 MIRA LAGO BLVD,1,1,1,1,1
12919255,HOLIDAY INN EXPRESS & SUITES,1570 LYNDON B JOHNSON FWY,1,1,1,1,1
12938978,BAY FRONT INN,601 N SHORELINE BLVD,0,0,0,0,0
12944276,COMFORT SUITES CHANNELVIEW,15813 2ND ST,1,1,1,0,1
12945046,CANOPY BY HILTON DALLAS UPTOWN,2950 CITYPLACE WEST BLVD,1,1,1,1,1
12945052,HOME2 SUITES BY HILTON,747 SPRINGMART BLVD,1,1,1,1,1
12950145,JL BAR RANCH & RESORT,3500 PRIVATE ROAD 2254,0,0,0,0,0
12950274,TRAVEL INN,401 E TEXAS AVE,0,1,1,0,1
12963856,STAY ALFRED INC,411 N AKARD ST,0,0,0,0,0
12995988,FAIRFIELD INN & SUITES,200 COWBOY LN,1,1,1,1,1
13005491,SCOTTISH INNS & SUITES,7827 FM 1960 BYPASS RD W,1,0,1,1,0
13073084,HUDSON HOUSE MOTEL,500 N ED CAREY DR,0,0,0,0,0
13074462,HERITAGE INN,100 BULLDOG BLVD,0,1,1,0,1
13083031,COURTYARD LONGVIEW NORTH,1125 E HAWKINS PKWY,1,1,1,1,1
13083049,TOWNEPLACE SUITES HOUSTON I-10 EAST,10507 EAST FWY,1,1,1,1,1
13086537,COURTYARD BY MARRIOTT-LAKE JACKSON,159 S STATE HIGHWAY 288,1,1,1,1,1
13152883,"MALANA HOTELS COTULLA, LLC",165 MARS DR,0,0,0,0,0
13153985,ELEMENT BY WESTIN,23653 GRAND CENTRE DR,1,1,1,1,1
13154034,PEREGRINE TOWNHOMES @ SAN LUIS PASS,10202 BLUE WATER HWY,1,1,1,0,0
13168374,HILTON GARDEN INN,1615 CAMPUS DR,1,1,1,1,1
13200200,STANTON INN & SUITES,3394 INTERSTATE 20,0,0,0,0,0
13230540,ALOFT EL PASO DOWNTOWN,303 TEXAS AVE,0,0,0,0,0
13238942,CAMBRIA HOTEL DALLAS,1907 ELM ST,1,0,1,0,0
13238949,COMFORT SUITES,702 PADDOCK WAY DR,1,1,1,1,1
13281095,HOLIDAY INN EXPRESS EARLY,128 EARLY BLVD,1,1,1,1,1
13309377,HOLIDAY INN EXPRESS SAN MARCOS,900 BARNES DR,1,1,1,1,1
13310265,FAIRFIELD INN AND SUITES,136 RAVENWOOD VILLAGE DR,1,1,1,1,1
13313933,HOME2 SUITES BY HILTON - PLANO RICHARDSON,401 WYNHURST DR,1,1,1,1,1
13336739,BEST WESTERN PLUS BAY CITY,501 7TH ST,1,1,1,1,1
13341151,STAYBRIDGE SUITES,981 FM 2004 RD,1,1,1,1,1
13341903,RED LION KILLEEN TX,803 E CENTRAL TEXAS EXPY,0,0,0,0,0
13345794,SUPER 8,3432 INTERSTATE 20,1,1,1,1,1
13355720,EMBASSY SUITES LANDMARK CENTER,5615 LANDMARK PKWY,1,1,1,1,1
13359645,MOTEL 6,2531 W AIRPORT FWY,1,1,1,1,1
13359809,ALOFT FORT WORTH DOWNTOWN,334 W 3RD ST,0,0,0,0,0
13392849,GRAND VILLA INN AND SUITES,9706 N SAM HOUSTON PKWY E,0,0,0,0,0
13415272,PRINCE SOLMS INN,295 E SAN ANTONIO ST,0,1,1,0,1
13417208,MOTEL 6,1005 LEANDER RD,1,1,1,1,1
13444933,STAMFORD INN,1402 N SWENSON ST,0,0,0,0,0
13451350,RESIDENCE INN DALLAS WEST,3425 CANYON BLUFF BLVD,1,1,1,1,1
13452416,AC HOTEL DALLAS BY THE GALLERIA RESIDENCE INN,5460 JAMES TEMPLE DR,0,0,0,0,0
13456579,ALOFT HOUSTON KATY HOTEL & CONFERENCE CENTER,25330 KINGSLAND BLVD,0,0,0,0,0
13456648,ELEMENT DALLAS DOWNTOWN,4005 GASTON AVE,1,1,1,1,1
13456675,"BEST WESTERN PLUS, PORT OF CORPUS CHRISTI",3533 MCKINZIE RD,1,1,1,1,1
13473261,THE INDIE,1620 E 6TH ST,0,1,1,0,1
13479750,GULFPOINT CONDOMINIUMS,200 PADRE BLVD # 1211,0,0,0,0,0
13489017,"HOLIDAY INN EXP & SUITES,LUBBOCK CENTRAL-UNIV AREA",2115 MARSHA SHARP FWY,1,1,1,1,1
13498714,CANDLEWOOD SUITES HOUSTON,16027 NORTH FWY,1,1,1,1,1
13531998,AMBER SKY MOTEL,2005 HWY 90 EAST,0,0,0,0,0
13533609,SPRINGHILL SUITES DALLAS/MCKINNEY,2660 S CENTRAL EXPY,1,1,1,1,1
13533613,FAIRFIELD INN & SUITES DECATUR,1910 W US HIGHWAY 380,1,1,1,1,1
13536532,HOLIDAY INN EXPRESS & SUITES,3041 PLAZA CENTRE CT,1,1,1,1,1
13536541,EXECUTIVE INN,1500 10TH ST,0,0,0,0,0
13552282,HOMEWOOD SUITES HOUSTON MEMORIAL CITY,9450 KATY FWY,1,1,1,1,1
13587772,HOMEWOOD SUITES HOUSTON NW @ BELTWAY 8,8950 FALLBROOK DR,1,1,1,1,1
13625788,HOTEL VUE,14575 NORTH FWY,0,0,0,0,0
13636041,"HOMEWOOD SUITES BY HILTON-CONROE, TX",3000 INTERSTATE 45 N,1,1,1,1,1
13667948,VICTORY PARK (AKA MAGNOLIA STATION),1607 LYTE ST OFC 100F,0,0,0,0,0
13796609,AMERICAS PREMIER INN,2311 LAMAR ST,1,1,1,0,1
13796622,WINGATE BY WYNDHAM,7150 S PADRE ISLAND DR,1,1,1,1,1
13796642,HOLIDAY INN EXPRESS MISSOURI CITY,5007 HIGHWAY 6,1,1,1,1,1
13819550,THE POST OAK/MASTRO'S/WILLIE G'S,1600 WEST LOOP S,0,0,0,0,0
13826696,HOME2 SUITES BY HILTON MCKINNEY,2630 S CENTRAL EXPY,1,1,1,1,1
13833985,TRU BY HILTON,901 E HOUSTON ST,1,1,1,1,1
13835731,STAYBRIDGE SUITES BAYTOWN,7626 GARTH RD,1,1,1,1,1
13847729,SLEEP INN & SUITES,3850 WILCREST DR,1,1,1,1,1
13867036,AMLI 300 (AKA GUILD WEST 6TH),300 N LAMAR BLVD,0,1,1,0,1
13877598,WATERWALK HOTEL APARTMENTS,5423 N LOOP 1604 W,0,0,0,0,0
13886421,SCOTTISH INN AND SUITE,5525 7TH ST,1,1,1,1,1
13908890,MOTEL 6,5335 BLUE MOUND RD,1,1,1,1,1
13929990,STANTON HOUSE,209 N STANTON ST,0,0,0,0,0
13946469,THE ARNOLD,1621 E 6TH ST,0,1,1,0,1
13955841,LUXURY INN,1404 CULEBRA RD,0,1,1,0,0
13959989,ALOFT HOTEL ARLINGTON ENTERTAINMENT DISTRICT,2140 E LAMAR BLVD,1,1,1,0,0
13962309,HOLIDAY INN,6107 JUSTICE AVE,1,1,1,1,1
13964174,TEXAS A&M HOTEL AND CONFERENCE CENTER,177 JOE ROUTT BLVD,0,0,0,0,0
13983232,WOODSPRING SUITES-HOUSTON 288 SOUTH MEDICAL CENTER,13150 CITYSCAPE AVE,1,1,1,1,1
13995809,MOTEL 6,2550 N CENTRAL EXPY,1,1,1,0,0
13997668,STUDIO 6,2212 NORTH IH-35,1,1,1,1,1
14009438,TRUCOUNTRY INN,204 W MAIN ST,0,0,0,0,0
14018351,HILTON GARDEN INN - WACO TX,5800 LEGEND LAKE PKWY,1,1,1,1,1
14021281,HOTEL BLUE-WOODLANDS,25815 I 45 N,0,1,1,0,0
14024993,HOLIDAY INN & SUITES,18530 STATE HIGHWAY 249,1,1,1,1,1
14031048,FAIRFIELD INN AND SUITES,351 MARKET CENTER DR,1,1,1,1,1
14046521,THE 105 LINCOLN,105 W LINCOLN ST,0,0,0,0,0
14053087,DEEP ELLUM HOSTEL,2801 ELM ST,0,1,1,0,0
14070303,INTOWN SUITES HOUSTON IAH AIRPORT,12010 KUYKENDAHL RD,1,1,1,1,1
14076609,HOLIDAY INN EXPRESS & SUITES PLANO EAST,2001 E PRESIDENT GEORGE BUSH HWY,1,1,1,1,1
14076683,HOLIDAY INN EXPRESS & SUITES WESTCHASE,11303 WESTHEIMER RD,1,1,1,1,1
14077168,"HOLIDAY INN EXPRESS & SUITES-JUNCTION, TEXAS",304 DOS RIOS DR,1,1,1,1,1
14083506,COMFORT INN,4414 WESTGATE ST,1,1,1,1,1
14085731,PALACIO ROYALE INN BOUTIQUE,22457 KATY FWY,0,1,1,0,1
14095359,TOWNEPLACE SUITES SAN ANTONIO WESTOVER HILLS,10015 WESTOVER HILLS BLVD,1,1,1,1,1
14095455,FAIRFIELD INN & SUITES TYLER SOUTH,309 W HERITAGE DR,1,1,1,1,1
14114225,HOME2SUITES,5100 ENDICOTT AVE,1,1,1,1,1
14114228,HOME 2 SUITES- SAN ANTONIO NORTH STONE OAK,1807 N LOOP 1604 E,1,1,1,1,1
14114230,HILTON GARDEN INN HOUSTON HOBBY AIRPORT,8001 MONROE RD,1,1,1,1,1
14120371,CANDLEWOOD SUITES PASADENA,3450 E SAM HOUSTON PKWY S,1,1,1,1,1
14142752,INTERCONTINENTAL HOUSTON MEDICAL CENTER,6750 MAIN ST,1,1,1,1,1
14145111,GLO BY BEST WESTERN,1215 N INTERSTATE 35 E,1,1,1,1,1
14149813,SLEEP INN & SUITES,6628 BROADWAY ST,1,1,1,1,1
14183195,INTOWN SUITES - GARLAND,10477 METRIC DR,1,1,1,1,1
14183237,COMFORT SUITES AUSTIN,5001 S INTERSTATE 35,1,1,1,1,1
14190260,STUDIO 6,10326 FINNELL ST,1,1,1,1,1
14211943,HAMPTON INN & SUITES DALLAS/PLANO,3316 N CENTRAL EXPY,1,1,1,1,1
14256976,HOMEWOOD SUITES DOWNTOWN AUSTIN,78 EAST AVE,1,1,1,1,1
14440710,SWEETWATER MOTEL,701 SW GEORGIA AVE,0,0,0,0,0
14446051,WICHITA STAR HOTEL,1917 ELMWOOD NORTH AVE,1,1,1,1,1
14475606,HOLIDAY INN EXPRESS,13261 RACEWAY DR,1,1,1,1,1
14769994,HOME 2 SUITES,1251 S 13TH ST,1,1,1,1,1
14776073,PALACE INN,21111 INTERSTATE 45,1,1,1,1,1
14793667,TRU BY HILTON,2202 S SONCY RD,1,1,1,1,1
14793770,LAQUINTA INN & SUITES,835 E HIGHWAY 67,1,0,1,1,0
14799347,TRU BY HILTON WEBSTER,901 ROGERS ST,1,1,1,1,1
14879935,TEXAS BUNGALOWS HOTEL & SUITE,13311 BURNET RD,0,0,0,0,0
14914995,CANDLEWOOD AUSTIN NORTH,8000 CROSS PARK DR,1,1,1,1,1
14925536,"RIVER TRAIL COTTAGES, LLC",1501 WATER ST,0,0,0,0,0
14932881,CRYSTAL INN PORTER,24305 HIGHWAY 59,1,1,1,0,0
14935810,"SM JIM MILLER, LLC",8605 E R L THORNTON FWY,1,1,1,1,1
14940233,SUPER 8,10710 HUFFMEISTER RD,1,1,1,1,1
14982473,PLAZA MOTEL,10637 S PADRE ISLAND DR,0,0,0,0,0
14985574,COURTYARD BY MARRIOTT DALLAS DOWNTOWN REUNION DIST,310 S HOUSTON ST,1,1,1,1,1
14994354,STAY ALFRED 422 AT THE LAKE,422 W RIVERSIDE DR,0,0,0,0,0
14994483,STAY ALFRED THE STATLER,1919 JACKSON ST,0,1,1,0,1
14994489,STAY ALFRED LTV TOWER APARTMENTS,1555 ELM ST,0,0,0,0,0
14994497,STAY ALFRED HOUSTON HOUSE,1617 FANNIN ST,0,0,0,0,0
14994502,STAY ALFRED 1825,1825 SAN JACINTO ST,0,1,1,0,1
14994758,STAY ALFRED SAN ANTONIO RIVERA ON BROADWAY,1130 BROADWAY ST,0,0,0,0,0
14995918,RODEWAY INN,124 INTERSTATE 45 N,1,1,1,0,0
14997765,WATERWALK HOTEL APARTMENTS,1711 W ROYAL LN,0,0,0,0,0
15002477,HYATT PLACE AUSTIN CEDAR PARK,1315 E NEW HOPE DR,1,1,1,1,1
15003409,RED ROOF INN PORT ARANSAS,300 W AVENUE G,1,1,1,1,1
15004100,MUSTANG INN,16933 EAST FWY,0,0,0,0,0
15004510,GARDEN INN & SUITES,229 S INTERSTATE 35,0,0,0,0,0
15005350,HOME2 SUITES BY HILTON - LEGACY,6300 TENNYSON PKWY,1,1,1,1,1
15011123,MARRIOTT CITY PLACE AT SPRINGWOODS VILLAGE,1200 LAKE PLAZA DR,1,1,1,1,1
15014846,HOUSE HOTEL,14750 PIPING ROCK LN,0,0,0,0,0
15019079,"TOWNEPLACE SUITES FORT WORTH NW, LAKE WORTH",2925 ROYALTY LN,1,1,1,1,1
15019364,VANTAGE MED CENTER,1911 HOLCOMBE BLVD,1,1,1,1,1
15019547,MOTEL 6,1831 E 2ND ST,1,1,1,1,1
15022234,HOTEL BEL AIR,13800 BELLAIRE BLVD,0,0,0,0,0
15046008,BEST WESTERN PLUS- WALLER HOTEL,19720 STOKES RD,1,1,1,1,1
15048496,TRAVAASA AUSTIN,13500 FM 2769,0,1,1,0,1
15058548,MOTEL 6,10155 EAST FWY,1,1,1,0,0
15082066,PALACE INN-WESTHEIMER,13561 WESTHEIMER RD,1,1,1,1,1
15085757,CACTUS INN & SUITES,1211 E BUSINESS 190,0,0,0,0,0
15087565,SANDMAN MANAGEMENT PLANO HOTEL,8451 PARKWOOD BLVD,1,1,1,1,1
15088321,HOLIDAY INN EXPRESS,9444 FRISCO ST,1,1,1,1,1
15088554,TOWNEPLACE SUITES,2612 GILLMEISTER LN,1,1,1,1,1
15090707,EXTEND A SUITES,3411 W INTERSTATE 40,0,0,0,0,0
15092188,816 I45 SOUTH,816 INTERSTATE 45 S,1,1,1,1,1
15093122,RADISSON HOTEL MCALLEN AIRPORT,2721 S 10TH ST,1,1,1,1,1
15106100,TRU BY HILTON,3620 JOE BATTLE BLVD,1,1,1,1,1
15111923,ROD & REEL MOTEL,1105 E MARKET ST,0,0,0,0,0
15113238,THE WESTIN IRVING CONVENTION CENTER AT LAS COLINAS,400 LAS COLINAS BLVD W,1,1,1,1,1
15113866,TOWNE PLACE SUITES,7238 GARTH RD,1,1,1,1,1
15125553,CANDLEWOOD SUITES,6711 E BEN WHITE BLVD BLDG 2,1,1,1,1,1
15125812,HOLIDAY INN EXPRESS & SUITES,3550 E LOOP 820 S,1,1,1,1,1
15126007,STAYBRIDGE SUITES,5601 SCHERTZ PKWY,1,1,1,1,1
15127564,HOME2 SUITES BY HILTON,1916 FOREST RIDGE DR,1,1,1,1,1
15145224,TEXICAN COURT,501 LAS COLINAS BLVD W,0,1,1,0,1
15179684,BW PLUS & EXECUTIVE RESIDENCE AUSTIN,2021 CHEDDAR LOOP RD,1,1,1,1,1
15190343,HOME2 SUITES HOUSTON GALLAERIA,3414 SAGE RD,1,1,1,1,1
15201608,CITY ON A HILL AT SPRING CREEK,2918 USENER,0,0,0,0,0
15216011,EXTENDASUITES UTEP,500 EXECUTIVE CENTER BLVD,0,0,0,0,0
15216878,CASA DE RIO,428 AKALOA DR,0,0,0,0,0
15222648,AMERICAS BEST VALUE INN,18805 STATE HIGHWAY 249,1,1,1,1,1
15235486,TIMBERROSE RANCH,274 DOEBBLER RD,0,0,0,0,0
15236236,VILLAGER'S LODGING GROUP L L C,5858 HILLCROFT ST,1,1,1,1,1
15242177,HARBOR INN BAYFRONT,411 N SHORELINE BLVD,0,0,0,0,0
15279307,"HERITAGE INN OF SAN ANTONIO, LLC",17303 VANCE JACKSON,1,1,1,1,1
15321151,TOWNEPLACE SUITES BY MARRIOTT,2574 S US HIGHWAY 77,1,1,1,1,1
15333885,LA QUINTA INN & SUITES,1139 CRABB RIVER,1,0,1,1,0
15337164,COUNTRY INN AND SUITES BY RADISSON,6225 62ND ST,1,1,1,1,1
15465034,THE RESIDENCY SUITES,9818 W LITTLE YORK RD,0,0,0,0,0
15517364,OLD MILL RESORT,1554 GRUENE RD,0,0,0,0,0
15519768,CANDLEWOOD SUITES DALLAS - PLANO,4701 LEGACY DR,1,1,1,1,1
15521934,HOME STAY INN & SUITES,2737 S BUSINESS HIGHWAY 281,1,1,1,0,0
15527239,HOLIDAY INN EXPRESS & SUITES DENTON SOUTH,3180 S INTERSTATE 35 E,1,1,1,1,1
15530671,MARRIOTT ODESSA HOTEL AND CONFERENCE CENTER,305 E 5TH ST,1,1,1,1,1
15530673,FAIRFIELD INN & SUITES,3533 FM 1092 RD,1,1,1,1,1
15530681,TOWNEPLACE SUITES EL PASO,11521 GATEWAY BLVD W,1,1,1,1,1
15530687,RESIDENCE INN LUBBOCK,6415 62ND ST,1,1,1,1,1
15530704,FAIRFIELD INN & SUITES FORT WORTH SOUTH,201 PACE ALSBURY CT,1,1,1,1,1
15530720,AC / RESIDENCE INN FRISCO,4343 FRISCO GREEN AVE,1,1,1,1,1
15530743,FAIRFIELD INN AND SUITES GAINSVILLE,1300 N INTERSTATE 35,1,1,1,1,1
15544995,TOWNEPLACE SUITES BY MARRIOTT,4800 PLAZA DR,1,1,1,1,1
15546327,ALOFT CORPUS CHRISTI,5117 EMBASSY DR,0,0,0,0,0
15558670,BEST WAY INN,1970 W HENDERSON ST,0,0,0,0,0
15560674,ITS AUSTIN GRAND,2006 GRAND AVENUE PKWY,1,1,1,1,1
15564976,PALACE INN,11720 VETERANS MEMORIAL DR,1,1,1,1,1
15565290,PLATINUM INN & SUITES,12410 NORTHWEST FWY,0,0,0,0,0
15574776,SURESTAY PLUS BY BEST WESTERN,6900 N INTERSTATE 35,1,1,1,1,1
15582381,SLEEP INN & SUITES,6050 OLD DENTON RD,1,1,1,1,1
15595081,7 OAKS LODGING,6696 RM 853,0,0,0,0,0
15599620,THE RUBY HOTEL,400 FANNIN AVE,0,0,0,0,0
15611408,STAYBRIDGE SUITES IAH AIRPORT EAST,7195 WILL CLAYTON PKWY,1,1,1,1,1
15616552,BEST WESTERN PLUS,7410 W AMARILLO BLVD,1,1,1,1,1
15618500,AMERICAS BEST VALUE INN & SUITES,7003 NORTH LOOP E,1,1,1,1,1
15619860,GREAT WESTERN INN & SUITE,400 SW H K DODGEN LOOP,1,1,1,1,1
15645684,EL TEJAS MOTEL,2727 ROOSEVELT AVE,0,1,1,0,0
15655546,MOTEL 6,209 CEDAR LN,1,1,1,1,1
15664430,"AJJK,INC",5280 CAROLINE ST,0,0,0,0,0
15665893,PERMIAN LODGING MONAHANS LLC,4902 S HIGHWAY 18,0,0,0,0,0
15683861,WESTERN MOTEL,1403 VETERANS BLVD,0,0,0,0,0
15690281,ASCENT CITY CENTRE,801 TOWN AND COUNTRY BLVD,0,0,0,0,0
15709390,VILLA CORPORATE,6468 CORPORATE DR,0,0,0,0,0
15735111,WOODSPRINGS SUITES LAKE JACKSON,618 HIGHWAY 332,1,1,1,1,1
15745014,THE RESIDE HOUSTON,7755 MAIN ST,0,0,0,0,0
15745469,1711 CAROLINE,1711 CAROLINE ST,0,0,0,0,0
15759786,EAST AUSTIN HOTEL,1108 E 6TH ST,0,0,0,0,0
15759852,STUDIO 6,13213 EAST FWY,1,1,1,1,1
15790469,THE PLANTATION HOUSE,3603 KELLY LN,0,1,1,0,1
15805060,SUMMERS MILL RETREAT AND CONFERENCE CENTER,7441 FM 1123 # 41,1,1,1,0,0
15812026,LUXURY INN,1202 N SAM HOUSTON PKWY E,0,1,1,0,0
15812042,TRU BY HILTON CYPRESS,27204 HIGHWAY 290,1,1,1,1,1
15812110,DUNYHA LLC,2232 BELLEFONTAINE ST,1,1,1,0,0
15828095,HOME2 SUITES WESTCHASE,3125 WILCREST DR,1,1,1,1,1
15835749,PLATFORM APARTMENTS,2823 E MARTIN LUTHER KING JR BLVD,0,0,0,0,0
15843933,ALEXAN CITY CENTER,905 TOWN AND COUNTRY BLVD,0,0,0,0,0
16497679,FREEPORT EXTENDED STAY STUDIOS,525 COUNTY ROAD 330,0,0,0,0,0
16499333,GRAND AUSTIN HOTEL,301 E 4TH ST APT 356,0,1,1,0,0
16638373,THE CARPENTER HOTEL,400 JOSEPHINE ST,0,0,0,0,0
16646899,PALACE INN-529,6975 BARKER CYPRESS RD,1,1,1,0,0
16660952,AMLI UPTOWN,2525 MCCUE RD,0,0,0,0,0
16679539,SPRINGHILL SUITES DALLAS/CENTRAL EXPRESSWAY,10111 N CENTRAL EXPY,1,1,1,1,1
16679672,MOTEL 6,5850 WILLIAMS DR,1,1,1,1,1
16711631,HOLIDAY INN EXPRESS,630 SANDEN BLVD,1,1,1,1,1
16711771,STAYBRIDGE INN & SUITES,121 LINCOLN ST,1,1,1,1,1
16711915,FAIRFIELD INN & SUITES,4251 S COLLINS ST,1,1,1,1,1
16712439,FAIRFIELD INN 7 SUITES BY MARRIOTT,8585 ANGELS DR,1,1,1,1,1
16712452,RESIDENCE INN MEDICAL CENTER,7807 KIRBY DR,1,1,1,1,1
16714759,PECOS LODGE,51 W COUNTY ROAD 204,0,0,0,0,0
16738596,SOLA UPTOWN APARTMENTS,70 E BRIAR HOLLOW LN,1,1,1,0,0
16742915,HOME2 SUITES BY HILTON ROSENBERG SUGARLAND,5350 POINTE WEST CIR,1,1,1,1,1
16755892,RIO BELLA RESORT,3088 RANCH ROAD 1120,0,0,0,0,0
16762920,DAYS INN,1701 N AVENUE K,1,1,1,1,1
16765716,LAQUINTA INN & SUITES HOUSTON EAST I-10,16211 EAST FWY,1,0,1,1,0
16766267,SCOTTISH INN & SUITES,530 W GRAND PKWY S,1,0,1,1,0
16779968,BEST WESTERN PLUS AUSTIN AIRPORT 44664,1805 AIRPORT COMMERCE DR,1,1,1,1,1
16782134,CAMBRIA HOTEL RICHARDSON - DALLAS,3605 SHIRE BLVD,0,0,0,0,0
16782333,BUDGET HOST INN & SUITES,11103 S HIGHWAY 6,1,1,1,1,1
16787446,BUDGET HOST INN & SUITES,11103 S HIGHWAY 6,1,1,1,1,1
16797163,HOLIDAY INN EXPRESS,110 E US HIGHWAY 80,1,1,1,1,1
16805697,LIVE! BY LOEWS,1600 E RANDOL MILL RD,1,1,1,1,1
16819867,PALACE INN KATY MILLS,1344 KATY FT BEND,1,1,1,1,1
16844067,MOTEL 6,4965 AIRLINE DR,1,1,1,1,1
16857326,COMFORT SUITES,7502 N SAM HOUSTON PKWY E,1,1,1,1,1
16869251,HOLIDAY INN AMARILLO EAST,7799 E INTERSTATE 40,1,1,1,1,1
16875282,MICROTEL INN & SUITES BY WYNDHAM,1820 PONDEROSA DR,1,1,1,1,1
16892232,2741 FAUDREE RD,2741 FAUDREE RD,1,1,1,0,0
16894523,STELLA AF MEDICAL CENTER,7009 ALMEDA RD,1,1,1,1,1
16913823,PALM BAY 202,15209 S PADRE ISLAND DR UNIT 202,0,0,0,0,0
16913825,HOUSTON HOUSE #2015,1617 FANNIN ST APT 2015,0,0,0,0,0
16916783,SEASCAPE VILLA,15225 LEEWARD DR APT B4,0,0,0,0,0
16917057,STARFISH OASIS,9520 SEAWALL BLVD APT 149,0,0,0,0,0
16932527,PIONEER POCKET HOTEL,1204 BROADWAY FL 3,0,0,0,0,0
16932615,SONDER USA INC,1300 SPYGLASS DR # 2-112,1,1,1,0,0
16932840,ENDLESS SUMMER,4131 POINTE WEST DR UNIT 202,0,0,0,0,0
17154782,STAYBRIDGE SUITES,2204 SAN JACINTO BLVD,1,1,1,1,1
17154813,HOLIDAY INN EXPRESS & SUITES,2710 NASA PKWY,1,1,1,1,1
17154822,CANDLEWOOD SUITES PLANO NORTH,3340 PREMIER DR,1,1,1,1,1
17154826,HOLIDAY INN NW HOUSTON BELTWAY 8,3539 N SAM HOUSTON PKWY W,1,1,1,1,1
17157535,HOLIDAY INN EXPRESS,1800 S US HIGHWAY 385,1,1,1,1,1
17185605,BEVY HOTEL,101 HERFF RD,1,1,1,1,1
17230853,DANCING DUNES,1607 S 11TH ST,0,0,0,0,0
17291733,GALAXY INN MOTEL,1242 W HOLLYWOOD AVE,0,0,0,0,0
17339296,AMERICAS BEST VALUE INN,220306 FARRIS GREEN RD,1,1,1,1,1
17351691,AC HOTEL BY MARRIOTT HOUSTON DOWNTOWN,723 MAIN ST,1,1,1,1,1
17352883,GABLES MCKINNEY AVENUE,2500 MCKINNEY AVE,0,1,1,0,1
17353507,LUCKY ARROR RETREATMENT DRIPPING SPRINGS,3600 BELL SPRINGS RD,0,1,1,0,0
17353610,ITALY INN,101 L R CAMPBELL RD,0,0,0,0,0
17353678,TRU BY HILTON COPPELL DFW AIRPORT NORTH,1560 POINT BLVD W,1,1,1,1,1
17394742,EXPO INN & SUITES BELTON,235 W LOOP 121,0,0,0,0,0
17411721,STAY ALFRED HISTORIC ELEVTRIC BUILDING,410 W 7TH ST,0,0,0,0,0
17413711,ARRIVE EATS AUSTIN,1813 E 6TH ST,0,0,0,0,0
17442330,CAMBRIA HOTEL HOUSTON DOWNTOWN,1314 TEXAS ST,0,0,0,0,0
17453822,ELEMENT AUSTIN ROUND ROCK,1770 WARNER RANCH RD,1,1,1,1,1
17457770,"EFS HOUSING, L.L.C.",250 COMPANY SERVICE DRIVE,0,0,0,0,0
17457872,MERIT INN & SUITES,2640 INTERSTATE 10 E,1,1,1,0,0
17463598,ROYAL INN,3015 HIGHWAY 73,0,0,0,0,0
17463877,ECONOMY INN,4024 LEOPARD ST,0,0,0,0,0
17479895,ECONO LODGE,1495 INDUSTRIAL DR E # A,1,1,1,1,1
17482086,CARLOS MENCHACA,1802 SPRINGDALE RD UNIT A,0,0,0,0,0
17497743,GARDEN INN EXPRESS,9650 N SAM HOUSTON PKWY E,0,0,0,0,0
17508695,CRYSTAL INN,13033 NORTH FWY,1,1,1,0,0
17512114,HOTEL DIAMOND,5803 PARKERSBURG DR,0,0,0,0,0
17518439,ALOFT ROUND ROCK,2951 JAZZ ST,0,0,0,0,0
17519766,SUPERIOR LODGING KERMIT LLC,514 E DALLAS ST,0,0,0,0,0
17521496,WELCOME MOTEL,817 E VETERANS MEMORIAL BLVD,1,1,1,1,1
17531882,ATLANTIS INN SUITES,11714 STATE HIGHWAY 249,0,0,0,0,0
17541573,TRU BY HILTON,200 OLIVIA DR,1,1,1,1,1
17542195,LYRIC HOSPITALITY,300 N AKARD ST,1,1,1,1,1
17544358,LYRIC HOSPITALITY,3501 ROSS AVE,0,0,0,0,0
17546009,BEVERLY CREST MOTOR INN,8709 DYER ST,0,0,0,0,0
17599628,COMFORT SUITES,14202 SAN PEDRO AVE,1,1,1,0,1
17635356,HOLIDAY INN EXPRESS & SUITES TAYLOR,180 CARLOS G PARKER BLVD NW,1,1,1,1,1
17663871,PARK AT RIVER OAKS,3121 BUFFALO SPEEDWAY,0,0,0,0,0
17672996,ENCINO MOTEL,2320 2ND ST,0,0,0,0,0
17675174,ANG PECOS GLOBAL HOSPITALITY LLC/PECOS HOME2,2400 TEXAS ST,1,1,1,1,1
17691744,SPRINGHILL SUITES FORT WORTH STOCKYARDS,2315 N MAIN ST,1,1,1,1,1
17695312,FAIRFIELD INN & SUITES,401 W TEXAS AVE,1,1,1,1,1
17701773,WOODSPRING SUITES-DALLAS LEGACY,6801 K AVE,1,1,1,1,1
17702113,TRAVAASA AUSTIN,13500 FM 2769,0,0,0,0,0
17707657,APARTMENT JET INC,8181 FANNIN ST,1,1,1,0,0
17729035,ALOFT AUSTIN AIRPORT,8000 E BEN WHITE BLVD,0,0,0,0,0
17738773,TRU BY HILTON LONGVIEW,3037 N EASTMAN RD,1,1,1,1,1
17754220,THE STAR,1111 RUSK ST,0,0,0,0,0
17760902,BUDGET INN,711 N MAIN ST,0,0,0,0,0
17761203,ALOFT BY MARRIOTT EULESS,1301 CHISHOLM TRAIL,0,0,0,0,0
17761221,FAIRFIELD INN & SUITES,1150 NORTHPOINT DR,1,1,1,1,1
17761510,COBBLESTONE INN & SUITES,876 S EAST AVE,1,1,1,1,1
17761777,AMERICANS BEST VALUE INN,11225 VETERANS MEMORIAL DR,1,1,1,1,1
17761790,AVID BY IHG-BEAUMONT,5400 REXORA DR,0,1,1,0,1
17761818,SCOTTISH INNS,111 W INTERSTATE 20,1,1,1,0,0
17761976,PALACE INN LOUETTA,5019 LOUETTA RD,1,1,1,0,0
17762089,AMERICA'S BEST VALUE INN - HUMBLE,1130 FM 1960 RD E,1,1,1,1,1
17764498,SCOTTISH INNS & SUITES,14130 GULF FWY,1,1,1,1,1
17764626,DPH DALLAS RICHARDSON,165 WEST CITYLINE DR,1,1,1,1,1
17765042,HOLIDAY INN EXPRESS,5290 MEMORIAL DR,1,1,1,1,1
17765191,PALACE INN WILLOWBROOK,14350 TOMBALL PKWY,1,1,1,1,1
17765628,WOODSPRING SUITES SAN ANTONIO NORTH-STONE OAK,7335 NW LOOP 410,1,1,1,1,1
17767139,TRU BY HILTON,9911 INGRAM RD STE A,1,1,1,1,1
17767639,TRANSITIONS GROUP INC.,5275 TOWN AND COUNTRY BLVD,1,1,1,0,0
17792380,PARKER HOUSE,250 W LANCASTER AVE,0,0,0,0,0
17794190,RAILHEAD RENTALS-PECOS,2110 W VETERANS BLVD,0,0,0,0,0
17794495,SELAH SPRINGS RANCH,3700 S US HIGHWAY 87,0,0,0,0,0
17796246,HOLLOYWOOD INN,8100 EASTEX FWY,0,0,0,0,0
17802264,HOTEL ZAZA,400 LAVACA ST,0,0,0,0,0
17804179,HOLIDAY INN EXPRESS & SUITES LEANDER,247 W METRO RD,1,1,1,1,1
17806853,DOVES REST CABINS,10500 LIGHTHOUSE TRL,0,0,0,0,0
17812517,HOLIDAY INN EXPRESS & SUITES,1091 DONIPHAN PARK CIR,1,1,1,1,1
17818450,HOMEWOOD SUITES BY HILTON HARLINGEN,603 E SESAME DR,1,1,1,1,1
17820973,TRU BY HILTON EDINBURG,407 W TRENTON RD,1,1,1,1,1
17822473,HILTON GARDEN INN-AUSTIN CEDAR PARK/LAKELINE,13501 LYNDHURST ST BLDG 1,1,1,1,1,1
17836718,EL CAMPO LOST LAGOON,665 COUNTY ROAD 451,0,0,0,0,0
17838867,AMBASSADOR INN,210 SE 24TH AVE,0,0,0,0,0
18176869,FAIRFIELD INN & SUITES HOUSTON BROOKHOLLOW,4850 FEDERAL PLAZA DR,1,1,1,1,1
18193751,MANSION ON TURTLE CREEK,2821 TURTLE CREEK BLVD,0,1,1,0,1
18270920,SPRING HILL SUITE TEXAS CITY,13202 OUTLETS BLVD,1,1,1,1,1
18717438,BEST WESTERN GREEN OAK INN & SUITES,100 S FM 1346,1,1,1,1,1
18718528,HOLIDAY INN EXPRESS & SUITES GALVESTON BEACH,3228 SEAWALL BLVD,1,1,1,1,1
18720934,SPRINGHILL SUITES,3126 E BROAD ST,1,1,1,1,1
18720994,COURTYARD BY MARRIOTT,3220 KATY FWY,1,1,1,1,1
18721008,RESIDENCE INN BY MARRIOTT CORPUS CHRISTI,309 S SHORELINE BLVD,1,1,1,1,1
18721018,TOWNEPLACE SUITES,9101 GULF FWY,1,1,1,1,1
18721020,"TOWNEPLACE SUITES (1-20) MIDLAND, TX",912 CRUMP ST,1,1,1,1,1
18721088,ECONOLODGE,16324 FM RD 529,1,1,1,0,0
18835547,HOME2SUITES - BEAUMONT,5370 CLEARWATER CT,1,1,1,1,1
18852340,TOWNEPLACE SUITES AUSTIN SOUTH,901 LITTLE TEXAS LN BLDG G,1,1,1,1,1
18897852,HOME PLACE INN & SUITES,1407 E RUSK ST,1,1,1,1,1
18935618,TEXINN HOTEL,2127 N ESPLANADE ST,0,0,0,0,0
18941405,AUSTIN PROPER HOTEL & RESIDENCES,600 W 2ND ST,0,0,0,0,0
18978151,LA QUINTA INN AND SUITES,1195 EARL RUDDER FWY S,1,0,1,1,0
18989148,SLEEP IN / MAINSTAY SUITES,3401 W DICKINSON BLVD,1,1,1,0,0
18997865,TRU BY HILTON ALLEN-DALLAS,1553 CENTRAL EXPY N,1,1,1,1,1
19012503,HOLIDAY INN EXPRESS KERMIT,1019 COUNTY ROAD 313,1,1,1,1,1
19065454,HAMPTON INN,1004 FAIRFIELD AVE,1,0,1,1,0
19074500,ECONOMY INN,700 MIDDLE LN,0,0,0,0,0
19090246,GABLES PARK TOWER,111 SANDRA MURAIDA WAY,0,1,1,0,1
19101690,TEXAN HOTEL,5525 LEOPARD ST,0,0,0,0,0
19101819,SPANISH TRAIL LODGE,700 N ALAMO ST,0,0,0,0,0
19101918,DAYS INN,11922 N L ST,1,1,1,1,1
19102137,COMFORT SUITES,1211 E WINTERGREEN RD,1,1,1,1,1
19102478,HALL ARTS HOTEL,1717 LEONARD ST,1,1,1,1,1
19102494,HILL COUNTRY INN & SUITES,302 W BUSINESS 190,1,1,1,1,1
19105250,HYATT PLACE,5400 BAGBY AVE,1,1,1,1,1
19115605,THE KATY IN VICTORY PARK APARTMENTS,3111 N HOUSTON ST,0,1,1,0,1
19117123,STAYBRIDGE SUITES,1110 ARROW POINT DR,1,1,1,1,1
19120395,VALUE INN,4407 27TH ST,0,1,1,0,0
19120445,LOTUS INN,11510 BAMMEL NORTH HOUSTON RD,0,0,0,0,0
19120447,SCOTTISH INNS,15700 KUYKENDAHL RD,1,0,1,1,0
19120479,LA QUINTA KATY MILLS,5303 KATY MILLS CIR,1,0,1,1,0
19120529,LAQUINTA INN & SUITES,2550 STATE HIGHWAY 121,1,0,1,1,0
19120904,THE WESTIN HOUSTON MEDICAL CENTER,1709 DRYDEN RD,1,1,1,1,1
19121206,SCOTTISH INNS,2400 SE LOOP 820,1,1,1,0,0
19121299,HOLIDAY INN EXPRESS & SUITES HOUSTON NORTH,1010 FM 1960 RD,1,1,1,1,1
19125378,HILTON GARDEN INN,10350 N CENTRAL EXPY,1,1,1,1,1
19260352,TRU BY HILTON FORT WORTH FOSSIL CREEK,6200 OLD DENTON RD,1,1,1,1,1
19270981,TOWNPLACE SUITES BY MARRIOT NW SA AT THE RIM,17934 LA CANTERA PKWY,1,1,1,1,1
19270985,TOWNEPLACE SUITES PLANO,545K N AVENUE,1,1,1,1,1
19280878,"SUMMIT PECOS WSS, LLC",109 LINCOLN ST,1,1,1,1,1
19331102,EAGLE'S DEN SUITES,2530 NW MUSTANG DR,0,0,0,0,0
19386686,SCOTTUSH INN & SUITES,8151 BAYWAY DR,1,0,1,1,0
19387079,EXECUTIVE RESIDENCY BY BEST WESTERN,9305 S PADRE ISLAND DR,1,1,1,1,1
19414528,AUSTIN MARRIOTT DOWNTOWN,304 E CESAR CHAVEZ ST,1,1,1,1,1
19414719,FAIRFIELD INN & SUITES,22010 SOUTHWEST FWY,1,1,1,1,1
19414747,TOWNEPLACE SUITES,6807 W INTERSTATE 40,1,1,1,1,1
19625065,SONDER USA INC,7510 BROMPTON ST,0,0,0,0,0
19625302,CANDLEWOOD SUITES DFW WEST HURST,803 W HARWOOD RD,1,1,1,1,1
19625399,CANDLEWOOD SUITES,2009 US HIGHWAY 181,1,1,1,1,1
19625434,HOLIDAY EXPRESS INN & SUITES,600 N STEMMONS ST,1,1,1,1,1
19646914,PALACE INN,12700 EAST FWY,1,1,1,1,1
19673808,TRU BY HILTON,200 ERNSTES RD,1,1,1,1,1
19694219,HOME 2/TRU BY HILTON,2570 STATE HIGHWAY 121,1,1,1,1,1
19723162,CARTER CREEK WINERY RESORT & SPA,4064 W US HIGHWAY 290,0,0,0,0,0
19735056,MONTE CARLO INN,12500 NORTH FWY,0,0,0,0,0
19749383,MARINER MOTEL,1602 SEAWALL BLVD,0,0,0,0,0
19749463,TRAVEL INN,2202 W OVERLAND TRL,1,0,1,1,0
19764654,SANDS MOTEL,807 E BROADWAY,0,0,0,0,0
19770002,8711 NORTH SAM HOUSTON,8711 N SAM HOUSTON PKWY E,1,1,1,1,1
19770019,HOTEL VIN,215 E DALLAS RD,1,1,1,1,1
19780588,LA QUINTA INN & SUITES,2901 63RD ST,1,0,1,1,0
19799956,CANOPY HOTEL FRISCO,4455 FRISCO GREEN AVE,1,1,1,1,1
19811990,CRYSTAL INN,5006 NORTH FWY,1,1,1,1,1
19820807,COURTYARD BY MARRIOTT,6700 PADRE BLVD,1,1,1,1,1
19825230,EXECUTIVE INN,1919 HIGHWAY 16 S,0,0,0,0,0
19827221,RED ROOF INN,8833 STATE HWY 146,1,1,1,1,1
19856588,OYO HOUSE LEASEHOLD LLC,2660 MARILEE LN,1,1,1,0,1
19856611,OYO HOUSE LEASEHOLD LLC,1307 WILCREST DR,1,1,1,0,0
19856669,OYO HOUSTON LEASEHOLD LLC,2700 S ASHFORD RD,1,1,1,1,1
19856960,OYO HOUSTON LEASEHOLD LLC,2801 BROADMEAD DR,1,1,1,0,0
19865397,WHYHOTEL,1515 AUSTIN ST,0,0,0,0,0
19866235,SPRINGHILL SUITES DALLAS DFW AIRPORT SOUTH/CENTER,4360 HIGHWAY 360,1,1,1,1,1
19870197,HOME2SUITES LEWISVILLE DALLAS,450 E CORPORATE DR,1,1,1,1,1
19904280,HYATT PLACE AMARILLO,8985 W AMARILLO BLVD,1,1,1,1,1
19917254,BUDGET INN,308 COLLEGE AVE,0,0,0,0,0
19949385,OYO ALICE,815 S US HIGHWAY 281,0,0,0,0,0
19976228,OYO HOUSE LEASEHOLD LLC,2235 WINROCK BLVD,1,1,1,0,0
19976233,OYO HOUSTON LEASEHOLD LLC,6434 ELLA LEE LN,1,1,1,0,0
20000293,HAMPTON INN,2201 CAMP DR,1,0,1,1,0
20001551,HAMPTON INN AND SUITES - KELLER,200 TOWN CENTER LN,1,1,1,1,1
20020156,HOME 2 SUITES,2106 S 31ST ST,1,1,1,1,1
20020842,"COMFORT SUITES, MIDLAND",5606 WESTRIDGE BLVD,1,1,1,0,1
20020855,ECONO LODGE INN & SUITES,19753 DEERBROOK PARK BLVD,1,1,1,1,1
20020877,COMFORT SUITES,4630 HITT DR,1,1,1,1,1
20028106,PALACE INN BLUE- IAH,17900 HIGHWAY 59 N,1,1,1,1,1
20051777,HOLIDAY INN EXPRESS SPRING,21606 SPRING PLAZA DR,1,1,1,1,1
20051870,CASA LINDA MOTEL,3215 BROADWAY ST,0,0,0,0,0
20055505,TEXAS TIMESHARE IN LAKEWAY,100 STAR ST,1,1,1,0,0
20074682,KASA ELLISON APARTMENTS,5065 AMESBURY DR,1,1,1,0,0
20099021,SPRINGHILL SUITES BY MARRIOTT-DALLAS RICHARDSON,18180 HIGHLAND SPRINGS WAY,1,1,1,1,1
20113129,TRU BY HILTON,1520 N STATE HIGHWAY 360,1,1,1,1,1
20160557,HOTEL MAGDALENA,1101 MUSIC LN,0,0,0,0,0
20187015,CANOPY BY HILTON,604 W 6TH ST,1,1,1,1,1
20246095,THE PLAZA HOTEL PIONEER PARK,106 W MILLS AVE,0,0,0,0,0
20264497,CRYSTAL INN,954 W MOUNT HOUSTON RD,1,1,1,0,0
20282572,COBBLESTONE HOTEL & SUITES,1400 N US HIGHWAY 385,1,1,1,1,1
20296939,BLUE WATER COURTS MOTEL,2838 E HIGHWAY 332,0,1,1,0,0
20301992,LONE STAR INN,1600 US 287,0,0,0,0,0
20302054,HYATT PLACE- DOWNTOWN,1114 TEXAS ST,1,1,1,1,1
20302775,AMERICAS INN & SUITES,8711 CYPRESS CREEK PKWY,0,0,0,0,0
20303470,MUSTANG INN,11014 S SAM HOUSTON PKWY W,0,0,0,0,0
20309842,SONDER USA INC,401 LOUISIANA ST,0,0,0,0,0
20342582,SONDER USA INC,5927 ALMEDA RD,0,0,0,0,0
20346753,PITTSBURG EXECUTIVE INN,949 N GREER BLVD,0,0,0,0,0
20356106,SONDER USA INC,1221 S CONGRESS AVE APT 1237,0,0,0,0,0
20356443,CLASSIC INN,921 N INTERSTATE 35,0,0,0,0,0
20361903,TARGET LOGISTICS MANAGEMENT LLC,23 COUNTY RD 116,0,0,0,0,0
20376404,KERMIT LODGE,549 E HIGHWAY 115,0,0,0,0,0
20392610,SURESTAY HOTEL,802 PARK ST,1,1,1,1,1
20403465,EXPRESS INN,3220 1ST ST,0,0,0,0,0
20404750,STRATUS SUITES,404 S FORT HOOD ST,0,1,1,0,1
20409393,HAWTHORN SUITES,1607 S STOCKTON AVE,1,1,1,1,1
20805940,HOME2 SUITES BY HILTON,411 W TRENTON RD,1,1,1,1,1
20811955,LAQUINTA TEXAS CITY,2900 GULF FWY,1,0,1,1,0
20812228,GARDEN INN & SUITES,229 S INTERSTATE 35,0,0,0,0,0
20818950,KERMIT NORTH LODGE,514 E DALLAS ST,0,0,0,0,0
20831907,TRU/HOME 2 BY HILTON,7120 ROSSON LN,1,1,1,1,1
20831938,HILTON GARDEN INN HARLINGEN,751 HARLINGEN HTS DR,1,1,1,1,1
20831949,BENTWATER COUNTRY CLUB ON LAKE CONROE #495,800 BENTWATER DR,0,0,0,0,0
20834195,GREENTREE INN & SUITES,7902 MOSLEY RD,0,0,0,0,0
20854189,PALACE INN,15025 MESA DR,1,1,1,0,0
20869942,SPRINGHILL SUITES WACO,115 S JACK KULTGEN EXPY,1,1,1,1,1
20888541,TRU BY HILTON,2408 MARKETPLACE DR,1,1,1,1,1
20949321,PECOS NORTH LODGE,2310 TEAGUE LN,0,0,0,0,0
20970052,BEACH HOUSE CONDOMINIUMS II #502,3400 GULF BLVD # 502,0,0,0,0,0
20979111,HOME 2 SUITES BY HILTON,5274 S PADRE ISLAND DR,1,1,1,1,1
21002829,SONDER USA INC,2060 WHITIS AVE,0,0,0,0,0
21006422,DRURY INN & SUTIES SAN ANTONIO RIVERWALK,201 N SAINT MARYS ST,1,1,1,1,1
21009028,KASA MUSE AT THE MUSEUM DISTRICT APARTMENTS,1301 RICHMOND AVE,1,1,1,0,0
21046864,FAIRFEILD INN LEAGUE CITY,1144 PINNACLE PARK DR,1,1,1,1,1
21071998,STUDIO 6,1332 KATY FORT BEND RD,1,1,1,1,1
21075907,TOWNEPLACE SUITES BY MARRIOT,1017 OUT POST DR,1,1,1,1,1
21092092,TRU BY HILTON,5252 MEMORIAL DR,1,1,1,1,1
21092411,EVEN HOTEL,18850 DAVID MEMORIAL DR,1,1,1,1,1
21092437,THE PITTMAN HOTEL,2551 ELM ST,1,1,1,1,1
21093032,"CAMTOD MIDLAND, LLC",401 E INTERSTATE 20,1,0,1,1,0
21096147,RESIDENCE INN WACO SOUTH,2424 MARKETPLACE DR,1,1,1,1,1
21144422,BAHIA MAR #112,6300 PADRE BLVD # 112,0,0,0,0,0
21151397,LAQUINTA INN & SUITES,2550 STATE HIGHWAY 121,1,0,1,1,0
21155325,HOTEL ROYALE,250 FM 1960 RD,0,0,0,0,0
21164794,SONDER USA INC,1508 BLODGETT ST,0,0,0,0,0
21164846,SONDER USA INC,1800 BROADWAY ST,0,0,0,0,0
21171074,COLTON HOUSE HOTEL,2510 S CONGRESS AVE,0,0,0,0,0
21174873,HOME2 - ODESSA,4015 BILLY HEXT RD,1,1,1,1,1
21176186,SONDER USA INC,11900 HOBBY HORSE CT,0,0,0,0,0
21181719,SONDER USA INC,3550 MAIN ST,0,0,0,0,0
21197660,SONDER USA INC,111 PROBANDT,1,1,1,0,0
21203570,ROYAL INN,150 STATE HIGHWAY 35 N,0,0,0,0,0
21203849,SONDER USA INC.,633 S SAINT MARYS ST,0,0,0,0,0
21206005,BEST WESTERN PLUS MID COUNTY,7550 ANCHOR DR,1,1,1,1,1
21224951,TRU BY HILTON ROCKWALL DALLAS,2600 SUMMER LEE DR,1,1,1,1,1
21229512,REY INN,8713 MINES RD,0,0,0,0,0
21237293,SONDER USA INC,214 BARTON SPRINGS RD,0,0,0,0,0
21240358,SONDER USS INC,3711 MEDICAL DR,1,1,1,1,1
21247368,WELCOME INN,3243 MERRIFIELD AVE,1,1,1,1,1
21248440,CHAMPIONS INN,20145 EASTWAY VILLAGE DR,0,0,0,0,0
21249925,"SUPERHOST NORTHLAKE HOTEL PARTNERS, LLC",13451 RACEWAY DR,1,1,1,1,1
21249936,KALAHARI RESORT,3001 KALAHARI BLVD,0,0,0,0,0
21253847,FAIRFIELD INN & SUITES,35527 HIGHWAY 290 BYP,1,1,1,1,1
21255104,DAYS INN & SUITES,1304 N HIGHWAY 14,0,0,0,0,0
21256736,"THE RANCH AT WALSTON SPRINGS, LLC",2001 AN COUNTY ROAD 156,0,0,0,0,0
21259010,SPRINGHILL SUITES BY MARRIOTEL PASO AIRPORT,1300 AIRWAY BLVD BLDG E,1,1,1,1,1
21266536,REGENCY INN,403 INTERSTATE HIGHWAY EAST,0,0,0,0,0
21266588,BANDERA MOTEL,1418 BANDERA RD,0,0,0,0,0
21266625,ECONOMY INN,6100 EAST 7TH ST.,0,0,0,0,0
21266630,RED CARPET INN,6161 GULF FWY,1,0,1,1,0
21268534,SONDER USA INC,1000 SAN MARCOS ST,0,0,0,0,0
21268598,SONDER USA INC.,2626 REAGAN ST,0,0,0,0,0
21268623,"11350 DALLAS HOLDINGS, LLC",11350 LYNDON B JOHNSON FWY,0,1,1,0,1
21268798,SEASIDE RV RESORT,4001 OLD HWY 146,0,0,0,0,0
21269209,SONDER USA INC,127 E RIVERSIDE DR,0,0,0,0,0
21269259,LONE STAR INN,1898 HIGHWAY 206,0,0,0,0,0
21277443,SUNRISE INN,1700 S WHEELER ST,0,0,0,0,0
21277798,LAKE LBJ INN,13813 FM W 1431,0,0,0,0,0
21278008,CANDLEWOOD SUITES - MIDLAND,5704 DEAUVILLE,1,1,1,1,1
21278377,PALACE INN CROSBY,14304 FM 2100 RD,1,1,1,1,1
21278466,THE WHITLEY APARTMENTS,301 BRAZOS ST,1,1,1,0,0
21278682,EMBASSY MOTEL,6123 S R L THORNTON FWY,0,0,0,0,0
21278952,MODERN MOTEL,3421 S PADRE ISLAND DR,0,0,0,0,0
21283724,COTTON COURT,1610 BROADWAY,0,0,0,0,0
21292663,BUDGET HOST INN & SUITES,1104 ZANDERSON AVE,1,1,1,1,1
21296495,THOMPSON DALLAS,205 N AKARD ST,0,0,0,0,0
21301832,PALISADE PALMS TW600,801 E BEACH DR,0,0,0,0,0
21309604,CAMBRIA HOTEL DALLAS- SOUTHLAKE,2104 E STATE HIGHWAY 114,1,1,1,0,1
21309715,LA ISLA #C105,150 PADRE BLVD # 105,0,0,0,0,0
21309784,ROCKDALE INN MOTEL,1200 W CAMERON AVE,1,1,1,0,0
21309865,SLEEP INN AND SUITES,35531 HIGHWAY 290 BYP,1,1,1,1,1
21310032,PADRE ISLAND RENTALS,3100 PADRE BLVD,0,0,0,0,0
21315931,SAPPHIRE CONDOMINIUMS,310A PADRE BLVD APT 1309,0,0,0,0,0
21320613,CASA DEL MAR 217,6102 SEAWALL BLVD # 217,0,0,0,0,0
21321100,DELUXE INN,1212 BROAD ST,0,1,1,0,1
21336957,WOODSPRING SUITES NORTH FT. WORTH TEXAS SPEEDWAY,12745 NORTH FWY,1,1,1,1,1
21341122,ABVI & RLIS,25633 KINGSLAND BLVD,1,1,1,1,1
21342730,HAMPTON INN & SUITES LUBBOCK UNIVERSITY/DOWNTOWN,2828 MARTHA SHARP FWY,1,1,1,1,1
21343072,HOME2 SUITES BY HILTON-AUSTIN/NEAR THE DOMAIN,2800 ESPERANZA XING,1,1,1,1,1
21345016,HOME 2 SUITES MIDLAND,4104 N BIG SPRING ST,1,1,1,1,1
21362620,HOME2 AND TRU BY HILTON,2681 PLAZA PKWY,1,1,1,1,1
21368211,LAQUINTA DEL SOL FRISCO,9595 JOHN W ELLIOTT DR,1,0,1,1,0
21371017,HILLSBORO INN,102 DYNASTY DR,1,1,1,1,1
21379008,KASA MOCKINGBIRD FLATS DALLAS APARTMENTS,5600 SMU BLVD,1,1,1,0,0
21379023,KASA CENTURY MEDICAL DISTRICT APARTMENTS,6162 MAPLE AVE,1,1,1,0,0
21379041,KASA ARRIVE WEST END APARTMENTS,800 ROSS AVE,1,1,1,0,0
21379058,AMCI FRISCO CROSSING,7255 TEXAS RANGERS DR,1,1,1,0,0
21379127,KASA AVENUE R APARTMENTS,5455 RICHMOND AVE,1,1,1,0,0
21379551,HOTEL SOLARA,9109 GULF FWY,0,1,1,0,1
21393316,MIRO,2225 N HARWOOD ST,1,1,1,0,0
21397848,"OM MOTEL HOSPITALITY, LLC",1633 W STAMFORD ST,1,1,1,1,1
21405257,HYATT PLACE ROCKWALL,1600 LA JOLLA POINTE DR,1,1,1,1,1
21408568,KASA 101 CENTER APARTMENTS,101 S CENTER ST,1,1,1,0,0
21423067,"LIVELY BEACH MANAGEMENT, LLC.",138 ZAHN RD,0,0,0,0,0
21506225,KEMAH EDGEWATER HOTEL,3636 NASA PKWY,0,0,0,0,0
21527153,SONDER USA INC,1211 E 5TH ST,0,0,0,0,0
22974206,HOMEWOOD SUITES,3750 BARGAIN WAY,1,1,1,1,1
23022745,LA QUINTA INN & SUITES,8687 E R L THORNTON FWY,0,0,0,0,0
23037557,COURTYARD BY MARRIOTT SAN MARCOS,625 COMMERCIAL LOOP,1,1,1,1,1
23044054,SUPER 8,8926 WEST RD,1,1,1,1,1
23044868,CANDLEWOOD SUITES - ODESSA,4001 BILLY HEXT RD,1,1,1,1,1
23092521,RESIDENCE INN LUBBOCK UNIVERSITY,2415 3RD ST,1,1,1,1,1
23100551,PADRE ISLAND RENTALS,3100 PADRE BLVD,0,0,0,0,0
23115152,THOMPSON DALLAS,205 N AKARD ST,0,0,0,0,0
23163506,MOTEL 6,100 S INTERSTATE HIGHWAY 45,1,1,1,0,0
23165177,WILDFLOWER INN,2117 N ESPLANADE ST,0,0,0,0,0
23168363,DAYS INN,453 N SUNSET STRIP ST,0,0,0,0,0
23169432,SONDER USA INC,5201 MEMORIAL DR,0,1,1,0,1
23174274,WYNDHAM GARDEN COLLEGE STATION,2829 TEXAS AVE S,1,0,1,1,0
23178856,"HOTEL LUCY ON PEARL, LLC",530 E PEARL ST,0,1,1,0,1
23205135,TXJC05,5029 CHIMENY VALLEY RD,0,0,0,0,0
23211113,MOTEL 6,748 HOT WELLS BLVD,1,1,1,1,1
